# tracker_enabled,true
# target_guids,78a5b761-49c0-49b0-ba39-0c23a1ea12f7
# sample_rate_hz,10
# sample_interval_seconds,0.100000001
# machine_integrity_source,Sum(Modding.Blocks.Block.Health) / Sum(Modding.Blocks.Block.MaxHealth) over PlayerMachine.SimulationBlocks
# machine_health_sum_source,Sum(Modding.Blocks.Block.Health) over PlayerMachine.SimulationBlocks
# input_keys_held_source,UnityEngine.Input.GetKey over keyboard KeyCode values at sample time
# input_keys_down_source,UnityEngine.Input.GetKeyDown over keyboard KeyCode values since previous sample
# input_keys_up_source,UnityEngine.Input.GetKeyUp over keyboard KeyCode values since previous sample
# output_basename,MinimumCostOrbitalOpposedPair_260910_000944
sample_index,target_index,target_guid,target_name,elapsed_seconds,unity_time_seconds,input_keys_held,input_keys_down,input_keys_up,machine_integrity,machine_block_health_sum,machine_block_max_health_sum,machine_block_count,machine_cluster_count,target_block_health,target_block_max_health,x,y,z,rot_w,rot_x,rot_y,rot_z
0,0,78a5b761-49c0-49b0-ba39-0c23a1ea12f7,StartingBlock,0,3604.54541,Space,,,1,0,0,3,1,0,0,0,5,0,1,0,0,0
1,0,78a5b761-49c0-49b0-ba39-0c23a1ea12f7,StartingBlock,0.104492188,3604.6499,,,Space,1,0,0,3,1,0,0,-1.47054542E-14,4.97804832,2.7471895E-08,1,5.23267031E-13,-9.40575475E-08,7.82820753E-11
2,0,78a5b761-49c0-49b0-ba39-0c23a1ea12f7,StartingBlock,0.204589844,3604.75,,,,1,0,0,3,1,0,0,-3.97023081E-09,5.18098211,4.95066423E-08,1,1.60496924E-07,-9.82342172E-08,7.22951867E-08
3,0,78a5b761-49c0-49b0-ba39-0c23a1ea12f7,StartingBlock,0.304443359,3604.84985,,,,1,0,0,3,1,0,0,0.000152821245,5.92379713,3.87990696E-07,0.99999994,6.19265222E-07,-9.36972953E-08,-0.000432936591
4,0,78a5b761-49c0-49b0-ba39-0c23a1ea12f7,StartingBlock,0.404541016,3604.94995,,,,1,0,0,3,1,0,0,0.000827330863,7.20599174,1.68905285E-06,0.99999994,1.39840745E-06,-9.90873943E-08,-0.000439978146
5,0,78a5b761-49c0-49b0-ba39-0c23a1ea12f7,StartingBlock,0.504394531,3605.0498,,,,1,0,0,3,1,0,0,0.00205550925,9.02162647,5.14979774E-06,0.99999994,2.48825017E-06,-9.71303891E-08,-0.000440074771
6,0,78a5b761-49c0-49b0-ba39-0c23a1ea12f7,StartingBlock,0.604492188,3605.1499,Q,Q,,1,0,0,3,1,0,0,0.00663191499,11.2514591,1.16938518E-05,0.997083247,3.77824313E-06,1.06926649E-07,-0.0763220936
7,0,78a5b761-49c0-49b0-ba39-0c23a1ea12f7,StartingBlock,0.704589844,3605.25,Q,,,1,0,0,3,1,0,0,0.0667115822,13.5840712,2.07639769E-05,0.967439353,4.91739502E-06,3.40697369E-07,-0.253103107
8,0,78a5b761-49c0-49b0-ba39-0c23a1ea12f7,StartingBlock,0.804443359,3605.34985,Q,,,1,0,0,3,1,0,0,0.286440551,15.9567995,3.28093447E-05,0.901729584,5.77189257E-06,2.5833512E-07,-0.432300717
9,0,78a5b761-49c0-49b0-ba39-0c23a1ea12f7,StartingBlock,0.904541016,3605.44995,,,Q,1,0,0,3,1,0,0,0.763459325,18.2904015,4.81241295E-05,0.806458354,6.2300046E-06,-2.2894632E-07,-0.59129101
10,0,78a5b761-49c0-49b0-ba39-0c23a1ea12f7,StartingBlock,1.00439453,3605.5498,,,,1,0,0,3,1,0,0,1.85325193,20.5840321,7.0265407E-05,0.794766486,6.6175603E-06,-2.06934737E-06,-0.606915414
11,0,78a5b761-49c0-49b0-ba39-0c23a1ea12f7,StartingBlock,1.10449219,3605.6499,,,,1,0,0,3,1,0,0,3.67386198,22.8375549,0.000102237638,0.794805348,7.22349068E-06,-4.20527203E-06,-0.606864452
12,0,78a5b761-49c0-49b0-ba39-0c23a1ea12f7,StartingBlock,1.20458984,3605.75,,,,1,0,0,3,1,0,0,6.21384192,25.0515289,0.000146627339,0.794806004,8.05728178E-06,-6.52368863E-06,-0.606863618
13,0,78a5b761-49c0-49b0-ba39-0c23a1ea12f7,StartingBlock,1.30444336,3605.84985,Q,Q,,1,0,0,3,1,0,0,9.45451927,27.2250538,0.000206129916,0.787847281,9.19162812E-06,-8.88960767E-06,-0.615870655
14,0,78a5b761-49c0-49b0-ba39-0c23a1ea12f7,StartingBlock,1.40454102,3605.94995,,,Q,1,0,0,3,1,0,0,13.1321144,29.2662563,0.000277102459,0.698595405,1.1161661E-05,-1.03004295E-05,-0.715516925
15,0,78a5b761-49c0-49b0-ba39-0c23a1ea12f7,StartingBlock,1.50439453,3606.0498,,,,1,0,0,3,1,0,0,17.4537544,31.0677547,0.000368402631,0.691133976,1.17508407E-05,-1.34198663E-05,-0.722726703
16,0,78a5b761-49c0-49b0-ba39-0c23a1ea12f7,StartingBlock,1.60449219,3606.1499,,,,1,0,0,3,1,0,0,22.4961281,32.6049194,0.00048618947,0.691102743,1.2442164E-05,-1.68877395E-05,-0.722756624
17,0,78a5b761-49c0-49b0-ba39-0c23a1ea12f7,StartingBlock,1.70458984,3606.25,,,,1,0,0,3,1,0,0,28.2443962,33.8816948,0.000634465658,0.691102147,1.33648537E-05,-2.05760807E-05,-0.722757161
18,0,78a5b761-49c0-49b0-ba39-0c23a1ea12f7,StartingBlock,1.80444336,3606.34985,,,,1,0,0,3,1,0,0,34.6886368,34.9020004,0.000817976892,0.691102445,1.44897613E-05,-2.44639541E-05,-0.722756922
19,0,78a5b761-49c0-49b0-ba39-0c23a1ea12f7,StartingBlock,1.90454102,3606.44995,,,,1,0,0,3,1,0,0,41.819809,35.6695595,0.00104181876,0.691100121,1.58130642E-05,-2.85604929E-05,-0.722759068
20,0,78a5b761-49c0-49b0-ba39-0c23a1ea12f7,StartingBlock,2.00439453,3606.5498,,,,1,0,0,3,1,0,0,49.6287918,36.1879578,0.00131139206,0.691099524,1.73718545E-05,-3.28869464E-05,-0.722759664
21,0,78a5b761-49c0-49b0-ba39-0c23a1ea12f7,StartingBlock,2.10449219,3606.6499,,,,1,0,0,3,1,0,0,58.1063805,36.4606743,0.00163264701,0.69110024,1.91234703E-05,-3.74089941E-05,-0.722759008
22,0,78a5b761-49c0-49b0-ba39-0c23a1ea12f7,StartingBlock,2.20458984,3606.75,,,,1,0,0,3,1,0,0,67.2432785,36.4911423,0.00201184256,0.69109714,2.11170263E-05,-4.21021323E-05,-0.722761929
23,0,78a5b761-49c0-49b0-ba39-0c23a1ea12f7,StartingBlock,2.30444336,3606.84985,,,,1,0,0,3,1,0,0,77.0301361,36.2827377,0.00245551975,0.691095591,2.33031114E-05,-4.70042069E-05,-0.72276336
24,0,78a5b761-49c0-49b0-ba39-0c23a1ea12f7,StartingBlock,2.40454102,3606.94995,,,,1,0,0,3,1,0,0,87.4575119,35.838829,0.00297067268,0.691091001,2.57391475E-05,-5.21131951E-05,-0.72276777
25,0,78a5b761-49c0-49b0-ba39-0c23a1ea12f7,StartingBlock,2.50439453,3607.0498,,,,1,0,0,3,1,0,0,98.5159454,35.1628075,0.00356466509,0.691092014,2.83619011E-05,-5.74029291E-05,-0.722766817
26,0,78a5b761-49c0-49b0-ba39-0c23a1ea12f7,StartingBlock,2.60449219,3607.1499,,,,1,0,0,3,1,0,0,110.195953,34.2581253,0.00424518948,0.691093206,3.11599106E-05,-6.28926064E-05,-0.722765684
27,0,78a5b761-49c0-49b0-ba39-0c23a1ea12f7,StartingBlock,2.70458984,3607.25,,,,1,0,0,3,1,0,0,122.48806,33.1283035,0.00502014905,0.691092193,3.41575724E-05,-6.85771447E-05,-0.722766697
28,0,78a5b761-49c0-49b0-ba39-0c23a1ea12f7,StartingBlock,2.80444336,3607.34985,,,,1,0,0,3,1,0,0,135.382874,31.7769756,0.0058979555,0.691084027,3.7373251E-05,-7.4455842E-05,-0.722774506
29,0,78a5b761-49c0-49b0-ba39-0c23a1ea12f7,StartingBlock,2.90454102,3607.44995,,,,1,0,0,3,1,0,0,148.871017,30.2078896,0.00688720075,0.69109571,4.07776533E-05,-8.05234158E-05,-0.72276336
30,0,78a5b761-49c0-49b0-ba39-0c23a1ea12f7,StartingBlock,3.00439453,3607.5498,,,,1,0,0,3,1,0,0,162.943283,28.4249592,0.00799683295,0.691091299,4.43878416E-05,-8.67775889E-05,-0.722767472
31,0,78a5b761-49c0-49b0-ba39-0c23a1ea12f7,StartingBlock,3.10449219,3607.6499,,,,1,0,0,3,1,0,0,177.590683,26.4322701,0.00923616998,0.691092193,4.81911447E-05,-9.32457406E-05,-0.722766697
32,0,78a5b761-49c0-49b0-ba39-0c23a1ea12f7,StartingBlock,3.20458984,3607.75,Q,Q,,1,0,0,3,1,0,0,192.742935,24.2359562,0.0106019191,0.656977355,5.65205046E-05,-9.75163202E-05,-0.753910303
33,0,78a5b761-49c0-49b0-ba39-0c23a1ea12f7,StartingBlock,3.30444336,3607.84985,,,Q,1,0,0,3,1,0,0,208.119156,21.798872,0.0120486263,0.557892978,7.05967032E-05,-9.75021176E-05,-0.829912901
34,0,78a5b761-49c0-49b0-ba39-0c23a1ea12f7,StartingBlock,3.40454102,3607.94995,,,,1,0,0,3,1,0,0,223.967026,18.9332638,0.0136548812,0.555297136,7.20825337E-05,-0.000105874278,-0.831652105
35,0,78a5b761-49c0-49b0-ba39-0c23a1ea12f7,StartingBlock,3.50439453,3608.0498,Q,Q,,1,0,0,3,1,0,0,240.299988,15.6203785,0.0154370172,0.55174911,7.38906238E-05,-0.000114353737,-0.834010124
36,0,78a5b761-49c0-49b0-ba39-0c23a1ea12f7,StartingBlock,3.60449219,3608.1499,Q,,,1,0,0,3,1,0,0,256.861115,11.9558659,0.0173322596,0.429757595,8.99053339E-05,-0.000112091606,-0.902944326
37,0,78a5b761-49c0-49b0-ba39-0c23a1ea12f7,StartingBlock,3.70458984,3608.25,,,Q,1,0,0,3,1,0,0,273.584167,7.81127977,0.0193500146,0.368330479,9.47170556E-05,-0.000115826777,-0.92969501
38,0,78a5b761-49c0-49b0-ba39-0c23a1ea12f7,StartingBlock,3.80444336,3608.34985,,Q,,1,0,0,3,1,0,0,290.545105,3.03326249,0.0215389002,0.311173171,9.88292522E-05,-0.00012022382,-0.950353265
39,0,78a5b761-49c0-49b0-ba39-0c23a1ea12f7,StartingBlock,3.90454102,3608.44995,,,Q,1,0,0,3,1,0,0,307.610474,-2.3498497,0.0238729753,0.272049278,9.87727108E-05,-0.000126485596,-0.962283373
40,0,78a5b761-49c0-49b0-ba39-0c23a1ea12f7,StartingBlock,4.00439453,3608.5498,,,,1,0,0,3,1,0,0,324.841125,-8.50880146,0.0264096688,0.271989971,9.37655059E-05,-0.000137139155,-0.962300062
41,0,78a5b761-49c0-49b0-ba39-0c23a1ea12f7,StartingBlock,4.10449219,3608.6499,Q,Q,,1,0,0,3,1,0,0,342.220428,-15.4164696,0.0291535389,0.2610659,9.04946719E-05,-0.0001470102,-0.965321004
42,0,78a5b761-49c0-49b0-ba39-0c23a1ea12f7,StartingBlock,4.20458984,3608.75,,,Q,1,0,0,3,1,0,0,359.577881,-22.8304462,0.032018315,0.119259596,0.000104749168,-0.000143554105,-0.992863119
43,0,78a5b761-49c0-49b0-ba39-0c23a1ea12f7,StartingBlock,4.30444336,3608.84985,,,,1,0,0,3,1,0,0,376.845337,-30.962738,0.0350533947,0.101059549,9.83092468E-05,-0.000152021486,-0.994880378
44,0,78a5b761-49c0-49b0-ba39-0c23a1ea12f7,StartingBlock,4.40454102,3608.94995,,,,1,0,0,3,1,0,0,394.015045,-39.9278297,0.0383007117,0.100994967,8.92412427E-05,-0.000162658733,-0.994886935
45,0,78a5b761-49c0-49b0-ba39-0c23a1ea12f7,StartingBlock,4.50439453,3609.0498,,,,1,0,0,3,1,0,0,411.084137,-49.7119751,0.0417714827,0.100995116,8.02733339E-05,-0.000173568624,-0.994886935
46,0,78a5b761-49c0-49b0-ba39-0c23a1ea12f7,StartingBlock,4.60449219,3609.1499,Q,Q,,1,0,0,3,1,0,0,428.051178,-60.3047485,0.0454783849,0.100989133,7.13900445E-05,-0.00018474675,-0.994887531
47,0,78a5b761-49c0-49b0-ba39-0c23a1ea12f7,StartingBlock,4.70458984,3609.25,,,Q,1,0,0,3,1,0,0,444.858643,-71.472908,0.0493443199,-0.0254165642,8.47931442E-05,-0.00018572509,-0.999677002
48,0,78a5b761-49c0-49b0-ba39-0c23a1ea12f7,StartingBlock,4.80444336,3609.34985,,,,1,0,0,3,1,0,0,461.378113,-83.2902298,0.0533906929,-0.0543460138,7.73367428E-05,-0.000193104584,-0.998522162
49,0,78a5b761-49c0-49b0-ba39-0c23a1ea12f7,StartingBlock,4.90454102,3609.44995,,,,1,0,0,3,1,0,0,477.556244,-95.9057388,0.0576806702,-0.0544379763,6.4433043E-05,-0.00020317336,-0.998517156
50,0,78a5b761-49c0-49b0-ba39-0c23a1ea12f7,StartingBlock,5.00439453,3609.5498,,,,1,0,0,3,1,0,0,493.392792,-109.303001,0.0622254759,-0.054436367,5.15895808E-05,-0.000213523032,-0.998517275
51,0,78a5b761-49c0-49b0-ba39-0c23a1ea12f7,StartingBlock,5.10449219,3609.6499,,,,1,0,0,3,1,0,0,508.888275,-123.471863,0.0670390576,-0.0544239245,3.88019325E-05,-0.000224133881,-0.998517871
52,0,78a5b761-49c0-49b0-ba39-0c23a1ea12f7,StartingBlock,5.20458984,3609.75,,,,1,0,0,3,1,0,0,524.04303,-138.4021,0.0721355528,-0.0544336885,2.60443448E-05,-0.00023499268,-0.998517394
53,0,78a5b761-49c0-49b0-ba39-0c23a1ea12f7,StartingBlock,5.30444336,3609.84985,,,,1,0,0,3,1,0,0,538.857361,-154.08345,0.0775292069,-0.0544456989,1.33829335E-05,-0.00024614553,-0.998516738
54,0,78a5b761-49c0-49b0-ba39-0c23a1ea12f7,StartingBlock,5.40454102,3609.94995,,,,1,0,0,3,1,0,0,553.331543,-170.505783,0.0832346529,-0.0544370227,7.69688768E-07,-0.000257600768,-0.998517215
55,0,78a5b761-49c0-49b0-ba39-0c23a1ea12f7,StartingBlock,5.50439453,3610.0498,,,,1,0,0,3,1,0,0,567.465942,-187.658997,0.0892667919,-0.054429315,-1.17624541E-05,-0.000269288925,-0.998517632
56,0,78a5b761-49c0-49b0-ba39-0c23a1ea12f7,StartingBlock,5.60449219,3610.1499,,,,1,0,0,3,1,0,0,581.260986,-205.532806,0.0956405848,-0.0544290356,-2.42728984E-05,-0.000281231652,-0.998517632
57,0,78a5b761-49c0-49b0-ba39-0c23a1ea12f7,StartingBlock,5.70458984,3610.25,,,,1,0,0,3,1,0,0,594.717224,-224.116776,0.102371231,-0.0543960482,-3.67134489E-05,-0.000293472724,-0.998519361
58,0,78a5b761-49c0-49b0-ba39-0c23a1ea12f7,StartingBlock,5.80444336,3610.34985,,,,1,0,0,3,1,0,0,607.835266,-243.400848,0.109474264,-0.0543898791,-4.91064493E-05,-0.000306014175,-0.998519778
59,0,78a5b761-49c0-49b0-ba39-0c23a1ea12f7,StartingBlock,5.90454102,3610.44995,,,,1,0,0,3,1,0,0,620.616028,-263.374878,0.116965547,-0.0544063859,-6.14245146E-05,-0.000318820588,-0.998518825
60,0,78a5b761-49c0-49b0-ba39-0c23a1ea12f7,StartingBlock,6.00439453,3610.5498,,,,1,0,0,3,1,0,0,633.060425,-284.028809,0.12486127,-0.054399766,-7.3730771E-05,-0.000331926858,-0.998519242
61,0,78a5b761-49c0-49b0-ba39-0c23a1ea12f7,StartingBlock,6.10449219,3610.6499,Q,,,1,0,0,3,1,0,0,645.169739,-305.352631,0.133177891,-0.054389149,-8.59424108E-05,-0.000345312088,-0.998519778
62,0,78a5b761-49c0-49b0-ba39-0c23a1ea12f7,StartingBlock,6.20458984,3610.75,,Q,,1,0,0,3,1,0,0,656.959167,-327.149719,0.141800493,-0.163043529,-6.03927547E-05,-0.000366327906,-0.986618817
63,0,78a5b761-49c0-49b0-ba39-0c23a1ea12f7,StartingBlock,6.30444336,3610.84985,,,Q,1,0,0,3,1,0,0,668.31073,-349.367859,0.150742486,-0.208678588,-6.04138077E-05,-0.000379855454,-0.97798425
64,0,78a5b761-49c0-49b0-ba39-0c23a1ea12f7,StartingBlock,6.40454102,3610.94995,,,,1,0,0,3,1,0,0,679.102234,-372.178772,0.160176113,-0.208795086,-7.78316244E-05,-0.000390934583,-0.977959335
65,0,78a5b761-49c0-49b0-ba39-0c23a1ea12f7,StartingBlock,6.50439453,3611.0498,,,,1,0,0,3,1,0,0,689.340027,-395.562988,0.170110598,-0.208803147,-9.52835035E-05,-0.000402235164,-0.977957606
66,0,78a5b761-49c0-49b0-ba39-0c23a1ea12f7,StartingBlock,6.60449219,3611.1499,,,,1,0,0,3,1,0,0,699.028687,-419.512024,0.180563509,-0.208814517,-0.000112689064,-0.000413827773,-0.977955163
67,0,78a5b761-49c0-49b0-ba39-0c23a1ea12f7,StartingBlock,6.70458984,3611.25,,,,1,0,0,3,1,0,0,708.172974,-444.017731,0.191552997,-0.208817124,-0.000130077373,-0.000425697246,-0.977954566
68,0,78a5b761-49c0-49b0-ba39-0c23a1ea12f7,StartingBlock,6.80444336,3611.34985,Q,Q,,1,0,0,3,1,0,0,716.834778,-468.934021,0.202963352,-0.298088282,-0.000107868036,-0.000448229403,-0.954538167
69,0,78a5b761-49c0-49b0-ba39-0c23a1ea12f7,StartingBlock,6.90454102,3611.44995,,,Q,1,0,0,3,1,0,0,724.964172,-494.116425,0.214729756,-0.357666075,-0.000101254052,-0.00046273123,-0.933849454
70,0,78a5b761-49c0-49b0-ba39-0c23a1ea12f7,StartingBlock,7.00439453,3611.5498,Q,Q,,1,0,0,3,1,0,0,732.4021,-519.670227,0.227033019,-0.400502741,-0.00010216931,-0.00047550688,-0.916295409
71,0,78a5b761-49c0-49b0-ba39-0c23a1ea12f7,StartingBlock,7.10449219,3611.6499,,,Q,1,0,0,3,1,0,0,739.257446,-545.377808,0.239667758,-0.482002199,-8.39555723E-05,-0.000487899873,-0.87616986
72,0,78a5b761-49c0-49b0-ba39-0c23a1ea12f7,StartingBlock,7.20458984,3611.75,,,,1,0,0,3,1,0,0,745.269348,-571.328552,0.252880931,-0.48230055,-0.000110078865,-0.000491539598,-0.876005769
73,0,78a5b761-49c0-49b0-ba39-0c23a1ea12f7,StartingBlock,7.30444336,3611.84985,Q,Q,,1,0,0,3,1,0,0,750.490479,-597.479919,0.266631752,-0.522235274,-0.000113633752,-0.00050052302,-0.852801323
74,0,78a5b761-49c0-49b0-ba39-0c23a1ea12f7,StartingBlock,7.40454102,3611.94995,,,Q,1,0,0,3,1,0,0,755.165649,-623.626892,0.280621618,-0.647187054,-6.41827428E-05,-0.000512555649,-0.762331128
75,0,78a5b761-49c0-49b0-ba39-0c23a1ea12f7,StartingBlock,7.50439453,3612.0498,,,,1,0,0,3,1,0,0,758.989319,-649.715149,0.295061767,-0.655631721,-8.89743023E-05,-0.000508165453,-0.7550807
76,0,78a5b761-49c0-49b0-ba39-0c23a1ea12f7,StartingBlock,7.60449219,3612.1499,,,,1,0,0,3,1,0,0,761.884888,-675.729248,0.310026765,-0.655653298,-0.00011942735,-0.000503296673,-0.755062044
77,0,78a5b761-49c0-49b0-ba39-0c23a1ea12f7,StartingBlock,7.70458984,3612.25,Q,Q,,1,0,0,3,1,0,0,763.943848,-701.654724,0.325458914,-0.70012033,-0.000119649761,-0.000505608099,-0.714024782
78,0,78a5b761-49c0-49b0-ba39-0c23a1ea12f7,StartingBlock,7.80444336,3612.34985,,,Q,1,0,0,3,1,0,0,765.429199,-727.391174,0.341100276,-0.786220551,-8.56913248E-05,-0.000506882265,-0.61794579
79,0,78a5b761-49c0-49b0-ba39-0c23a1ea12f7,StartingBlock,7.90454102,3612.44995,,,,1,0,0,3,1,0,0,766.051758,-752.782959,0.357150733,-0.788150549,-0.000116201416,-0.000493042869,-0.615482271
80,0,78a5b761-49c0-49b0-ba39-0c23a1ea12f7,StartingBlock,8.00439453,3612.5498,Q,,,1,0,0,3,1,0,0,765.79126,-777.808044,0.373646617,-0.788160205,-0.000148407751,-0.00047914256,-0.615469992
81,0,78a5b761-49c0-49b0-ba39-0c23a1ea12f7,StartingBlock,8.10449219,3612.6499,,Q,Q,1,0,0,3,1,0,0,764.785889,-802.488403,0.390495598,-0.826742411,-0.000149429266,-0.000473395485,-0.562580526
82,0,78a5b761-49c0-49b0-ba39-0c23a1ea12f7,StartingBlock,8.20458984,3612.75,,,,1,0,0,3,1,0,0,762.974609,-826.731018,0.407755494,-0.827558815,-0.000181066687,-0.000456458336,-0.561378777
83,0,78a5b761-49c0-49b0-ba39-0c23a1ea12f7,StartingBlock,8.30444336,3612.84985,,,,1,0,0,3,1,0,0,760.332153,-850.513794,0.425473064,-0.827548265,-0.000213451087,-0.000439537544,-0.561394393
84,0,78a5b761-49c0-49b0-ba39-0c23a1ea12f7,StartingBlock,8.40454102,3612.94995,,,,1,0,0,3,1,0,0,756.865967,-873.838806,0.443672389,-0.827554345,-0.000245904695,-0.000422790414,-0.561385512
85,0,78a5b761-49c0-49b0-ba39-0c23a1ea12f7,StartingBlock,8.50439453,3613.0498,,,,1,0,0,3,1,0,0,752.582275,-896.708008,0.462378055,-0.827543318,-0.0002785018,-0.000406290346,-0.561401784
86,0,78a5b761-49c0-49b0-ba39-0c23a1ea12f7,StartingBlock,8.60449219,3613.1499,,,,1,0,0,3,1,0,0,747.487671,-919.123169,0.48161447,-0.827534854,-0.000311182754,-0.00039004453,-0.561414063
87,0,78a5b761-49c0-49b0-ba39-0c23a1ea12f7,StartingBlock,8.70458984,3613.25,,,,1,0,0,3,1,0,0,741.588684,-941.085938,0.501406193,-0.827532351,-0.000343977212,-0.000373992458,-0.561417818
88,0,78a5b761-49c0-49b0-ba39-0c23a1ea12f7,StartingBlock,8.80444336,3613.34985,,,,1,0,0,3,1,0,0,734.891541,-962.597961,0.521777451,-0.827546239,-0.000376859331,-0.000358148158,-0.561397433
89,0,78a5b761-49c0-49b0-ba39-0c23a1ea12f7,StartingBlock,8.90454102,3613.44995,,,,1,0,0,3,1,0,0,727.401855,-983.6604,0.54275316,-0.827521205,-0.000409871747,-0.000342484302,-0.56143415
90,0,78a5b761-49c0-49b0-ba39-0c23a1ea12f7,StartingBlock,9.00439453,3613.5498,,,,1,0,0,3,1,0,0,719.125488,-1004.27435,0.564357698,-0.827523172,-0.000442932418,-0.000327051035,-0.561431348
91,0,78a5b761-49c0-49b0-ba39-0c23a1ea12f7,StartingBlock,9.10449219,3613.6499,,,,1,0,0,3,1,0,0,710.068359,-1024.44104,0.586615622,-0.827560484,-0.000476109417,-0.000311790529,-0.561376214
92,0,78a5b761-49c0-49b0-ba39-0c23a1ea12f7,StartingBlock,9.20458984,3613.75,,,,1,0,0,3,1,0,0,700.236206,-1044.16089,0.609550893,-0.827570856,-0.000509289734,-0.00029684318,-0.561361074
93,0,78a5b761-49c0-49b0-ba39-0c23a1ea12f7,StartingBlock,9.30444336,3613.84985,,,,1,0,0,3,1,0,0,689.634521,-1063.43481,0.63318795,-0.827616274,-0.000542637601,-0.000282056601,-0.561294019
94,0,78a5b761-49c0-49b0-ba39-0c23a1ea12f7,StartingBlock,9.40454102,3613.94995,,,,1,0,0,3,1,0,0,678.269165,-1082.26318,0.657550752,-0.827644885,-0.000576051883,-0.000267518888,-0.56125176
95,0,78a5b761-49c0-49b0-ba39-0c23a1ea12f7,StartingBlock,9.50439453,3614.0498,,,,1,0,0,3,1,0,0,666.145874,-1100.64624,0.682663083,-0.827605009,-0.000609624956,-0.000253080187,-0.561310649
96,0,78a5b761-49c0-49b0-ba39-0c23a1ea12f7,StartingBlock,9.60449219,3614.1499,,,,1,0,0,3,1,0,0,653.269653,-1118.58435,0.70854944,-0.827572048,-0.000643320265,-0.000238850873,-0.561359227
97,0,78a5b761-49c0-49b0-ba39-0c23a1ea12f7,StartingBlock,9.70458984,3614.25,,,,1,0,0,3,1,0,0,639.646057,-1136.07739,0.735233545,-0.827634394,-0.000677090138,-0.000224925519,-0.561267078
98,0,78a5b761-49c0-49b0-ba39-0c23a1ea12f7,StartingBlock,9.80444336,3614.34985,,,,1,0,0,3,1,0,0,625.28064,-1153.12549,0.762739241,-0.827568233,-0.000710962166,-0.000211098552,-0.56136477
99,0,78a5b761-49c0-49b0-ba39-0c23a1ea12f7,StartingBlock,9.90454102,3614.44995,,,,1,0,0,3,1,0,0,610.179138,-1169.72827,0.791089594,-0.827471554,-0.000744814577,-0.000197498448,-0.561507165
100,0,78a5b761-49c0-49b0-ba39-0c23a1ea12f7,StartingBlock,10.0043945,3614.5498,,,,1,0,0,3,1,0,0,594.346863,-1185.88562,0.820308328,-0.827492118,-0.000778728281,-0.000184162069,-0.561476767
101,0,78a5b761-49c0-49b0-ba39-0c23a1ea12f7,StartingBlock,10.1044922,3614.6499,,,,1,0,0,3,1,0,0,577.78949,-1201.59729,0.850418746,-0.827464402,-0.000812669634,-0.000170952626,-0.561517656
102,0,78a5b761-49c0-49b0-ba39-0c23a1ea12f7,StartingBlock,10.2045898,3614.75,,,,1,0,0,3,1,0,0,560.513,-1216.86267,0.881443262,-0.827438951,-0.000846700801,-0.000157860501,-0.561555088
103,0,78a5b761-49c0-49b0-ba39-0c23a1ea12f7,StartingBlock,10.3044434,3614.84985,,,,1,0,0,3,1,0,0,542.523376,-1231.68164,0.913403928,-0.827405989,-0.000880805484,-0.000144958161,-0.561603606
104,0,78a5b761-49c0-49b0-ba39-0c23a1ea12f7,StartingBlock,10.404541,3614.94995,Q,,,1,0,0,3,1,0,0,523.826721,-1246.05334,0.946323037,-0.82740134,-0.000915077631,-0.000132244793,-0.561610341
105,0,78a5b761-49c0-49b0-ba39-0c23a1ea12f7,StartingBlock,10.5043945,3615.0498,,Q,Q,1,0,0,3,1,0,0,504.605896,-1260.04028,0.979914069,-0.883769453,-0.000930374779,-0.000218657762,-0.467921704
106,0,78a5b761-49c0-49b0-ba39-0c23a1ea12f7,StartingBlock,10.6044922,3615.1499,,,,1,0,0,3,1,0,0,484.896332,-1273.51941,1.01433396,-0.896560192,-0.000958285003,-0.000223938594,-0.442920923
107,0,78a5b761-49c0-49b0-ba39-0c23a1ea12f7,StartingBlock,10.7045898,3615.25,,,,1,0,0,3,1,0,0,464.595703,-1286.36426,1.04991972,-0.896571875,-0.000992692076,-0.000202886178,-0.442897022
108,0,78a5b761-49c0-49b0-ba39-0c23a1ea12f7,StartingBlock,10.8044434,3615.34985,,,,1,0,0,3,1,0,0,443.715363,-1298.57764,1.08668172,-0.896540821,-0.00102727546,-0.000182151387,-0.442959964
109,0,78a5b761-49c0-49b0-ba39-0c23a1ea12f7,StartingBlock,10.904541,3615.44995,Q,Q,,1,0,0,3,1,0,0,422.293213,-1310.18408,1.12456024,-0.910571933,-0.00105600746,-0.000195701083,-0.413349241
110,0,78a5b761-49c0-49b0-ba39-0c23a1ea12f7,StartingBlock,11.0043945,3615.5498,,,Q,1,0,0,3,1,0,0,400.575073,-1321.31067,1.16305721,-0.953515291,-0.00105961878,-0.000294983183,-0.301342845
111,0,78a5b761-49c0-49b0-ba39-0c23a1ea12f7,StartingBlock,11.1044922,3615.6499,,,,1,0,0,3,1,0,0,378.473297,-1331.6781,1.20280516,-0.954384208,-0.00109153986,-0.000267445226,-0.298579156
112,0,78a5b761-49c0-49b0-ba39-0c23a1ea12f7,StartingBlock,11.2045898,3615.75,,,,1,0,0,3,1,0,0,355.986908,-1341.25159,1.24389744,-0.954387784,-0.00112432672,-0.000236913431,-0.298567861
113,0,78a5b761-49c0-49b0-ba39-0c23a1ea12f7,StartingBlock,11.3044434,3615.84985,,,,1,0,0,3,1,0,0,333.122131,-1350.0332,1.28635156,-0.954403937,-0.00115721789,-0.000206631186,-0.298516035
114,0,78a5b761-49c0-49b0-ba39-0c23a1ea12f7,StartingBlock,11.404541,3615.94995,,,,1,0,0,3,1,0,0,309.884888,-1358.02405,1.33018601,-0.954428732,-0.00119026634,-0.00017646802,-0.298436612
115,0,78a5b761-49c0-49b0-ba39-0c23a1ea12f7,StartingBlock,11.5043945,3616.0498,,,,1,0,0,3,1,0,0,286.281311,-1365.2262,1.37541878,-0.954425275,-0.00122334249,-0.000146506398,-0.29844752
116,0,78a5b761-49c0-49b0-ba39-0c23a1ea12f7,StartingBlock,11.6044922,3616.1499,,,,1,0,0,3,1,0,0,262.31781,-1371.64124,1.42206621,-0.954423249,-0.00125648244,-0.000116720716,-0.298453867
117,0,78a5b761-49c0-49b0-ba39-0c23a1ea12f7,StartingBlock,11.7045898,3616.25,,,,1,0,0,3,1,0,0,238.000778,-1377.27124,1.47014534,-0.954410613,-0.00128959992,-8.73044555E-05,-0.298494071
118,0,78a5b761-49c0-49b0-ba39-0c23a1ea12f7,StartingBlock,11.8044434,3616.34985,,,,1,0,0,3,1,0,0,213.336929,-1382.11865,1.5196712,-0.954430044,-0.00132289738,-5.79576881E-05,-0.298431993
119,0,78a5b761-49c0-49b0-ba39-0c23a1ea12f7,StartingBlock,11.904541,3616.44995,,,,1,0,0,3,1,0,0,188.333145,-1386.18506,1.57065904,-0.954428494,-0.0013562789,-2.88127194E-05,-0.298436552
120,0,78a5b761-49c0-49b0-ba39-0c23a1ea12f7,StartingBlock,12.0043945,3616.5498,,,,1,0,0,3,1,0,0,162.996124,-1389.47266,1.62312412,-0.954423487,-0.00138982304,4.97170731E-08,-0.298452646
121,0,78a5b761-49c0-49b0-ba39-0c23a1ea12f7,StartingBlock,12.1044922,3616.6499,,,,1,0,0,3,1,0,0,137.332855,-1391.98364,1.67708135,-0.954428136,-0.00142353564,2.87686416E-05,-0.298437446
122,0,78a5b761-49c0-49b0-ba39-0c23a1ea12f7,StartingBlock,12.2045898,3616.75,,,,1,0,0,3,1,0,0,111.350502,-1393.72107,1.73254478,-0.954384267,-0.00145720271,5.70372758E-05,-0.298577636
123,0,78a5b761-49c0-49b0-ba39-0c23a1ea12f7,StartingBlock,12.3044434,3616.84985,,Q,,1,0,0,3,1,0,0,85.0702591,-1394.70715,1.78946042,-0.960507274,-0.00149250811,5.40289184E-05,-0.278251171
124,0,78a5b761-49c0-49b0-ba39-0c23a1ea12f7,StartingBlock,12.404541,3616.94995,,,Q,1,0,0,3,1,0,0,58.5816917,-1395.00342,1.84761441,-0.968398154,-0.00152666448,4.0628147E-05,-0.249404758
125,0,78a5b761-49c0-49b0-ba39-0c23a1ea12f7,StartingBlock,12.5043945,3617.0498,,,,1,0,0,3,1,0,0,31.8572903,-1394.48669,1.90740943,-0.968387365,-0.00155978836,7.22517943E-05,-0.249446362
126,0,78a5b761-49c0-49b0-ba39-0c23a1ea12f7,StartingBlock,12.6044922,3617.1499,,,,1,0,0,3,1,0,0,4.90932369,-1393.16699,1.96888626,-0.968408048,-0.00159314321,0.000103881925,-0.249366045
127,0,78a5b761-49c0-49b0-ba39-0c23a1ea12f7,StartingBlock,12.7045898,3617.25,,,,1,0,0,3,1,0,0,-22.2548561,-1391.04834,2.03230715,-0.968397498,-0.00162652659,0.000135093476,-0.249406531
128,0,78a5b761-49c0-49b0-ba39-0c23a1ea12f7,StartingBlock,12.8044434,3617.34985,Q,Q,,1,0,0,3,1,0,0,-49.6100464,-1388.16931,2.09741306,-0.976064384,-0.0016643058,0.000111685411,-0.217475399
129,0,78a5b761-49c0-49b0-ba39-0c23a1ea12f7,StartingBlock,12.904541,3617.44995,,,Q,1,0,0,3,1,0,0,-76.969696,-1384.78284,2.16314983,-0.997546673,-0.00169528613,-0.000100781705,-0.0699845254
130,0,78a5b761-49c0-49b0-ba39-0c23a1ea12f7,StartingBlock,13.0043945,3617.5498,,,,1,0,0,3,1,0,0,-104.262497,-1380.60327,2.2304635,-0.998234808,-0.00172154466,-7.46974692E-05,-0.0593662262
131,0,78a5b761-49c0-49b0-ba39-0c23a1ea12f7,StartingBlock,13.1044922,3617.6499,,,,1,0,0,3,1,0,0,-131.46785,-1375.54785,2.29965258,-0.998232424,-0.00174908061,-3.0975687E-05,-0.0594061427
132,0,78a5b761-49c0-49b0-ba39-0c23a1ea12f7,StartingBlock,13.2045898,3617.75,,,,1,0,0,3,1,0,0,-158.580307,-1369.625,2.37071967,-0.99823451,-0.00177677965,1.26834057E-05,-0.0593704619
133,0,78a5b761-49c0-49b0-ba39-0c23a1ea12f7,StartingBlock,13.3044434,3617.84985,,,,1,0,0,3,1,0,0,-185.595123,-1362.84082,2.44367695,-0.998232961,-0.00180453691,5.61543784E-05,-0.0593946911
134,0,78a5b761-49c0-49b0-ba39-0c23a1ea12f7,StartingBlock,13.404541,3617.94995,E,E,,1,0,0,3,1,0,0,-212.507614,-1355.20105,2.51853704,-0.998231232,-0.00183241675,9.93871945E-05,-0.0594229065
135,0,78a5b761-49c0-49b0-ba39-0c23a1ea12f7,StartingBlock,13.5043945,3618.0498,,,,1,0,0,3,1,0,0,-239.296021,-1346.94165,2.59446645,-0.982728601,-0.00183188904,0.00037126118,-0.185043335
136,0,78a5b761-49c0-49b0-ba39-0c23a1ea12f7,StartingBlock,13.6044922,3618.1499,,,E,1,0,0,3,1,0,0,-266.095612,-1338.07837,2.67143536,-0.972810209,-0.00184499973,0.000489139813,-0.231596127
137,0,78a5b761-49c0-49b0-ba39-0c23a1ea12f7,StartingBlock,13.7045898,3618.25,,,,1,0,0,3,1,0,0,-293.037231,-1328.44263,2.7501018,-0.972795367,-0.00187856704,0.0005195142,-0.231658086
138,0,78a5b761-49c0-49b0-ba39-0c23a1ea12f7,StartingBlock,13.8044434,3618.34985,,,,1,0,0,3,1,0,0,-320.113495,-1318.05164,2.8304441,-0.972806931,-0.00191234553,0.000549358432,-0.231609136
139,0,78a5b761-49c0-49b0-ba39-0c23a1ea12f7,StartingBlock,13.904541,3618.44995,Q,Q,,1,0,0,3,1,0,0,-347.291168,-1306.96667,2.91226816,-0.982447147,-0.00197015353,0.000489223108,-0.186530203
140,0,78a5b761-49c0-49b0-ba39-0c23a1ea12f7,StartingBlock,14.0043945,3618.5498,Q,,,1,0,0,3,1,0,0,-374.386505,-1295.46692,2.99452734,-0.999875367,-0.00205783034,0.000180594361,-0.0156551432
141,0,78a5b761-49c0-49b0-ba39-0c23a1ea12f7,StartingBlock,14.1044922,3618.6499,Q,,,1,0,0,3,1,0,0,-401.269348,-1283.58728,3.07714415,-0.984724939,-0.00208068686,-0.000164187542,0.174105033
142,0,78a5b761-49c0-49b0-ba39-0c23a1ea12f7,StartingBlock,14.2045898,3618.75,,,Q,1,0,0,3,1,0,0,-427.806122,-1271.33972,3.16014767,-0.939486325,-0.00203417405,-0.000463242963,0.34258008
143,0,78a5b761-49c0-49b0-ba39-0c23a1ea12f7,StartingBlock,14.3044434,3618.84985,,,,1,0,0,3,1,0,0,-453.687927,-1258.51624,3.24458981,-0.935472429,-0.00203134259,-0.000421997975,0.353393704
144,0,78a5b761-49c0-49b0-ba39-0c23a1ea12f7,StartingBlock,14.404541,3618.94995,,,,1,0,0,3,1,0,0,-478.841248,-1245.07776,3.33072305,-0.935480773,-0.00203372142,-0.00035698415,0.35337165
145,0,78a5b761-49c0-49b0-ba39-0c23a1ea12f7,StartingBlock,14.5043945,3619.0498,,,,1,0,0,3,1,0,0,-503.270874,-1231.0321,3.41856933,-0.935522377,-0.00203644973,-0.000292589655,0.35326153
146,0,78a5b761-49c0-49b0-ba39-0c23a1ea12f7,StartingBlock,14.6044922,3619.1499,,,,1,0,0,3,1,0,0,-526.97998,-1216.38464,3.50816107,-0.935528457,-0.00203934638,-0.0002282942,0.353245556
147,0,78a5b761-49c0-49b0-ba39-0c23a1ea12f7,StartingBlock,14.7045898,3619.25,,,,1,0,0,3,1,0,0,-549.972107,-1201.14099,3.59952998,-0.935560465,-0.00204264047,-0.00016424265,0.353160679
148,0,78a5b761-49c0-49b0-ba39-0c23a1ea12f7,StartingBlock,14.8044434,3619.34985,,,,1,0,0,3,1,0,0,-572.250854,-1185.30652,3.69270825,-0.935582161,-0.00204586564,-9.98687756E-05,0.353103161
149,0,78a5b761-49c0-49b0-ba39-0c23a1ea12f7,StartingBlock,14.904541,3619.44995,,,,1,0,0,3,1,0,0,-593.819885,-1168.88647,3.78772783,-0.935634971,-0.002049495,-3.59966434E-05,0.352963179
150,0,78a5b761-49c0-49b0-ba39-0c23a1ea12f7,StartingBlock,15.0043945,3619.5498,Q,Q,,1,0,0,3,1,0,0,-614.690796,-1151.89502,3.88457489,-0.931567192,-0.00205316977,4.69419774E-06,0.363563538
151,0,78a5b761-49c0-49b0-ba39-0c23a1ea12f7,StartingBlock,15.1044922,3619.6499,Q,,,1,0,0,3,1,0,0,-635.045654,-1134.56885,3.98212671,-0.866202354,-0.00203308114,-0.000238333872,0.499689281
152,0,78a5b761-49c0-49b0-ba39-0c23a1ea12f7,StartingBlock,15.2045898,3619.75,,,Q,1,0,0,3,1,0,0,-654.784058,-1117.02368,4.08015251,-0.819568515,-0.00199066871,-0.000343337771,0.572977781
153,0,78a5b761-49c0-49b0-ba39-0c23a1ea12f7,StartingBlock,15.3044434,3619.84985,,,,1,0,0,3,1,0,0,-673.607666,-1099.2146,4.1793623,-0.819677472,-0.00197337288,-0.000272639038,0.572821975
154,0,78a5b761-49c0-49b0-ba39-0c23a1ea12f7,StartingBlock,15.404541,3619.94995,,,,1,0,0,3,1,0,0,-691.525879,-1081.1532,4.27975607,-0.819599032,-0.00195591641,-0.000202013383,0.572934151
155,0,78a5b761-49c0-49b0-ba39-0c23a1ea12f7,StartingBlock,15.5043945,3620.0498,Q,Q,,1,0,0,3,1,0,0,-708.651245,-1062.88513,4.38101625,-0.773512423,-0.00191955944,-0.000278846535,0.633778155
156,0,78a5b761-49c0-49b0-ba39-0c23a1ea12f7,StartingBlock,15.6044922,3620.1499,,,Q,1,0,0,3,1,0,0,-725.174561,-1044.56653,4.48229885,-0.695387483,-0.00184597669,-0.000425723934,0.718632579
157,0,78a5b761-49c0-49b0-ba39-0c23a1ea12f7,StartingBlock,15.7045898,3620.25,,,,1,0,0,3,1,0,0,-740.771667,-1026.2821,4.58403206,-0.694371104,-0.00180952367,-0.000357080949,0.719614804
158,0,78a5b761-49c0-49b0-ba39-0c23a1ea12f7,StartingBlock,15.8044434,3620.34985,,,,1,0,0,3,1,0,0,-755.433411,-1008.04584,4.6862464,-0.694405019,-0.0017746957,-0.000286556053,0.71958214
159,0,78a5b761-49c0-49b0-ba39-0c23a1ea12f7,StartingBlock,15.904541,3620.44995,Q,Q,,1,0,0,3,1,0,0,-769.187805,-989.858398,4.78893566,-0.67914921,-0.00173409551,-0.000252474943,0.733998239
160,0,78a5b761-49c0-49b0-ba39-0c23a1ea12f7,StartingBlock,16.0043945,3620.5498,,,Q,1,0,0,3,1,0,0,-782.332825,-971.740234,4.89143991,-0.568037987,-0.00164117035,-0.000424399128,0.82300061
161,0,78a5b761-49c0-49b0-ba39-0c23a1ea12f7,StartingBlock,16.1044922,3620.6499,,,,1,0,0,3,1,0,0,-794.678406,-953.879639,4.99373388,-0.559374034,-0.00158451172,-0.000374335388,0.828913808
162,0,78a5b761-49c0-49b0-ba39-0c23a1ea12f7,StartingBlock,16.2045898,3620.75,,,,1,0,0,3,1,0,0,-806.159302,-936.332214,5.09587049,-0.559407592,-0.00153250794,-0.000307201466,0.828891277
163,0,78a5b761-49c0-49b0-ba39-0c23a1ea12f7,StartingBlock,16.3044434,3620.84985,,,,1,0,0,3,1,0,0,-816.780457,-919.098145,5.19789219,-0.559412181,-0.00148037251,-0.000239730449,0.828888297
164,0,78a5b761-49c0-49b0-ba39-0c23a1ea12f7,StartingBlock,16.404541,3620.94995,,,,1,0,0,3,1,0,0,-826.545776,-902.17749,5.29984188,-0.559456348,-0.00142879027,-0.000172336819,0.828858614
165,0,78a5b761-49c0-49b0-ba39-0c23a1ea12f7,StartingBlock,16.5043945,3621.0498,,,,1,0,0,3,1,0,0,-835.459167,-885.570496,5.40176344,-0.559499502,-0.0013774758,-0.000104903665,0.828829587
166,0,78a5b761-49c0-49b0-ba39-0c23a1ea12f7,StartingBlock,16.6044922,3621.1499,,,,1,0,0,3,1,0,0,-843.524292,-869.277161,5.5036993,-0.559507489,-0.00132642023,-3.75219861E-05,0.828824222
167,0,78a5b761-49c0-49b0-ba39-0c23a1ea12f7,StartingBlock,16.7045898,3621.25,E,E,,1,0,0,3,1,0,0,-850.881409,-853.23761,5.60548258,-0.633568406,-0.00127253158,0.000149859072,0.773685634
168,0,78a5b761-49c0-49b0-ba39-0c23a1ea12f7,StartingBlock,16.8044434,3621.34985,E,,,1,0,0,3,1,0,0,-857.775146,-837.289612,5.7068572,-0.763428152,-0.00118615304,0.000444247038,0.645891488
169,0,78a5b761-49c0-49b0-ba39-0c23a1ea12f7,StartingBlock,16.904541,3621.44995,,,E,1,0,0,3,1,0,0,-864.213379,-821.312012,5.80798626,-0.869254172,-0.00106514094,0.000719942094,0.494363755
170,0,78a5b761-49c0-49b0-ba39-0c23a1ea12f7,StartingBlock,17.0043945,3621.5498,,,,1,0,0,3,1,0,0,-869.960327,-805.037659,5.90975142,-0.878768086,-0.00104746735,0.000803834177,0.477247328
171,0,78a5b761-49c0-49b0-ba39-0c23a1ea12f7,StartingBlock,17.1044922,3621.6499,,,,1,0,0,3,1,0,0,-874.935913,-788.374939,6.01248217,-0.878723443,-0.00104486081,0.000866866088,0.477329373
172,0,78a5b761-49c0-49b0-ba39-0c23a1ea12f7,StartingBlock,17.2045898,3621.75,,,,1,0,0,3,1,0,0,-879.14624,-771.328491,6.1162014,-0.878711462,-0.00104213925,0.000930537761,0.477351427
173,0,78a5b761-49c0-49b0-ba39-0c23a1ea12f7,StartingBlock,17.3044434,3621.84985,,,,1,0,0,3,1,0,0,-882.593872,-753.901489,6.22093868,-0.878673136,-0.00103984762,0.00099368766,0.477421671
174,0,78a5b761-49c0-49b0-ba39-0c23a1ea12f7,StartingBlock,17.404541,3621.94995,,,,1,0,0,3,1,0,0,-885.281067,-736.097412,6.32672405,-0.878675103,-0.00103775319,0.001056863,0.477418005
175,0,78a5b761-49c0-49b0-ba39-0c23a1ea12f7,StartingBlock,17.5043945,3622.0498,,,,1,0,0,3,1,0,0,-887.2099,-717.919556,6.43358326,-0.878652394,-0.00103605364,0.00111995265,0.47745958
176,0,78a5b761-49c0-49b0-ba39-0c23a1ea12f7,StartingBlock,17.6044922,3622.1499,,,,1,0,0,3,1,0,0,-888.382385,-699.371582,6.5415411,-0.878660619,-0.00103471638,0.00118277909,0.477444321
177,0,78a5b761-49c0-49b0-ba39-0c23a1ea12f7,StartingBlock,17.7045898,3622.25,,,,1,0,0,3,1,0,0,-888.800598,-680.457336,6.65062094,-0.878646076,-0.00103349611,0.00124574744,0.477470964
178,0,78a5b761-49c0-49b0-ba39-0c23a1ea12f7,StartingBlock,17.8044434,3622.34985,,,,1,0,0,3,1,0,0,-888.466553,-661.180847,6.76084185,-0.878647625,-0.00103250006,0.00130876701,0.477468014
179,0,78a5b761-49c0-49b0-ba39-0c23a1ea12f7,StartingBlock,17.904541,3622.44995,,,,1,0,0,3,1,0,0,-887.382324,-641.546448,6.87222338,-0.878653765,-0.00103168911,0.00137156516,0.47745651
180,0,78a5b761-49c0-49b0-ba39-0c23a1ea12f7,StartingBlock,18.0043945,3622.5498,Q,Q,,1,0,0,3,1,0,0,-885.569397,-621.571289,6.98470783,-0.868465126,-0.00106071157,0.00141221134,0.495747209
181,0,78a5b761-49c0-49b0-ba39-0c23a1ea12f7,StartingBlock,18.1044922,3622.6499,,,Q,1,0,0,3,1,0,0,-883.259583,-601.444153,7.09742212,-0.789251685,-0.00124613452,0.00131297938,0.614067256
182,0,78a5b761-49c0-49b0-ba39-0c23a1ea12f7,StartingBlock,18.2045898,3622.75,,,,1,0,0,3,1,0,0,-880.18866,-581.211548,7.21130323,-0.782815158,-0.00124333682,0.00136796362,0.62225157
183,0,78a5b761-49c0-49b0-ba39-0c23a1ea12f7,StartingBlock,18.3044434,3622.84985,,,,1,0,0,3,1,0,0,-876.270752,-560.883179,7.32667494,-0.782843292,-0.00122707989,0.00143567671,0.622215986
184,0,78a5b761-49c0-49b0-ba39-0c23a1ea12f7,StartingBlock,18.404541,3622.94995,,,,1,0,0,3,1,0,0,-871.509094,-540.46344,7.44354248,-0.782889962,-0.00121121528,0.00150306546,0.622157156
185,0,78a5b761-49c0-49b0-ba39-0c23a1ea12f7,StartingBlock,18.5043945,3623.0498,,,,1,0,0,3,1,0,0,-865.906433,-519.957092,7.56191111,-0.782884061,-0.00119572633,0.00157022569,0.622164488
186,0,78a5b761-49c0-49b0-ba39-0c23a1ea12f7,StartingBlock,18.6044922,3623.1499,,,,1,0,0,3,1,0,0,-859.466187,-499.368774,7.68178082,-0.782927334,-0.00118012843,0.00163772143,0.622110009
187,0,78a5b761-49c0-49b0-ba39-0c23a1ea12f7,StartingBlock,18.7045898,3623.25,Q,Q,,1,0,0,3,1,0,0,-852.250854,-478.718262,7.8029108,-0.753378868,-0.00124092959,0.00164931966,0.657583535
188,0,78a5b761-49c0-49b0-ba39-0c23a1ea12f7,StartingBlock,18.8044434,3623.34985,,,Q,1,0,0,3,1,0,0,-844.490173,-458.123383,7.9243989,-0.677823067,-0.00138808973,0.00157488207,0.735222101
189,0,78a5b761-49c0-49b0-ba39-0c23a1ea12f7,StartingBlock,18.904541,3623.44995,,,,1,0,0,3,1,0,0,-835.899109,-437.686523,8.04746056,-0.677115977,-0.00135898008,0.00164236012,0.735873342
190,0,78a5b761-49c0-49b0-ba39-0c23a1ea12f7,StartingBlock,19.0043945,3623.5498,,,,1,0,0,3,1,0,0,-826.46582,-417.424713,8.17215729,-0.677093029,-0.00132834422,0.00171122991,0.735894263
191,0,78a5b761-49c0-49b0-ba39-0c23a1ea12f7,StartingBlock,19.1044922,3623.6499,,,,1,0,0,3,1,0,0,-816.19397,-397.342773,8.29847622,-0.677116275,-0.00129825226,0.00177933299,0.735872746
192,0,78a5b761-49c0-49b0-ba39-0c23a1ea12f7,StartingBlock,19.2045898,3623.75,,,,1,0,0,3,1,0,0,-805.087585,-377.445709,8.42639923,-0.677157223,-0.00126814179,0.00184752385,0.735834956
193,0,78a5b761-49c0-49b0-ba39-0c23a1ea12f7,StartingBlock,19.3044434,3623.84985,,,,1,0,0,3,1,0,0,-793.151123,-357.738647,8.5559082,-0.677165627,-0.00123823539,0.00191546313,0.735827148
194,0,78a5b761-49c0-49b0-ba39-0c23a1ea12f7,StartingBlock,19.404541,3623.94995,Q,Q,,1,0,0,3,1,0,0,-780.389648,-338.227081,8.68697739,-0.677150369,-0.00120886823,0.00198260136,0.735841036
195,0,78a5b761-49c0-49b0-ba39-0c23a1ea12f7,StartingBlock,19.5043945,3624.0498,,,Q,1,0,0,3,1,0,0,-767.038269,-318.907593,8.8185339,-0.578764617,-0.00141939474,0.00188338873,0.815491259
196,0,78a5b761-49c0-49b0-ba39-0c23a1ea12f7,StartingBlock,19.6044922,3624.1499,,,,1,0,0,3,1,0,0,-753.05896,-299.93158,8.95093727,-0.555074811,-0.00142856908,0.00190700963,0.831797063
197,0,78a5b761-49c0-49b0-ba39-0c23a1ea12f7,StartingBlock,19.7045898,3624.25,,,,1,0,0,3,1,0,0,-738.320557,-281.399689,9.08489799,-0.555149496,-0.00138310855,0.00197190256,0.831747174
198,0,78a5b761-49c0-49b0-ba39-0c23a1ea12f7,StartingBlock,19.8044434,3624.34985,,,,1,0,0,3,1,0,0,-722.833801,-263.315857,9.22035217,-0.555121541,-0.00133741333,0.00203691213,0.831765711
199,0,78a5b761-49c0-49b0-ba39-0c23a1ea12f7,StartingBlock,19.904541,3624.44995,,,,1,0,0,3,1,0,0,-706.60498,-245.684998,9.35725212,-0.555104911,-0.00129179668,0.00210180576,0.831776738
200,0,78a5b761-49c0-49b0-ba39-0c23a1ea12f7,StartingBlock,20.0043945,3624.5498,,,,1,0,0,3,1,0,0,-689.640686,-228.512146,9.49554443,-0.555103242,-0.00124732871,0.00216637133,0.831777692
201,0,78a5b761-49c0-49b0-ba39-0c23a1ea12f7,StartingBlock,20.1044922,3624.6499,,,,1,0,0,3,1,0,0,-671.947937,-211.802475,9.63517475,-0.555095494,-0.00120273395,0.00223123911,0.831782758
202,0,78a5b761-49c0-49b0-ba39-0c23a1ea12f7,StartingBlock,20.2045898,3624.75,,,,1,0,0,3,1,0,0,-653.534424,-195.561203,9.77607918,-0.555095077,-0.00115854584,0.00229590782,0.831782997
203,0,78a5b761-49c0-49b0-ba39-0c23a1ea12f7,StartingBlock,20.3044434,3624.84985,,,,1,0,0,3,1,0,0,-634.408203,-179.79364,9.91819,-0.55508244,-0.00111528544,0.00236005033,0.831791282
204,0,78a5b761-49c0-49b0-ba39-0c23a1ea12f7,StartingBlock,20.404541,3624.94995,,,,1,0,0,3,1,0,0,-614.577881,-164.505264,10.0614319,-0.555094838,-0.00107206008,0.00242466503,0.831782877
205,0,78a5b761-49c0-49b0-ba39-0c23a1ea12f7,StartingBlock,20.5043945,3625.0498,,,,1,0,0,3,1,0,0,-594.052368,-149.701584,10.2057266,-0.555089414,-0.00102950807,0.00248913513,0.831786335
206,0,78a5b761-49c0-49b0-ba39-0c23a1ea12f7,StartingBlock,20.6044922,3625.1499,E,E,,1,0,0,3,1,0,0,-572.852478,-135.383499,10.3509235,-0.564487815,-0.00095826562,0.00256516668,0.825436831
207,0,78a5b761-49c0-49b0-ba39-0c23a1ea12f7,StartingBlock,20.7045898,3625.25,E,,,1,0,0,3,1,0,0,-551.250122,-121.427528,10.4953518,-0.682276547,-0.000522531685,0.00274227303,0.731088936
208,0,78a5b761-49c0-49b0-ba39-0c23a1ea12f7,StartingBlock,20.8044434,3625.34985,E,,,1,0,0,3,1,0,0,-529.360291,-107.700821,10.6379862,-0.807219982,2.19714948E-05,0.00285260403,0.590243816
209,0,78a5b761-49c0-49b0-ba39-0c23a1ea12f7,StartingBlock,20.904541,3625.44995,,,E,1,0,0,3,1,0,0,-507.209503,-94.08992,10.7782412,-0.905111194,0.000569432799,0.00285059167,0.425165087
210,0,78a5b761-49c0-49b0-ba39-0c23a1ea12f7,StartingBlock,21.0043945,3625.5498,,,,1,0,0,3,1,0,0,-484.644775,-80.3139267,10.9157982,-0.918366969,0.000650328118,0.00288031786,0.395718783
211,0,78a5b761-49c0-49b0-ba39-0c23a1ea12f7,StartingBlock,21.1044922,3625.6499,,,,1,0,0,3,1,0,0,-461.583801,-66.239769,11.05054,-0.918343604,0.000638100726,0.00292923697,0.395772636
212,0,78a5b761-49c0-49b0-ba39-0c23a1ea12f7,StartingBlock,21.2045898,3625.75,,E,E,1,0,0,3,1,0,0,-438.154785,-51.980793,11.1822109,-0.950916469,0.000894130266,0.00290600467,0.309432805
213,0,78a5b761-49c0-49b0-ba39-0c23a1ea12f7,StartingBlock,21.3044434,3625.84985,,,,1,0,0,3,1,0,0,-414.449646,-37.4768791,11.3101425,-0.958861411,0.000951790367,0.00292220223,0.28385818
214,0,78a5b761-49c0-49b0-ba39-0c23a1ea12f7,StartingBlock,21.404541,3625.94995,,,,1,0,0,3,1,0,0,-390.419708,-22.5856724,11.4340897,-0.958879173,0.000931552786,0.00296304421,0.283797592
215,0,78a5b761-49c0-49b0-ba39-0c23a1ea12f7,StartingBlock,21.5043945,3626.0498,,,,1,0,0,3,1,0,0,-366.078156,-7.3198967,11.5540686,-0.958879888,0.000911010837,0.00300355768,0.28379488
216,0,78a5b761-49c0-49b0-ba39-0c23a1ea12f7,StartingBlock,21.6044922,3626.1499,,,,1,0,0,3,1,0,0,-341.433838,8.31307411,11.670126,-0.958884239,0.000890328025,0.00304355868,0.283779979
217,0,78a5b761-49c0-49b0-ba39-0c23a1ea12f7,StartingBlock,21.7045898,3626.25,Q,Q,,1,0,0,3,1,0,0,-316.501587,24.297205,11.7823296,-0.955602527,0.000834916136,0.00309465313,0.294641495
218,0,78a5b761-49c0-49b0-ba39-0c23a1ea12f7,StartingBlock,21.8044434,3626.34985,,,,1,0,0,3,1,0,0,-291.431854,40.3736916,11.8908596,-0.900368273,0.000340581726,0.00322905951,0.435116619
219,0,78a5b761-49c0-49b0-ba39-0c23a1ea12f7,StartingBlock,21.904541,3626.44995,,,Q,1,0,0,3,1,0,0,-266.052155,56.5063438,11.9969149,-0.87808007,0.000175220208,0.00329375942,0.478502452
220,0,78a5b761-49c0-49b0-ba39-0c23a1ea12f7,StartingBlock,22.0043945,3626.5498,Q,Q,,1,0,0,3,1,0,0,-240.195618,72.7549438,12.1013594,-0.861922979,5.98924053E-05,0.00335034798,0.507028162
221,0,78a5b761-49c0-49b0-ba39-0c23a1ea12f7,StartingBlock,22.1044922,3626.6499,Q,,,1,0,0,3,1,0,0,-214.129517,88.9142456,12.2035513,-0.765946388,-0.000498228415,0.0033704876,0.64289546
222,0,78a5b761-49c0-49b0-ba39-0c23a1ea12f7,StartingBlock,22.2045898,3626.75,Q,,,1,0,0,3,1,0,0,-187.892761,104.850784,12.3038998,-0.630717039,-0.00111269101,0.00327745383,0.776005268
223,0,78a5b761-49c0-49b0-ba39-0c23a1ea12f7,StartingBlock,22.3044434,3626.84985,Q,,,1,0,0,3,1,0,0,-161.492126,120.448593,12.4029474,-0.470724404,-0.00168674707,0.00306796469,0.882273376
224,0,78a5b761-49c0-49b0-ba39-0c23a1ea12f7,StartingBlock,22.404541,3626.94995,,,Q,1,0,0,3,1,0,0,-134.939133,135.559326,12.501359,-0.33865726,-0.00205872301,0.00285093626,0.940903246
225,0,78a5b761-49c0-49b0-ba39-0c23a1ea12f7,StartingBlock,22.5043945,3627.0498,,,,1,0,0,3,1,0,0,-108.06427,149.856445,12.6015797,-0.335667998,-0.00200563925,0.00289767585,0.941973865
226,0,78a5b761-49c0-49b0-ba39-0c23a1ea12f7,StartingBlock,22.6044922,3627.1499,,,,1,0,0,3,1,0,0,-80.8621979,163.317612,12.7039185,-0.335682303,-0.00194444309,0.00295121851,0.94196862
227,0,78a5b761-49c0-49b0-ba39-0c23a1ea12f7,StartingBlock,22.7045898,3627.25,,,,1,0,0,3,1,0,0,-53.333786,175.955322,12.808507,-0.335683793,-0.0018843225,0.00300444057,0.941968083
228,0,78a5b761-49c0-49b0-ba39-0c23a1ea12f7,StartingBlock,22.8044434,3627.34985,,,,1,0,0,3,1,0,0,-25.4791546,187.781418,12.9154797,-0.335681081,-0.00182397524,0.0030575539,0.941968977
229,0,78a5b761-49c0-49b0-ba39-0c23a1ea12f7,StartingBlock,22.904541,3627.44995,,,,1,0,0,3,1,0,0,2.70119047,198.807312,13.0257578,-0.335676968,-0.00176434813,0.00311094802,0.941970408
230,0,78a5b761-49c0-49b0-ba39-0c23a1ea12f7,StartingBlock,23.0043945,3627.5498,,,,1,0,0,3,1,0,0,31.2091312,209.043991,13.1406832,-0.335684448,-0.00170481158,0.00316489022,0.941967666
231,0,78a5b761-49c0-49b0-ba39-0c23a1ea12f7,StartingBlock,23.1044922,3627.6499,Q,Q,,1,0,0,3,1,0,0,59.9483032,218.615051,13.2577429,-0.247377828,-0.00193136279,0.00305041694,0.968912363
232,0,78a5b761-49c0-49b0-ba39-0c23a1ea12f7,StartingBlock,23.2045898,3627.75,,,Q,1,0,0,3,1,0,0,88.7723694,227.543335,13.3757792,-0.185732797,-0.00204792432,0.00296991924,0.982593656
233,0,78a5b761-49c0-49b0-ba39-0c23a1ea12f7,StartingBlock,23.3044434,3627.84985,,,,1,0,0,3,1,0,0,117.732918,235.58374,13.4964428,-0.185545161,-0.00197453657,0.0030150977,0.98262924
234,0,78a5b761-49c0-49b0-ba39-0c23a1ea12f7,StartingBlock,23.404541,3627.94995,Q,Q,,1,0,0,3,1,0,0,146.825882,242.754517,13.6197834,-0.185534522,-0.0019005175,0.00306062563,0.982631147
235,0,78a5b761-49c0-49b0-ba39-0c23a1ea12f7,StartingBlock,23.5043945,3628.0498,Q,,,1,0,0,3,1,0,0,175.963104,249.272522,13.7443762,-0.0597996488,-0.00219799159,0.00284286728,0.998203933
236,0,78a5b761-49c0-49b0-ba39-0c23a1ea12f7,StartingBlock,23.6044922,3628.1499,,,Q,1,0,0,3,1,0,0,204.999908,255.174591,13.869482,0.0250643548,-0.00234261365,0.00267882645,0.999679506
237,0,78a5b761-49c0-49b0-ba39-0c23a1ea12f7,StartingBlock,23.7045898,3628.25,,,,1,0,0,3,1,0,0,233.869965,260.179932,13.9964571,0.025361428,-0.00225274055,0.00270687276,0.999672115
238,0,78a5b761-49c0-49b0-ba39-0c23a1ea12f7,StartingBlock,23.8044434,3628.34985,,,,1,0,0,3,1,0,0,262.572296,264.298798,14.1253862,0.0253708325,-0.00216206163,0.00273576472,0.999672055
239,0,78a5b761-49c0-49b0-ba39-0c23a1ea12f7,StartingBlock,23.904541,3628.44995,,,,1,0,0,3,1,0,0,291.112152,267.536987,14.256402,0.0253648311,-0.00207187049,0.0027648143,0.999672294
240,0,78a5b761-49c0-49b0-ba39-0c23a1ea12f7,StartingBlock,24.0043945,3628.5498,,,,1,0,0,3,1,0,0,319.49472,269.901428,14.3896227,0.0253559742,-0.00198249822,0.00279413676,0.999672651
241,0,78a5b761-49c0-49b0-ba39-0c23a1ea12f7,StartingBlock,24.1044922,3628.6499,,,,1,0,0,3,1,0,0,347.725067,271.398438,14.5251675,0.0253668241,-0.00189268962,0.00282369507,0.999672472
242,0,78a5b761-49c0-49b0-ba39-0c23a1ea12f7,StartingBlock,24.2045898,3628.75,Q,Q,,1,0,0,3,1,0,0,375.808167,272.033997,14.6631479,0.0253512319,-0.00180387043,0.00285352138,0.999672949
243,0,78a5b761-49c0-49b0-ba39-0c23a1ea12f7,StartingBlock,24.3044434,3628.84985,Q,,,1,0,0,3,1,0,0,403.750366,272.043732,14.8023424,0.15146108,-0.00205984991,0.00263438839,0.98845762
244,0,78a5b761-49c0-49b0-ba39-0c23a1ea12f7,StartingBlock,24.404541,3628.94995,,,Q,1,0,0,3,1,0,0,431.452606,271.579834,14.9416494,0.270136595,-0.00226084166,0.00237796409,0.962816417
245,0,78a5b761-49c0-49b0-ba39-0c23a1ea12f7,StartingBlock,24.5043945,3629.0498,Q,Q,,1,0,0,3,1,0,0,458.678802,270.389252,15.0818987,0.275278628,-0.0021689916,0.0023700262,0.961359143
246,0,78a5b761-49c0-49b0-ba39-0c23a1ea12f7,StartingBlock,24.6044922,3629.1499,Q,,,1,0,0,3,1,0,0,485.542908,268.703796,15.2221889,0.407106429,-0.00237201876,0.00204726006,0.913375437
247,0,78a5b761-49c0-49b0-ba39-0c23a1ea12f7,StartingBlock,24.7045898,3629.25,,,Q,1,0,0,3,1,0,0,511.925934,266.609406,15.3618135,0.467510045,-0.00239168876,0.00186391163,0.883982599
248,0,78a5b761-49c0-49b0-ba39-0c23a1ea12f7,StartingBlock,24.8044434,3629.34985,,,,1,0,0,3,1,0,0,537.586487,264.002655,15.5008259,0.467556834,-0.00227905461,0.00184083497,0.88395822
249,0,78a5b761-49c0-49b0-ba39-0c23a1ea12f7,StartingBlock,24.904541,3629.44995,,,,1,0,0,3,1,0,0,562.53656,260.896362,15.6392927,0.467532307,-0.00216654129,0.00181816262,0.883971453
250,0,78a5b761-49c0-49b0-ba39-0c23a1ea12f7,StartingBlock,25.0043945,3629.5498,,,,1,0,0,3,1,0,0,586.780579,257.292877,15.777317,0.467538238,-0.00205406151,0.00179546524,0.883968651
251,0,78a5b761-49c0-49b0-ba39-0c23a1ea12f7,StartingBlock,25.1044922,3629.6499,,,,1,0,0,3,1,0,0,610.322571,253.194397,15.9149961,0.467528373,-0.00194152375,0.00177290814,0.883974195
252,0,78a5b761-49c0-49b0-ba39-0c23a1ea12f7,StartingBlock,25.2045898,3629.75,Q,Q,,1,0,0,3,1,0,0,633.166321,248.602722,16.0524292,0.46750176,-0.0018292868,0.00175058772,0.8839885
253,0,78a5b761-49c0-49b0-ba39-0c23a1ea12f7,StartingBlock,25.3044434,3629.84985,Q,,,1,0,0,3,1,0,0,655.499756,243.657532,16.1893349,0.575490415,-0.00192051334,0.00148378289,0.817804992
254,0,78a5b761-49c0-49b0-ba39-0c23a1ea12f7,StartingBlock,25.404541,3629.94995,,,Q,1,0,0,3,1,0,0,677.407043,238.538651,16.3250751,0.683073223,-0.00199378165,0.00115891045,0.730346322
255,0,78a5b761-49c0-49b0-ba39-0c23a1ea12f7,StartingBlock,25.5043945,3630.0498,,,,1,0,0,3,1,0,0,698.525574,233.30336,16.4589691,0.685342908,-0.00188586861,0.00109188491,0.728217304
256,0,78a5b761-49c0-49b0-ba39-0c23a1ea12f7,StartingBlock,25.6044922,3630.1499,,,,1,0,0,3,1,0,0,718.825317,227.967346,16.5909901,0.685368419,-0.00177430944,0.00103140681,0.728193641
257,0,78a5b761-49c0-49b0-ba39-0c23a1ea12f7,StartingBlock,25.7045898,3630.25,,,,1,0,0,3,1,0,0,738.308777,222.531708,16.7212257,0.685348809,-0.0016619669,0.000970471883,0.728212416
258,0,78a5b761-49c0-49b0-ba39-0c23a1ea12f7,StartingBlock,25.8044434,3630.34985,,,,1,0,0,3,1,0,0,756.97699,216.997787,16.8497486,0.685322225,-0.00155085849,0.000910470902,0.728237808
259,0,78a5b761-49c0-49b0-ba39-0c23a1ea12f7,StartingBlock,25.904541,3630.44995,,,,1,0,0,3,1,0,0,774.829834,211.367035,16.9766235,0.685335815,-0.0014390467,0.000850063574,0.72822535
260,0,78a5b761-49c0-49b0-ba39-0c23a1ea12f7,StartingBlock,26.0043945,3630.5498,,,,1,0,0,3,1,0,0,791.867188,205.6409,17.1019192,0.685354054,-0.00132746948,0.000790308462,0.728208423
261,0,78a5b761-49c0-49b0-ba39-0c23a1ea12f7,StartingBlock,26.1044922,3630.6499,,,,1,0,0,3,1,0,0,808.088928,199.820694,17.2256947,0.685328364,-0.00121692289,0.000731713662,0.728232861
262,0,78a5b761-49c0-49b0-ba39-0c23a1ea12f7,StartingBlock,26.2045898,3630.75,,,,1,0,0,3,1,0,0,823.495117,193.907654,17.3480167,0.68534112,-0.00110437663,0.000671229209,0.728221118
263,0,78a5b761-49c0-49b0-ba39-0c23a1ea12f7,StartingBlock,26.3044434,3630.84985,,,,1,0,0,3,1,0,0,838.085693,187.902939,17.4689465,0.68534714,-0.00099297578,0.000611848081,0.728215635
264,0,78a5b761-49c0-49b0-ba39-0c23a1ea12f7,StartingBlock,26.404541,3630.94995,,,,1,0,0,3,1,0,0,851.860596,181.807602,17.5885429,0.685318828,-0.00088116969,0.000552970916,0.728242517
265,0,78a5b761-49c0-49b0-ba39-0c23a1ea12f7,StartingBlock,26.5043945,3631.0498,,,,1,0,0,3,1,0,0,864.819885,175.622665,17.7068691,0.685319543,-0.000769212958,0.000494499342,0.72824198
266,0,78a5b761-49c0-49b0-ba39-0c23a1ea12f7,StartingBlock,26.6044922,3631.1499,,,,1,0,0,3,1,0,0,876.963318,169.34906,17.8239841,0.685330153,-0.000657219905,0.00043620076,0.728232205
267,0,78a5b761-49c0-49b0-ba39-0c23a1ea12f7,StartingBlock,26.7045898,3631.25,,,,1,0,0,3,1,0,0,888.290955,162.987625,17.9399433,0.685338318,-0.000545097282,0.000377543445,0.728224576
268,0,78a5b761-49c0-49b0-ba39-0c23a1ea12f7,StartingBlock,26.8044434,3631.34985,,,,1,0,0,3,1,0,0,898.802673,156.539185,18.0548058,0.685322762,-0.000434328511,0.00031975453,0.728239357
269,0,78a5b761-49c0-49b0-ba39-0c23a1ea12f7,StartingBlock,26.904541,3631.44995,,,,1,0,0,3,1,0,0,908.498352,150.004456,18.1686287,0.685327709,-0.000323608401,0.000261399517,0.728234708
270,0,78a5b761-49c0-49b0-ba39-0c23a1ea12f7,StartingBlock,27.0043945,3631.5498,,,,1,0,0,3,1,0,0,917.377869,143.384094,18.2814617,0.685326457,-0.000213304433,0.00020343122,0.72823596
271,0,78a5b761-49c0-49b0-ba39-0c23a1ea12f7,StartingBlock,27.1044922,3631.6499,,,,1,0,0,3,1,0,0,925.441101,136.678711,18.3933601,0.685324669,-0.000102050122,0.000144462378,0.728237689
272,0,78a5b761-49c0-49b0-ba39-0c23a1ea12f7,StartingBlock,27.2045898,3631.75,,,,1,0,0,3,1,0,0,932.687805,129.888855,18.5043716,0.685339153,8.84424844E-06,8.52737576E-05,0.728224039
273,0,78a5b761-49c0-49b0-ba39-0c23a1ea12f7,StartingBlock,27.3044434,3631.84985,,,,1,0,0,3,1,0,0,939.117859,123.014999,18.6145477,0.68534106,0.000120064993,2.51958681E-05,0.728222251
274,0,78a5b761-49c0-49b0-ba39-0c23a1ea12f7,StartingBlock,27.404541,3631.94995,,,,1,0,0,3,1,0,0,944.731079,116.057594,18.7239342,0.685335517,0.000229802579,-3.34133947E-05,0.728227437
275,0,78a5b761-49c0-49b0-ba39-0c23a1ea12f7,StartingBlock,27.5043945,3632.0498,,,,1,0,0,3,1,0,0,949.5271,109.017021,18.8325729,0.685358405,0.000338715792,-9.13829208E-05,0.728205919
276,0,78a5b761-49c0-49b0-ba39-0c23a1ea12f7,StartingBlock,27.6044922,3632.1499,E,E,,1,0,0,3,1,0,0,953.509399,101.893867,18.9405117,0.682256162,0.000447772414,-0.000152341177,0.731113136
277,0,78a5b761-49c0-49b0-ba39-0c23a1ea12f7,StartingBlock,27.7045898,3632.25,,,,1,0,0,3,1,0,0,956.943604,94.6905441,19.0476646,0.573201478,0.000526940625,-0.000270775985,0.819414318
278,0,78a5b761-49c0-49b0-ba39-0c23a1ea12f7,StartingBlock,27.8044434,3632.34985,,,E,1,0,0,3,1,0,0,959.844238,87.2589417,19.1539135,0.516899228,0.000616310048,-0.000338119949,0.856046021
279,0,78a5b761-49c0-49b0-ba39-0c23a1ea12f7,StartingBlock,27.904541,3632.44995,E,E,,1,0,0,3,1,0,0,962.000916,79.4312744,19.2592278,0.516816318,0.000725592836,-0.000367386849,0.85609597
280,0,78a5b761-49c0-49b0-ba39-0c23a1ea12f7,StartingBlock,28.0043945,3632.5498,E,,,1,0,0,3,1,0,0,963.634338,71.3079453,19.3635902,0.404456049,0.00077962986,-0.000486890262,0.91455698
281,0,78a5b761-49c0-49b0-ba39-0c23a1ea12f7,StartingBlock,28.1044922,3632.6499,,,E,1,0,0,3,1,0,0,964.971924,62.9236984,19.4668522,0.22787407,0.000776979432,-0.000634298485,0.973690152
282,0,78a5b761-49c0-49b0-ba39-0c23a1ea12f7,StartingBlock,28.2045898,3632.75,,,,1,0,0,3,1,0,0,965.98407,53.9562569,19.5685558,0.196516737,0.00085095776,-0.000647173147,0.980499923
283,0,78a5b761-49c0-49b0-ba39-0c23a1ea12f7,StartingBlock,28.3044434,3632.84985,,,,1,0,0,3,1,0,0,966.643799,44.2372627,19.6684914,0.196590662,0.000945181469,-0.000634113676,0.980485022
284,0,78a5b761-49c0-49b0-ba39-0c23a1ea12f7,StartingBlock,28.404541,3632.94995,,,,1,0,0,3,1,0,0,966.954285,33.7726402,19.7666931,0.196593001,0.0010406482,-0.000621346582,0.980484486
285,0,78a5b761-49c0-49b0-ba39-0c23a1ea12f7,StartingBlock,28.5043945,3633.0498,E,E,,1,0,0,3,1,0,0,966.916138,22.5658627,19.8631973,0.192684352,0.00113247335,-0.00061349076,0.981259942
286,0,78a5b761-49c0-49b0-ba39-0c23a1ea12f7,StartingBlock,28.6044922,3633.1499,E,,,1,0,0,3,1,0,0,966.642639,10.8539238,19.9581757,0.0533598736,0.00112537458,-0.000754416047,0.998574436
287,0,78a5b761-49c0-49b0-ba39-0c23a1ea12f7,StartingBlock,28.7045898,3633.25,,,,1,0,0,3,1,0,0,966.280579,-1.22312021,20.0515614,-0.13402696,0.00104287127,-0.000925750704,0.990976691
288,0,78a5b761-49c0-49b0-ba39-0c23a1ea12f7,StartingBlock,28.8044434,3633.34985,,,E,1,0,0,3,1,0,0,966.020386,-13.8759232,20.1425915,-0.184666127,0.00105852028,-0.000936795375,0.982800305
289,0,78a5b761-49c0-49b0-ba39-0c23a1ea12f7,StartingBlock,28.904541,3633.44995,,,,1,0,0,3,1,0,0,965.984985,-27.292778,20.2306995,-0.184581354,0.00112149771,-0.000893778284,0.982816219
290,0,78a5b761-49c0-49b0-ba39-0c23a1ea12f7,StartingBlock,29.0043945,3633.5498,,,,1,0,0,3,1,0,0,966.17157,-41.461792,20.3159256,-0.18458958,0.00118445104,-0.000850913522,0.98281467
291,0,78a5b761-49c0-49b0-ba39-0c23a1ea12f7,StartingBlock,29.1044922,3633.6499,,,,1,0,0,3,1,0,0,966.579102,-56.3827095,20.3982925,-0.184583157,0.00124727574,-0.00080797635,0.982815742
292,0,78a5b761-49c0-49b0-ba39-0c23a1ea12f7,StartingBlock,29.2045898,3633.75,,,,1,0,0,3,1,0,0,967.20636,-72.0552826,20.4778156,-0.184577852,0.00131084386,-0.00076443993,0.982816696
293,0,78a5b761-49c0-49b0-ba39-0c23a1ea12f7,StartingBlock,29.3044434,3633.84985,,,,1,0,0,3,1,0,0,968.052124,-88.478981,20.554512,-0.184577465,0.00137392431,-0.000720816082,0.982816815
294,0,78a5b761-49c0-49b0-ba39-0c23a1ea12f7,StartingBlock,29.404541,3633.94995,,,,1,0,0,3,1,0,0,969.115112,-105.652481,20.6283989,-0.184572563,0.00143593794,-0.000677084608,0.98281765
295,0,78a5b761-49c0-49b0-ba39-0c23a1ea12f7,StartingBlock,29.5043945,3634.0498,,,,1,0,0,3,1,0,0,970.393982,-123.573517,20.6994858,-0.184564844,0.00149958779,-0.000632367213,0.982819021
296,0,78a5b761-49c0-49b0-ba39-0c23a1ea12f7,StartingBlock,29.6044922,3634.1499,,,,1,0,0,3,1,0,0,971.887207,-142.2397,20.7677841,-0.184567466,0.00156316033,-0.000587372284,0.982818425
297,0,78a5b761-49c0-49b0-ba39-0c23a1ea12f7,StartingBlock,29.7045898,3634.25,,,,1,0,0,3,1,0,0,973.593201,-161.648361,20.8333111,-0.184571505,0.00162618689,-0.000542178692,0.98281759
298,0,78a5b761-49c0-49b0-ba39-0c23a1ea12f7,StartingBlock,29.8044434,3634.34985,,,,1,0,0,3,1,0,0,975.510498,-181.796616,20.8960762,-0.184538513,0.00168696349,-0.000496891618,0.98282373
299,0,78a5b761-49c0-49b0-ba39-0c23a1ea12f7,StartingBlock,29.904541,3634.44995,,,,1,0,0,3,1,0,0,977.637329,-202.681427,20.9561005,-0.184532106,0.00175016536,-0.000451360218,0.982824922
300,0,78a5b761-49c0-49b0-ba39-0c23a1ea12f7,StartingBlock,30.0043945,3634.5498,Q,Q,,1,0,0,3,1,0,0,979.96759,-224.288132,21.0134182,-0.173358172,0.00181700208,-0.000386046391,0.984857142
301,0,78a5b761-49c0-49b0-ba39-0c23a1ea12f7,StartingBlock,30.1044922,3634.6499,Q,,,1,0,0,3,1,0,0,982.37616,-246.34787,21.0685349,-0.022933824,0.0019205258,-6.24747627E-05,0.999735177
302,0,78a5b761-49c0-49b0-ba39-0c23a1ea12f7,StartingBlock,30.2045898,3634.75,Q,,,1,0,0,3,1,0,0,984.723938,-268.747101,21.1219807,0.165149003,0.00197888236,0.000332730357,0.986266673
303,0,78a5b761-49c0-49b0-ba39-0c23a1ea12f7,StartingBlock,30.3044434,3634.84985,,,Q,1,0,0,3,1,0,0,986.884827,-291.466034,21.1742344,0.34454155,0.00197851215,0.000708115229,0.938768744
304,0,78a5b761-49c0-49b0-ba39-0c23a1ea12f7,StartingBlock,30.404541,3634.94995,,,,1,0,0,3,1,0,0,988.552124,-314.691711,21.2265587,0.362924576,0.00206657662,0.000742245989,0.931815982
305,0,78a5b761-49c0-49b0-ba39-0c23a1ea12f7,StartingBlock,30.5043945,3635.0498,Q,Q,,1,0,0,3,1,0,0,989.620728,-338.483063,21.2793999,0.36687848,0.00216656341,0.000746261037,0.930266082
306,0,78a5b761-49c0-49b0-ba39-0c23a1ea12f7,StartingBlock,30.6044922,3635.1499,Q,,,1,0,0,3,1,0,0,990.261108,-362.628174,21.3320274,0.493427128,0.00214597699,0.00103700906,0.869783878
307,0,78a5b761-49c0-49b0-ba39-0c23a1ea12f7,StartingBlock,30.7045898,3635.25,,,Q,1,0,0,3,1,0,0,990.457214,-386.960876,21.3845654,0.596222043,0.00211161841,0.00126240868,0.802815855
308,0,78a5b761-49c0-49b0-ba39-0c23a1ea12f7,StartingBlock,30.8044434,3635.34985,,,,1,0,0,3,1,0,0,989.851379,-411.508606,21.4387226,0.597063243,0.00221798127,0.00122463843,0.802190185
309,0,78a5b761-49c0-49b0-ba39-0c23a1ea12f7,StartingBlock,30.904541,3635.44995,,,,1,0,0,3,1,0,0,988.426941,-436.259277,21.4945869,0.597048938,0.00232453668,0.00118586083,0.802200615
310,0,78a5b761-49c0-49b0-ba39-0c23a1ea12f7,StartingBlock,31.0043945,3635.5498,,,,1,0,0,3,1,0,0,986.184082,-461.208588,21.552166,0.596988142,0.00243071071,0.00114722701,0.802245557
311,0,78a5b761-49c0-49b0-ba39-0c23a1ea12f7,StartingBlock,31.1044922,3635.6499,,,,1,0,0,3,1,0,0,983.122925,-486.351868,21.6114674,0.596981406,0.00253752572,0.00110807596,0.802250326
312,0,78a5b761-49c0-49b0-ba39-0c23a1ea12f7,StartingBlock,31.2045898,3635.75,,,,1,0,0,3,1,0,0,979.243896,-511.684265,21.6724873,0.596973002,0.00264500221,0.00106858776,0.802256286
313,0,78a5b761-49c0-49b0-ba39-0c23a1ea12f7,StartingBlock,31.3044434,3635.84985,,,,1,0,0,3,1,0,0,974.547424,-537.200684,21.7352257,0.596959352,0.00275341491,0.0010290246,0.802266121
314,0,78a5b761-49c0-49b0-ba39-0c23a1ea12f7,StartingBlock,31.404541,3635.94995,,,,1,0,0,3,1,0,0,969.034607,-562.895447,21.799675,0.596965373,0.00286052865,0.000990616274,0.802261353
315,0,78a5b761-49c0-49b0-ba39-0c23a1ea12f7,StartingBlock,31.5043945,3636.0498,,,,1,0,0,3,1,0,0,962.705994,-588.763123,21.8658257,0.596953809,0.00296711666,0.00095250929,0.802269638
316,0,78a5b761-49c0-49b0-ba39-0c23a1ea12f7,StartingBlock,31.6044922,3636.1499,,,,1,0,0,3,1,0,0,955.562622,-614.797791,21.9336739,0.596932471,0.00307436357,0.000914148404,0.802285135
317,0,78a5b761-49c0-49b0-ba39-0c23a1ea12f7,StartingBlock,31.7045898,3636.25,,,,1,0,0,3,1,0,0,947.605957,-640.993225,22.0032005,0.596957386,0.00318213995,0.000875617028,0.802266181
318,0,78a5b761-49c0-49b0-ba39-0c23a1ea12f7,StartingBlock,31.8044434,3636.34985,,,,1,0,0,3,1,0,0,938.837585,-667.34314,22.0743885,0.596919775,0.00328808045,0.000838509528,0.802293837
319,0,78a5b761-49c0-49b0-ba39-0c23a1ea12f7,StartingBlock,31.904541,3636.44995,,,,1,0,0,3,1,0,0,929.25946,-693.840698,22.1472187,0.596911788,0.00339487731,0.000800539914,0.80229938
320,0,78a5b761-49c0-49b0-ba39-0c23a1ea12f7,StartingBlock,32.0043945,3636.5498,,,,1,0,0,3,1,0,0,918.873779,-720.479065,22.2216682,0.59693259,0.00350104715,0.000763217569,0.802283466
321,0,78a5b761-49c0-49b0-ba39-0c23a1ea12f7,StartingBlock,32.1044922,3636.6499,,,,1,0,0,3,1,0,0,907.682861,-747.251221,22.2977142,0.59694767,0.00360685796,0.000726201921,0.802271664
322,0,78a5b761-49c0-49b0-ba39-0c23a1ea12f7,StartingBlock,32.2045898,3636.75,,,,1,0,0,3,1,0,0,895.689453,-774.149719,22.3753262,0.596928358,0.00371261733,0.000689339708,0.802285731
323,0,78a5b761-49c0-49b0-ba39-0c23a1ea12f7,StartingBlock,32.3044434,3636.84985,,,,1,0,0,3,1,0,0,882.896606,-801.167114,22.4544735,0.596938312,0.00381783792,0.000653654221,0.802277803
324,0,78a5b761-49c0-49b0-ba39-0c23a1ea12f7,StartingBlock,32.404541,3636.94995,,,,1,0,0,3,1,0,0,869.307922,-828.295837,22.5351334,0.596934021,0.0039231875,0.000617722922,0.802280545
325,0,78a5b761-49c0-49b0-ba39-0c23a1ea12f7,StartingBlock,32.5043945,3637.0498,,,,1,0,0,3,1,0,0,854.927063,-855.528076,22.6172676,0.596943438,0.00402863324,0.000581836561,0.802273035
326,0,78a5b761-49c0-49b0-ba39-0c23a1ea12f7,StartingBlock,32.6044922,3637.1499,,,,1,0,0,3,1,0,0,839.758057,-882.85614,22.7008495,0.596924782,0.00413415767,0.000545185292,0.802286386
327,0,78a5b761-49c0-49b0-ba39-0c23a1ea12f7,StartingBlock,32.7045898,3637.25,,,,1,0,0,3,1,0,0,823.80542,-910.272217,22.7858486,0.596930802,0.0042396877,0.000508512603,0.80228138
328,0,78a5b761-49c0-49b0-ba39-0c23a1ea12f7,StartingBlock,32.8044434,3637.34985,,,,1,0,0,3,1,0,0,807.073914,-937.768616,22.8722363,0.59691596,0.00434504822,0.000471853971,0.80229193
329,0,78a5b761-49c0-49b0-ba39-0c23a1ea12f7,StartingBlock,32.904541,3637.44995,,,,1,0,0,3,1,0,0,789.568726,-965.337524,22.9599838,0.596881986,0.00444813678,0.000437277864,0.802316546
330,0,78a5b761-49c0-49b0-ba39-0c23a1ea12f7,StartingBlock,33.0043945,3637.5498,,,,1,0,0,3,1,0,0,771.295105,-992.971741,23.0490685,0.596907973,0.00455166819,0.000402798469,0.802296698
331,0,78a5b761-49c0-49b0-ba39-0c23a1ea12f7,StartingBlock,33.1044922,3637.6499,,,,1,0,0,3,1,0,0,752.258667,-1020.66406,23.1394749,0.596884787,0.00465530157,0.000367562956,0.802313387
332,0,78a5b761-49c0-49b0-ba39-0c23a1ea12f7,StartingBlock,33.2045898,3637.75,,,,1,0,0,3,1,0,0,732.465698,-1048.40759,23.2311897,0.59685111,0.00475892611,0.000332277821,0.802337825
333,0,78a5b761-49c0-49b0-ba39-0c23a1ea12f7,StartingBlock,33.3044434,3637.84985,,,,1,0,0,3,1,0,0,711.922668,-1076.19592,23.3242016,0.596829474,0.00486122863,0.000298664119,0.802353382
334,0,78a5b761-49c0-49b0-ba39-0c23a1ea12f7,StartingBlock,33.404541,3637.94995,,,,1,0,0,3,1,0,0,690.635742,-1104.02307,23.4185181,0.596896708,0.00496489787,0.000264991919,0.802302778
335,0,78a5b761-49c0-49b0-ba39-0c23a1ea12f7,StartingBlock,33.5043945,3638.0498,,,,1,0,0,3,1,0,0,668.611267,-1131.88403,23.5141506,0.59695524,0.00506921858,0.000231494923,0.802258551
336,0,78a5b761-49c0-49b0-ba39-0c23a1ea12f7,StartingBlock,33.6044922,3638.1499,,,,1,0,0,3,1,0,0,645.854858,-1159.77429,23.6111355,0.596998096,0.00517200213,0.000199210539,0.802226007
337,0,78a5b761-49c0-49b0-ba39-0c23a1ea12f7,StartingBlock,33.7045898,3638.25,,,,1,0,0,3,1,0,0,622.373169,-1187.68982,23.7095089,0.597066879,0.00527553353,0.000166360202,0.802174151
338,0,78a5b761-49c0-49b0-ba39-0c23a1ea12f7,StartingBlock,33.8044434,3638.34985,,,,1,0,0,3,1,0,0,598.171997,-1215.62805,23.8093204,0.597033918,0.00537816482,0.000133536654,0.802197993
339,0,78a5b761-49c0-49b0-ba39-0c23a1ea12f7,StartingBlock,33.904541,3638.44995,Q,Q,,1,0,0,3,1,0,0,573.268188,-1243.58386,23.9105606,0.606151044,0.00547904009,0.000163250385,0.795330763
340,0,78a5b761-49c0-49b0-ba39-0c23a1ea12f7,StartingBlock,34.0043945,3638.5498,,,Q,1,0,0,3,1,0,0,547.905029,-1271.45813,24.0118217,0.697342694,0.00552330306,0.000783708412,0.71671623
341,0,78a5b761-49c0-49b0-ba39-0c23a1ea12f7,StartingBlock,34.1044922,3638.6499,,,,1,0,0,3,1,0,0,521.861084,-1299.16418,24.1157799,0.701377511,0.00562038692,0.000764023454,0.712767422
342,0,78a5b761-49c0-49b0-ba39-0c23a1ea12f7,StartingBlock,34.2045898,3638.75,Q,Q,,1,0,0,3,1,0,0,495.083252,-1326.68616,24.223175,0.701354206,0.00572076812,0.00071405177,0.712789714
343,0,78a5b761-49c0-49b0-ba39-0c23a1ea12f7,StartingBlock,34.3044434,3638.84985,Q,,,1,0,0,3,1,0,0,467.805542,-1354.01379,24.3321037,0.78578043,0.00568787055,0.00138149515,0.618477881
344,0,78a5b761-49c0-49b0-ba39-0c23a1ea12f7,StartingBlock,34.404541,3638.94995,,,Q,1,0,0,3,1,0,0,440.215088,-1381.05579,24.4416733,0.871629357,0.00550599908,0.00216697017,0.490129769
345,0,78a5b761-49c0-49b0-ba39-0c23a1ea12f7,StartingBlock,34.5043945,3639.0498,,,,1,0,0,3,1,0,0,412.049286,-1407.55408,24.5563736,0.874651968,0.00558207184,0.00211251224,0.484714806
346,0,78a5b761-49c0-49b0-ba39-0c23a1ea12f7,StartingBlock,34.6044922,3639.1499,,,,1,0,0,3,1,0,0,383.274292,-1433.46875,24.6770191,0.874646068,0.00567352865,0.00202045147,0.48472473
347,0,78a5b761-49c0-49b0-ba39-0c23a1ea12f7,StartingBlock,34.7045898,3639.25,,,,1,0,0,3,1,0,0,353.891266,-1458.80786,24.8037453,0.874616086,0.00576327555,0.00193175091,0.484778136
348,0,78a5b761-49c0-49b0-ba39-0c23a1ea12f7,StartingBlock,34.8044434,3639.34985,,,,1,0,0,3,1,0,0,323.899811,-1483.57935,24.9367046,0.874601483,0.00585365901,0.001841816,0.484803677
349,0,78a5b761-49c0-49b0-ba39-0c23a1ea12f7,StartingBlock,34.904541,3639.44995,Q,Q,,1,0,0,3,1,0,0,293.332581,-1507.81177,25.0755768,0.890036345,0.00588144548,0.00194738468,0.455847532
350,0,78a5b761-49c0-49b0-ba39-0c23a1ea12f7,StartingBlock,35.0043945,3639.5498,Q,,,1,0,0,3,1,0,0,262.476746,-1531.65796,25.2167187,0.953367591,0.00556647964,0.00280089793,0.301747292
351,0,78a5b761-49c0-49b0-ba39-0c23a1ea12f7,StartingBlock,35.1044922,3639.6499,,,Q,1,0,0,3,1,0,0,231.468658,-1555.09351,25.3593502,0.992439449,0.00503465673,0.00365092466,0.122577928
352,0,78a5b761-49c0-49b0-ba39-0c23a1ea12f7,StartingBlock,35.2045898,3639.75,,,,1,0,0,3,1,0,0,200.327148,-1577.77051,25.5066509,0.994648159,0.00501245772,0.00361128361,0.103134736
353,0,78a5b761-49c0-49b0-ba39-0c23a1ea12f7,StartingBlock,35.3044434,3639.84985,,,,1,0,0,3,1,0,0,169.056625,-1599.573,25.6598587,0.994638562,0.00506225135,0.0034740821,0.103229992
354,0,78a5b761-49c0-49b0-ba39-0c23a1ea12f7,StartingBlock,35.404541,3639.94995,,,,1,0,0,3,1,0,0,137.653931,-1620.51343,25.8190975,0.994639933,0.00511223776,0.00333560049,0.103219442
355,0,78a5b761-49c0-49b0-ba39-0c23a1ea12f7,StartingBlock,35.5043945,3640.0498,,,,1,0,0,3,1,0,0,106.11438,-1640.60022,25.984539,0.99463743,0.00516208215,0.00319852773,0.103245549
356,0,78a5b761-49c0-49b0-ba39-0c23a1ea12f7,StartingBlock,35.6044922,3640.1499,Q,Q,,1,0,0,3,1,0,0,74.4676971,-1659.98401,26.1547184,0.999922097,0.0048991954,0.00352418749,0.0109292492
357,0,78a5b761-49c0-49b0-ba39-0c23a1ea12f7,StartingBlock,35.7045898,3640.25,,,Q,1,0,0,3,1,0,0,42.8383331,-1678.88574,26.3267918,0.992269337,0.00441168761,0.00400146702,-0.123959772
358,0,78a5b761-49c0-49b0-ba39-0c23a1ea12f7,StartingBlock,35.8044434,3640.34985,,,,1,0,0,3,1,0,0,11.3845921,-1696.99292,26.502882,0.991879225,0.00441455515,0.00386023475,-0.127048016
359,0,78a5b761-49c0-49b0-ba39-0c23a1ea12f7,StartingBlock,35.904541,3640.44995,Q,Q,,1,0,0,3,1,0,0,-19.8799419,-1714.30701,26.6830616,0.988976598,0.0043496103,0.00379489455,-0.147959515
360,0,78a5b761-49c0-49b0-ba39-0c23a1ea12f7,StartingBlock,36.0043945,3640.5498,Q,,,1,0,0,3,1,0,0,-51.0094757,-1731.1366,26.86483,0.952765644,0.00370206474,0.00427946867,-0.303653896
361,0,78a5b761-49c0-49b0-ba39-0c23a1ea12f7,StartingBlock,36.1044922,3640.6499,Q,,,1,0,0,3,1,0,0,-81.9441833,-1747.63147,27.0464993,0.878394604,0.00281025306,0.0047314479,-0.477904499
362,0,78a5b761-49c0-49b0-ba39-0c23a1ea12f7,StartingBlock,36.2045898,3640.75,,,Q,1,0,0,3,1,0,0,-112.565735,-1763.87451,27.2267189,0.790578246,0.00195706915,0.00495015085,-0.612337947
363,0,78a5b761-49c0-49b0-ba39-0c23a1ea12f7,StartingBlock,36.3044434,3640.84985,,,,1,0,0,3,1,0,0,-142.490585,-1779.86426,27.4035091,0.786661744,0.00183905102,0.00479907496,-0.617362857
364,0,78a5b761-49c0-49b0-ba39-0c23a1ea12f7,StartingBlock,36.404541,3640.94995,,,,1,0,0,3,1,0,0,-171.660019,-1795.61169,27.576582,0.786732733,0.00175338925,0.00463743042,-0.617273867
365,0,78a5b761-49c0-49b0-ba39-0c23a1ea12f7,StartingBlock,36.5043945,3641.0498,,,,1,0,0,3,1,0,0,-200.074173,-1811.11865,27.7460499,0.786760151,0.00166731526,0.00447639311,-0.617240369
366,0,78a5b761-49c0-49b0-ba39-0c23a1ea12f7,StartingBlock,36.6044922,3641.1499,,,,1,0,0,3,1,0,0,-227.731842,-1826.38733,27.9120178,0.786764979,0.00158123102,0.00431559049,-0.617235661
367,0,78a5b761-49c0-49b0-ba39-0c23a1ea12f7,StartingBlock,36.7045898,3641.25,,,,1,0,0,3,1,0,0,-254.631943,-1841.41943,28.0745811,0.786771894,0.00149349973,0.00415210938,-0.61722815
368,0,78a5b761-49c0-49b0-ba39-0c23a1ea12f7,StartingBlock,36.8044434,3641.34985,,,,1,0,0,3,1,0,0,-280.774139,-1856.21704,28.2338448,0.786774933,0.00140880176,0.00399121456,-0.617225528
369,0,78a5b761-49c0-49b0-ba39-0c23a1ea12f7,StartingBlock,36.904541,3641.44995,,,,1,0,0,3,1,0,0,-306.15744,-1870.78162,28.3899002,0.786767423,0.00132410577,0.00382971927,-0.617236376
370,0,78a5b761-49c0-49b0-ba39-0c23a1ea12f7,StartingBlock,37.0043945,3641.5498,,,,1,0,0,3,1,0,0,-330.781555,-1885.11499,28.5428467,0.786798894,0.00123790617,0.00366595853,-0.617197335
371,0,78a5b761-49c0-49b0-ba39-0c23a1ea12f7,StartingBlock,37.1044922,3641.6499,,,,1,0,0,3,1,0,0,-354.646454,-1899.21887,28.6927776,0.786809742,0.00115295907,0.00350384274,-0.617184579
372,0,78a5b761-49c0-49b0-ba39-0c23a1ea12f7,StartingBlock,37.2045898,3641.75,,,,1,0,0,3,1,0,0,-377.751129,-1913.09436,28.8397789,0.786817312,0.00106763269,0.0033411975,-0.617176116
373,0,78a5b761-49c0-49b0-ba39-0c23a1ea12f7,StartingBlock,37.3044434,3641.84985,,,,1,0,0,3,1,0,0,-400.095673,-1926.74329,28.9839439,0.786756575,0.000983007834,0.00318007148,-0.617254555
374,0,78a5b761-49c0-49b0-ba39-0c23a1ea12f7,StartingBlock,37.404541,3641.94995,,,,1,0,0,3,1,0,0,-421.679962,-1940.16699,29.1253548,0.786737978,0.00089786615,0.00301828398,-0.617278993
375,0,78a5b761-49c0-49b0-ba39-0c23a1ea12f7,StartingBlock,37.5043945,3642.0498,E,,,1,0,0,3,1,0,0,-442.504364,-1953.36682,29.264101,0.786707163,0.000813516206,0.00285725971,-0.617319345
376,0,78a5b761-49c0-49b0-ba39-0c23a1ea12f7,StartingBlock,37.6044922,3642.1499,E,E,,1,0,0,3,1,0,0,-462.749084,-1966.38123,29.4007072,0.849319458,0.00103337551,0.00259557692,-0.527871907
377,0,78a5b761-49c0-49b0-ba39-0c23a1ea12f7,StartingBlock,37.7045898,3642.25,E,,,1,0,0,3,1,0,0,-482.680786,-1979.2063,29.5361633,0.931857646,0.00143228995,0.0022033467,-0.362814635
378,0,78a5b761-49c0-49b0-ba39-0c23a1ea12f7,StartingBlock,37.8044434,3642.34985,E,,,1,0,0,3,1,0,0,-502.377777,-1991.75244,29.6711693,0.983992994,0.00180027913,0.00173252134,-0.178189695
379,0,78a5b761-49c0-49b0-ba39-0c23a1ea12f7,StartingBlock,37.904541,3642.44995,,,E,1,0,0,3,1,0,0,-521.940247,-2003.89893,29.806572,0.999409974,0.00204211287,0.00130487327,-0.0342621095
380,0,78a5b761-49c0-49b0-ba39-0c23a1ea12f7,StartingBlock,38.0043945,3642.5498,,,,1,0,0,3,1,0,0,-541.426636,-2015.27283,29.9441452,0.99951756,0.00207470753,0.00115548738,-0.0309688114
381,0,78a5b761-49c0-49b0-ba39-0c23a1ea12f7,StartingBlock,38.1044922,3642.6499,,,,1,0,0,3,1,0,0,-560.852051,-2025.84314,30.0841331,0.999514639,0.00210289494,0.00101171294,-0.0310657211
382,0,78a5b761-49c0-49b0-ba39-0c23a1ea12f7,StartingBlock,38.2045898,3642.75,,,,1,0,0,3,1,0,0,-580.21637,-2035.61145,30.2266045,0.9995175,0.00213133218,0.000868871692,-0.030977251
383,0,78a5b761-49c0-49b0-ba39-0c23a1ea12f7,StartingBlock,38.3044434,3642.84985,Q,Q,,1,0,0,3,1,0,0,-599.519897,-2044.58252,30.3716049,0.999377429,0.00215627276,0.000733437773,-0.035208948
384,0,78a5b761-49c0-49b0-ba39-0c23a1ea12f7,StartingBlock,38.404541,3642.94995,,,Q,1,0,0,3,1,0,0,-618.763367,-2053.0166,30.5180759,0.985734761,0.00206793495,0.000869820593,-0.168291375
385,0,78a5b761-49c0-49b0-ba39-0c23a1ea12f7,StartingBlock,38.5043945,3643.0498,,,,1,0,0,3,1,0,0,-637.784363,-2060.80078,30.6663895,0.982571959,0.00205735769,0.000754462671,-0.185869575
386,0,78a5b761-49c0-49b0-ba39-0c23a1ea12f7,StartingBlock,38.6044922,3643.1499,,,,1,0,0,3,1,0,0,-656.510681,-2067.83521,30.8169689,0.982591212,0.00206194539,0.000600522617,-0.185768411
387,0,78a5b761-49c0-49b0-ba39-0c23a1ea12f7,StartingBlock,38.7045898,3643.25,,,,1,0,0,3,1,0,0,-674.942932,-2074.12354,30.9698677,0.982588172,0.00206654216,0.000447573082,-0.185785115
388,0,78a5b761-49c0-49b0-ba39-0c23a1ea12f7,StartingBlock,38.8044434,3643.34985,,,,1,0,0,3,1,0,0,-693.081055,-2079.66675,31.1251488,0.982605219,0.00207094685,0.00029396746,-0.185695007
389,0,78a5b761-49c0-49b0-ba39-0c23a1ea12f7,StartingBlock,38.904541,3643.44995,,,,1,0,0,3,1,0,0,-710.924927,-2084.46436,31.2828751,0.982626438,0.00207588589,0.000141652359,-0.185583025
390,0,78a5b761-49c0-49b0-ba39-0c23a1ea12f7,StartingBlock,39.0043945,3643.5498,,,,1,0,0,3,1,0,0,-728.474609,-2088.51709,31.4431076,0.982581139,0.00208044448,-1.14171635E-05,-0.185822546
391,0,78a5b761-49c0-49b0-ba39-0c23a1ea12f7,StartingBlock,39.1044922,3643.6499,,,,1,0,0,3,1,0,0,-745.729919,-2091.8252,31.6059055,0.982574582,0.00208561006,-0.000161892764,-0.185857087
392,0,78a5b761-49c0-49b0-ba39-0c23a1ea12f7,StartingBlock,39.2045898,3643.75,,,,1,0,0,3,1,0,0,-762.690613,-2094.3894,31.7713318,0.982612431,0.00208987668,-0.000314060278,-0.185656831
393,0,78a5b761-49c0-49b0-ba39-0c23a1ea12f7,StartingBlock,39.3044434,3643.84985,,,,1,0,0,3,1,0,0,-779.359192,-2096.21655,31.9394112,0.982541502,0.00209412933,-0.000465453108,-0.186031193
394,0,78a5b761-49c0-49b0-ba39-0c23a1ea12f7,StartingBlock,39.404541,3643.94995,,,,1,0,0,3,1,0,0,-795.733093,-2097.30151,32.1102295,0.982543588,0.00209861808,-0.000617526763,-0.186019927
395,0,78a5b761-49c0-49b0-ba39-0c23a1ea12f7,StartingBlock,39.5043945,3644.0498,,,,1,0,0,3,1,0,0,-811.812012,-2097.64429,32.2838402,0.982573271,0.00210383604,-0.000769398466,-0.185862631
396,0,78a5b761-49c0-49b0-ba39-0c23a1ea12f7,StartingBlock,39.6044922,3644.1499,,,,1,0,0,3,1,0,0,-827.595703,-2097.24438,32.4603004,0.982558131,0.00210898137,-0.000923348358,-0.185941681
397,0,78a5b761-49c0-49b0-ba39-0c23a1ea12f7,StartingBlock,39.7045898,3644.25,,,,1,0,0,3,1,0,0,-843.08429,-2096.10303,32.6396637,0.982567787,0.00211394648,-0.00107403973,-0.185889661
398,0,78a5b761-49c0-49b0-ba39-0c23a1ea12f7,StartingBlock,39.8044434,3644.34985,,,,1,0,0,3,1,0,0,-858.277649,-2094.22046,32.8219872,0.982581258,0.00211775117,-0.00122533715,-0.185817808
399,0,78a5b761-49c0-49b0-ba39-0c23a1ea12f7,StartingBlock,39.904541,3644.44995,,,,1,0,0,3,1,0,0,-873.175598,-2091.59668,33.0073242,0.982580185,0.00212128693,-0.00137673144,-0.185822323
400,0,78a5b761-49c0-49b0-ba39-0c23a1ea12f7,StartingBlock,40.0043945,3644.5498,,,,1,0,0,3,1,0,0,-887.778137,-2088.23193,33.1957245,0.982566059,0.00212528114,-0.00152798102,-0.185895756
401,0,78a5b761-49c0-49b0-ba39-0c23a1ea12f7,StartingBlock,40.1044922,3644.6499,,,,1,0,0,3,1,0,0,-902.084961,-2084.12671,33.3872337,0.982545972,0.00212993147,-0.00167839951,-0.186000168
402,0,78a5b761-49c0-49b0-ba39-0c23a1ea12f7,StartingBlock,40.2045898,3644.75,,,,1,0,0,3,1,0,0,-916.095703,-2079.28101,33.581913,0.982539356,0.00213356246,-0.00183024572,-0.186034054
403,0,78a5b761-49c0-49b0-ba39-0c23a1ea12f7,StartingBlock,40.3044434,3644.84985,,,,1,0,0,3,1,0,0,-929.810303,-2073.69507,33.7798004,0.98252672,0.00213754061,-0.00197891402,-0.18609874
404,0,78a5b761-49c0-49b0-ba39-0c23a1ea12f7,StartingBlock,40.404541,3644.94995,,,,1,0,0,3,1,0,0,-943.228516,-2067.36914,33.9809494,0.982542932,0.0021423921,-0.00212579966,-0.186011508
405,0,78a5b761-49c0-49b0-ba39-0c23a1ea12f7,StartingBlock,40.5043945,3645.0498,,,,1,0,0,3,1,0,0,-956.350098,-2060.30322,34.1854095,0.982539535,0.00214680401,-0.00227769581,-0.18602775
406,0,78a5b761-49c0-49b0-ba39-0c23a1ea12f7,StartingBlock,40.6044922,3645.1499,,,,1,0,0,3,1,0,0,-969.174866,-2052.4978,34.3932304,0.982490599,0.00215327297,-0.00242591207,-0.186284125
407,0,78a5b761-49c0-49b0-ba39-0c23a1ea12f7,StartingBlock,40.7045898,3645.25,,,,1,0,0,3,1,0,0,-981.702698,-2043.95313,34.604454,0.98251462,0.00215916033,-0.00257592485,-0.186155543
408,0,78a5b761-49c0-49b0-ba39-0c23a1ea12f7,StartingBlock,40.8044434,3645.34985,,,,1,0,0,3,1,0,0,-993.933228,-2034.66956,34.8191299,0.982496858,0.00216608727,-0.00272678654,-0.186246559
409,0,78a5b761-49c0-49b0-ba39-0c23a1ea12f7,StartingBlock,40.904541,3645.44995,,,,1,0,0,3,1,0,0,-1005.86615,-2024.64685,35.0373116,0.982483864,0.00217342586,-0.00287762913,-0.186312854
410,0,78a5b761-49c0-49b0-ba39-0c23a1ea12f7,StartingBlock,41.0043945,3645.5498,,,,1,0,0,3,1,0,0,-1017.5011,-2013.88464,35.2590523,0.982492447,0.00218062429,-0.00302727078,-0.186265305
411,0,78a5b761-49c0-49b0-ba39-0c23a1ea12f7,StartingBlock,41.1044922,3645.6499,,,,1,0,0,3,1,0,0,-1028.83777,-2002.38342,35.4843941,0.982481182,0.00218789745,-0.00317561207,-0.186322168
412,0,78a5b761-49c0-49b0-ba39-0c23a1ea12f7,StartingBlock,41.2045898,3645.75,,,,1,0,0,3,1,0,0,-1039.87598,-1990.14343,35.7133904,0.982503295,0.00219399482,-0.0033275201,-0.186202988
413,0,78a5b761-49c0-49b0-ba39-0c23a1ea12f7,StartingBlock,41.3044434,3645.84985,,,,1,0,0,3,1,0,0,-1050.61584,-1977.16479,35.9460793,0.982517302,0.00219999021,-0.00347938878,-0.186126009
414,0,78a5b761-49c0-49b0-ba39-0c23a1ea12f7,StartingBlock,41.404541,3645.94995,,,,1,0,0,3,1,0,0,-1061.05713,-1963.44775,36.1825066,0.982526124,0.00220655464,-0.00362966349,-0.186076388
415,0,78a5b761-49c0-49b0-ba39-0c23a1ea12f7,StartingBlock,41.5043945,3646.0498,,,,1,0,0,3,1,0,0,-1071.19946,-1948.99182,36.422718,0.982547164,0.0022119265,-0.00378234917,-0.185962379
416,0,78a5b761-49c0-49b0-ba39-0c23a1ea12f7,StartingBlock,41.6044922,3646.1499,,,,1,0,0,3,1,0,0,-1081.0426,-1933.797,36.6667595,0.982534051,0.00221870933,-0.00393228326,-0.186027884
417,0,78a5b761-49c0-49b0-ba39-0c23a1ea12f7,StartingBlock,41.7045898,3646.25,,,,1,0,0,3,1,0,0,-1090.5863,-1917.86328,36.914669,0.982534766,0.00222573453,-0.00408192258,-0.186021343
418,0,78a5b761-49c0-49b0-ba39-0c23a1ea12f7,StartingBlock,41.8044434,3646.34985,,,,1,0,0,3,1,0,0,-1099.82983,-1901.19067,37.1664963,0.98256427,0.0022323716,-0.00423381431,-0.185861811
419,0,78a5b761-49c0-49b0-ba39-0c23a1ea12f7,StartingBlock,41.904541,3646.44995,,,,1,0,0,3,1,0,0,-1108.77332,-1883.77942,37.4222755,0.982582033,0.00224078167,-0.0043827612,-0.185764447
420,0,78a5b761-49c0-49b0-ba39-0c23a1ea12f7,StartingBlock,42.0043945,3646.5498,,,,1,0,0,3,1,0,0,-1117.4165,-1865.62939,37.6820564,0.982566655,0.00225017336,-0.00453334302,-0.185841814
421,0,78a5b761-49c0-49b0-ba39-0c23a1ea12f7,StartingBlock,42.1044922,3646.6499,,,,1,0,0,3,1,0,0,-1125.75891,-1846.74084,37.9458733,0.982565165,0.00225855317,-0.00468398258,-0.185845897
422,0,78a5b761-49c0-49b0-ba39-0c23a1ea12f7,StartingBlock,42.2045898,3646.75,,,,1,0,0,3,1,0,0,-1133.80017,-1827.11377,38.2137642,0.98255837,0.00226768735,-0.00483331829,-0.185877919
423,0,78a5b761-49c0-49b0-ba39-0c23a1ea12f7,StartingBlock,42.3044434,3646.84985,,,,1,0,0,3,1,0,0,-1141.53979,-1806.74817,38.485775,0.982555926,0.00227766903,-0.00498135574,-0.185886577
424,0,78a5b761-49c0-49b0-ba39-0c23a1ea12f7,StartingBlock,42.404541,3646.94995,,,,1,0,0,3,1,0,0,-1148.97742,-1785.64453,38.7619438,0.982578337,0.0022865932,-0.00513349334,-0.185763925
425,0,78a5b761-49c0-49b0-ba39-0c23a1ea12f7,StartingBlock,42.5043945,3647.0498,,,,1,0,0,3,1,0,0,-1156.11255,-1763.80188,39.0423164,0.982596874,0.00229626242,-0.00528436247,-0.185661688
426,0,78a5b761-49c0-49b0-ba39-0c23a1ea12f7,StartingBlock,42.6044922,3647.1499,,,,1,0,0,3,1,0,0,-1162.94446,-1741.2207,39.3269234,0.982573509,0.00230724434,-0.00543281715,-0.185780942
427,0,78a5b761-49c0-49b0-ba39-0c23a1ea12f7,StartingBlock,42.7045898,3647.25,,,,1,0,0,3,1,0,0,-1169.47278,-1717.901,39.6158066,0.98257792,0.00231739576,-0.00558313029,-0.185753152
428,0,78a5b761-49c0-49b0-ba39-0c23a1ea12f7,StartingBlock,42.8044434,3647.34985,,,,1,0,0,3,1,0,0,-1175.69653,-1693.84265,39.9090042,0.982556343,0.00232856907,-0.00573430397,-0.185862035
429,0,78a5b761-49c0-49b0-ba39-0c23a1ea12f7,StartingBlock,42.904541,3647.44995,,,,1,0,0,3,1,0,0,-1181.61511,-1669.04529,40.2065544,0.982570946,0.00234010001,-0.00588250672,-0.185780585
430,0,78a5b761-49c0-49b0-ba39-0c23a1ea12f7,StartingBlock,43.0043945,3647.5498,,,,1,0,0,3,1,0,0,-1187.22827,-1643.50891,40.5084839,0.982572615,0.00235279626,-0.00602975674,-0.185766354
431,0,78a5b761-49c0-49b0-ba39-0c23a1ea12f7,StartingBlock,43.1044922,3647.6499,,,,1,0,0,3,1,0,0,-1192.53479,-1617.23413,40.814827,0.982578933,0.00236494141,-0.00617850758,-0.185727715
432,0,78a5b761-49c0-49b0-ba39-0c23a1ea12f7,StartingBlock,43.2045898,3647.75,,,,1,0,0,3,1,0,0,-1197.53418,-1590.2207,41.1256142,0.98256731,0.00237813732,-0.00632561184,-0.18578431
433,0,78a5b761-49c0-49b0-ba39-0c23a1ea12f7,StartingBlock,43.3044434,3647.84985,,,,1,0,0,3,1,0,0,-1202.22595,-1562.46924,41.4408798,0.982613266,0.00238912064,-0.00647462485,-0.185535923
434,0,78a5b761-49c0-49b0-ba39-0c23a1ea12f7,StartingBlock,43.404541,3647.94995,,,,1,0,0,3,1,0,0,-1206.60913,-1533.97876,41.7606506,0.982623279,0.00240067183,-0.00662498502,-0.185477242
435,0,78a5b761-49c0-49b0-ba39-0c23a1ea12f7,StartingBlock,43.5043945,3648.0498,,,,1,0,0,3,1,0,0,-1210.68286,-1504.74927,42.0849571,0.982624233,0.00241248612,-0.00677316822,-0.18546693
436,0,78a5b761-49c0-49b0-ba39-0c23a1ea12f7,StartingBlock,43.6044922,3648.1499,,,,1,0,0,3,1,0,0,-1214.44617,-1474.7804,42.4138222,0.982619047,0.00242365035,-0.00692249509,-0.185488492
437,0,78a5b761-49c0-49b0-ba39-0c23a1ea12f7,StartingBlock,43.7045898,3648.25,Q,Q,,1,0,0,3,1,0,0,-1217.91211,-1444.1095,42.7469749,0.975981176,0.00266652624,-0.00698262546,-0.217726648
438,0,78a5b761-49c0-49b0-ba39-0c23a1ea12f7,StartingBlock,43.8044434,3648.34985,,,Q,1,0,0,3,1,0,0,-1221.16821,-1413.04736,43.0824547,0.926271498,0.00379568362,-0.00659862347,-0.376779884
439,0,78a5b761-49c0-49b0-ba39-0c23a1ea12f7,StartingBlock,43.904541,3648.44995,,,,1,0,0,3,1,0,0,-1223.96558,-1381.52246,43.4241295,0.914150774,0.00397272408,-0.0066342419,-0.405300617
440,0,78a5b761-49c0-49b0-ba39-0c23a1ea12f7,StartingBlock,44.0043945,3648.5498,,,,1,0,0,3,1,0,0,-1226.15515,-1349.45398,43.7743988,0.914203286,0.00394383399,-0.0067935409,-0.405179948
441,0,78a5b761-49c0-49b0-ba39-0c23a1ea12f7,StartingBlock,44.1044922,3648.6499,,,,1,0,0,3,1,0,0,-1227.73975,-1316.84717,44.1332092,0.914159834,0.00391590642,-0.00695321569,-0.405275404
442,0,78a5b761-49c0-49b0-ba39-0c23a1ea12f7,StartingBlock,44.2045898,3648.75,,,,1,0,0,3,1,0,0,-1228.71814,-1283.70276,44.5005684,0.914159894,0.00388748525,-0.00711261947,-0.405272812
443,0,78a5b761-49c0-49b0-ba39-0c23a1ea12f7,StartingBlock,44.3044434,3648.84985,,,,1,0,0,3,1,0,0,-1229.0885,-1250.02002,44.8764915,0.914153337,0.00385838887,-0.0072725499,-0.40528512
444,0,78a5b761-49c0-49b0-ba39-0c23a1ea12f7,StartingBlock,44.404541,3648.94995,,,,1,0,0,3,1,0,0,-1228.84924,-1215.79944,45.2609825,0.914140761,0.00383089017,-0.00743222097,-0.405310839
445,0,78a5b761-49c0-49b0-ba39-0c23a1ea12f7,StartingBlock,44.5043945,3649.0498,,,,1,0,0,3,1,0,0,-1228.00012,-1181.04211,45.654026,0.914048553,0.00380631187,-0.00759007456,-0.405515909
446,0,78a5b761-49c0-49b0-ba39-0c23a1ea12f7,StartingBlock,44.6044922,3649.1499,,,,1,0,0,3,1,0,0,-1226.53943,-1145.74878,46.0556221,0.91403842,0.00378075615,-0.00774873979,-0.405535996
447,0,78a5b761-49c0-49b0-ba39-0c23a1ea12f7,StartingBlock,44.7045898,3649.25,Q,Q,,1,0,0,3,1,0,0,-1224.49548,-1109.94751,46.4652252,0.900222003,0.00401119515,-0.00778054446,-0.435343176
448,0,78a5b761-49c0-49b0-ba39-0c23a1ea12f7,StartingBlock,44.8044434,3649.34985,,,Q,1,0,0,3,1,0,0,-1222.01404,-1073.83813,46.8801613,0.850422025,0.00475444272,-0.00748853898,-0.526026249
449,0,78a5b761-49c0-49b0-ba39-0c23a1ea12f7,StartingBlock,44.904541,3649.44995,,,,1,0,0,3,1,0,0,-1218.81653,-1037.36621,47.3053017,0.849776089,0.00471169874,-0.00764177879,-0.527067423
450,0,78a5b761-49c0-49b0-ba39-0c23a1ea12f7,StartingBlock,45.0043945,3649.5498,,,,1,0,0,3,1,0,0,-1214.88232,-1000.5351,47.7409706,0.849778295,0.00465686247,-0.00780373346,-0.527062058
451,0,78a5b761-49c0-49b0-ba39-0c23a1ea12f7,StartingBlock,45.1044922,3649.6499,Q,Q,,1,0,0,3,1,0,0,-1210.2207,-963.351135,48.1869392,0.843793988,0.00469134608,-0.00791131891,-0.53658849
452,0,78a5b761-49c0-49b0-ba39-0c23a1ea12f7,StartingBlock,45.2045898,3649.75,,,Q,1,0,0,3,1,0,0,-1205.08276,-925.96167,48.638607,0.753251553,0.00577261578,-0.00727764145,-0.657667041
453,0,78a5b761-49c0-49b0-ba39-0c23a1ea12f7,StartingBlock,45.3044434,3649.84985,,,,1,0,0,3,1,0,0,-1199.28564,-888.472961,49.0993652,0.733025849,0.00590032153,-0.00725331483,-0.680136561
454,0,78a5b761-49c0-49b0-ba39-0c23a1ea12f7,StartingBlock,45.404541,3649.94995,,,,1,0,0,3,1,0,0,-1192.66516,-850.912292,49.5722046,0.732875049,0.00581035065,-0.00740464404,-0.680298209
455,0,78a5b761-49c0-49b0-ba39-0c23a1ea12f7,StartingBlock,45.5043945,3650.0498,,,,1,0,0,3,1,0,0,-1185.22131,-813.282593,50.057045,0.732901335,0.00571556762,-0.00755960541,-0.680269003
456,0,78a5b761-49c0-49b0-ba39-0c23a1ea12f7,StartingBlock,45.6044922,3650.1499,,,,1,0,0,3,1,0,0,-1176.95239,-775.585144,50.5538445,0.732910454,0.0056237136,-0.00771165034,-0.680258214
457,0,78a5b761-49c0-49b0-ba39-0c23a1ea12f7,StartingBlock,45.7045898,3650.25,,,,1,0,0,3,1,0,0,-1167.85632,-737.82135,51.0625458,0.732908726,0.00553173479,-0.00786393974,-0.680259109
458,0,78a5b761-49c0-49b0-ba39-0c23a1ea12f7,StartingBlock,45.8044434,3650.34985,,,,1,0,0,3,1,0,0,-1157.93152,-699.992981,51.5830879,0.732889473,0.00544067705,-0.00801452063,-0.680278778
459,0,78a5b761-49c0-49b0-ba39-0c23a1ea12f7,StartingBlock,45.904541,3650.44995,,,,1,0,0,3,1,0,0,-1147.17712,-662.101868,52.1153946,0.732895017,0.00534908613,-0.00816562399,-0.680271745
460,0,78a5b761-49c0-49b0-ba39-0c23a1ea12f7,StartingBlock,46.0043945,3650.5498,,,,1,0,0,3,1,0,0,-1135.59119,-624.149841,52.6593933,0.732918143,0.00525803305,-0.00831690524,-0.680245697
461,0,78a5b761-49c0-49b0-ba39-0c23a1ea12f7,StartingBlock,46.1044922,3650.6499,Q,Q,,1,0,0,3,1,0,0,-1123.17188,-586.139038,53.2150154,0.732900739,0.00516583538,-0.00847012736,-0.68026334
462,0,78a5b761-49c0-49b0-ba39-0c23a1ea12f7,StartingBlock,46.2045898,3650.75,,,Q,1,0,0,3,1,0,0,-1110.14648,-548.098877,53.7778358,0.641037762,0.00610639714,-0.00790483132,-0.767444372
463,0,78a5b761-49c0-49b0-ba39-0c23a1ea12f7,StartingBlock,46.3044434,3650.84985,,,,1,0,0,3,1,0,0,-1096.44885,-510.16925,54.3496094,0.618464112,0.00621108571,-0.00786998123,-0.785749137
464,0,78a5b761-49c0-49b0-ba39-0c23a1ea12f7,StartingBlock,46.404541,3650.94995,,,,1,0,0,3,1,0,0,-1081.92773,-472.427002,54.9334946,0.618433654,0.00609088922,-0.00801086519,-0.785772622
465,0,78a5b761-49c0-49b0-ba39-0c23a1ea12f7,StartingBlock,46.5043945,3651.0498,,,,1,0,0,3,1,0,0,-1066.58911,-434.878876,55.529232,0.618475378,0.00596880307,-0.00815333333,-0.785739303
466,0,78a5b761-49c0-49b0-ba39-0c23a1ea12f7,StartingBlock,46.6044922,3651.1499,Q,,,1,0,0,3,1,0,0,-1050.43469,-397.532745,56.1366539,0.618404388,0.00584752951,-0.008295184,-0.785794497
467,0,78a5b761-49c0-49b0-ba39-0c23a1ea12f7,StartingBlock,46.7045898,3651.25,Q,Q,,1,0,0,3,1,0,0,-1033.65002,-360.359131,56.7517776,0.528841376,0.00660224492,-0.0077523645,-0.848659694
468,0,78a5b761-49c0-49b0-ba39-0c23a1ea12f7,StartingBlock,46.8044434,3651.34985,,,Q,1,0,0,3,1,0,0,-1016.33868,-323.465729,57.3730774,0.472753048,0.00694575347,-0.00743483985,-0.881136239
469,0,78a5b761-49c0-49b0-ba39-0c23a1ea12f7,StartingBlock,46.904541,3651.44995,,,,1,0,0,3,1,0,0,-998.314392,-287.042755,58.0051842,0.472929478,0.00678910129,-0.00756181637,-0.881041706
470,0,78a5b761-49c0-49b0-ba39-0c23a1ea12f7,StartingBlock,47.0043945,3651.5498,,,,1,0,0,3,1,0,0,-979.58844,-251.095367,58.6477699,0.472913235,0.00664022658,-0.0076844045,-0.881050467
471,0,78a5b761-49c0-49b0-ba39-0c23a1ea12f7,StartingBlock,47.1044922,3651.6499,,,,1,0,0,3,1,0,0,-960.163513,-215.629562,59.3006897,0.472911835,0.00648830691,-0.00780961756,-0.881051302
472,0,78a5b761-49c0-49b0-ba39-0c23a1ea12f7,StartingBlock,47.2045898,3651.75,,,,1,0,0,3,1,0,0,-940.042053,-180.651138,59.9638176,0.472907662,0.00633954676,-0.00793507136,-0.881053507
473,0,78a5b761-49c0-49b0-ba39-0c23a1ea12f7,StartingBlock,47.3044434,3651.84985,Q,Q,,1,0,0,3,1,0,0,-919.24707,-146.152008,60.6365623,0.454086244,0.00636064028,-0.00792635605,-0.890899777
474,0,78a5b761-49c0-49b0-ba39-0c23a1ea12f7,StartingBlock,47.404541,3651.94995,,,Q,1,0,0,3,1,0,0,-898.050354,-111.990036,61.3125954,0.312658787,0.00733974855,-0.00698762294,-0.949811518
475,0,78a5b761-49c0-49b0-ba39-0c23a1ea12f7,StartingBlock,47.5043945,3652.0498,,,,1,0,0,3,1,0,0,-876.412354,-78.4236603,61.9947968,0.295213789,0.0072832196,-0.00695204316,-0.955378234
476,0,78a5b761-49c0-49b0-ba39-0c23a1ea12f7,StartingBlock,47.6044922,3652.1499,,,,1,0,0,3,1,0,0,-854.295654,-45.5713234,62.6848335,0.295297533,0.0071023996,-0.00705146603,-0.955352962
477,0,78a5b761-49c0-49b0-ba39-0c23a1ea12f7,StartingBlock,47.7045898,3652.25,,Q,Q,1,0,0,3,1,0,0,-831.737976,-13.3864117,63.3815765,0.250848085,0.00724156154,-0.00682059536,-0.967975378
478,0,78a5b761-49c0-49b0-ba39-0c23a1ea12f7,StartingBlock,47.8044434,3652.34985,,,,1,0,0,3,1,0,0,-808.821411,18.1452026,64.0834732,0.230481774,0.00719158212,-0.0067554852,-0.973026633
479,0,78a5b761-49c0-49b0-ba39-0c23a1ea12f7,StartingBlock,47.904541,3652.44995,Q,Q,,1,0,0,3,1,0,0,-785.524658,48.9096184,64.7920074,0.21944268,0.00707771257,-0.00676050875,-0.975576341
480,0,78a5b761-49c0-49b0-ba39-0c23a1ea12f7,StartingBlock,48.0043945,3652.5498,,,Q,1,0,0,3,1,0,0,-761.974976,79.0845108,65.5032959,0.131569549,0.00745623838,-0.00618025055,-0.991259634
481,0,78a5b761-49c0-49b0-ba39-0c23a1ea12f7,StartingBlock,48.1044922,3652.6499,,,,1,0,0,3,1,0,0,-738.187378,108.448425,66.2194061,0.130554482,0.00725575304,-0.00623776531,-0.991394997
482,0,78a5b761-49c0-49b0-ba39-0c23a1ea12f7,StartingBlock,48.2045898,3652.75,,,,1,0,0,3,1,0,0,-714.168457,136.981491,66.9405365,0.130551204,0.00704954145,-0.00630185707,-0.991396546
483,0,78a5b761-49c0-49b0-ba39-0c23a1ea12f7,StartingBlock,48.3044434,3652.84985,,,,1,0,0,3,1,0,0,-689.919617,164.684265,67.6667633,0.130543232,0.00685086101,-0.00636458164,-0.991398573
484,0,78a5b761-49c0-49b0-ba39-0c23a1ea12f7,StartingBlock,48.404541,3652.94995,,,,1,0,0,3,1,0,0,-665.442078,191.557587,68.3981705,0.130532101,0.00664912025,-0.00642850529,-0.991400898
485,0,78a5b761-49c0-49b0-ba39-0c23a1ea12f7,StartingBlock,48.5043945,3653.0498,,,,1,0,0,3,1,0,0,-640.737122,217.602768,69.1348648,0.130543277,0.00644818181,-0.00649278751,-0.991400361
486,0,78a5b761-49c0-49b0-ba39-0c23a1ea12f7,StartingBlock,48.6044922,3653.1499,Q,,,1,0,0,3,1,0,0,-615.805725,242.821274,69.8769684,0.130552933,0.00624295557,-0.00655659521,-0.991400003
487,0,78a5b761-49c0-49b0-ba39-0c23a1ea12f7,StartingBlock,48.7045898,3653.25,Q,Q,,1,0,0,3,1,0,0,-590.702942,267.391327,70.6218262,0.021647159,0.00672348822,-0.00590489851,-0.99972564
488,0,78a5b761-49c0-49b0-ba39-0c23a1ea12f7,StartingBlock,48.8044434,3653.34985,Q,,,1,0,0,3,1,0,0,-565.562256,291.546387,71.3650818,-0.162353218,0.00747116655,-0.00460980041,-0.98669368
489,0,78a5b761-49c0-49b0-ba39-0c23a1ea12f7,StartingBlock,48.904541,3653.44995,,,Q,1,0,0,3,1,0,0,-540.53186,315.265045,72.1051559,-0.302442193,0.00782671291,-0.00347651122,-0.953129292
490,0,78a5b761-49c0-49b0-ba39-0c23a1ea12f7,StartingBlock,49.0043945,3653.5498,,,,1,0,0,3,1,0,0,-515.892029,338.296997,72.8414459,-0.305534214,0.00760941859,-0.00341338105,-0.952144623
491,0,78a5b761-49c0-49b0-ba39-0c23a1ea12f7,StartingBlock,49.1044922,3653.6499,,,,1,0,0,3,1,0,0,-491.674225,360.629639,73.5739059,-0.305511773,0.00738285016,-0.00337619241,-0.952153742
492,0,78a5b761-49c0-49b0-ba39-0c23a1ea12f7,StartingBlock,49.2045898,3653.75,,,,1,0,0,3,1,0,0,-467.877625,382.266083,74.3027573,-0.305530906,0.00714907888,-0.0033362906,-0.95214951
493,0,78a5b761-49c0-49b0-ba39-0c23a1ea12f7,StartingBlock,49.3044434,3653.84985,,,,1,0,0,3,1,0,0,-444.501587,403.20932,75.0281906,-0.305547118,0.00691703148,-0.00329771196,-0.952146113
494,0,78a5b761-49c0-49b0-ba39-0c23a1ea12f7,StartingBlock,49.404541,3653.94995,,,,1,0,0,3,1,0,0,-421.545837,423.461884,75.7504272,-0.305554479,0.00668930076,-0.00326010119,-0.952145517
495,0,78a5b761-49c0-49b0-ba39-0c23a1ea12f7,StartingBlock,49.5043945,3654.0498,,,,1,0,0,3,1,0,0,-399.012146,443.024658,76.4695969,-0.305580229,0.00645040115,-0.00321991812,-0.95213908
496,0,78a5b761-49c0-49b0-ba39-0c23a1ea12f7,StartingBlock,49.6044922,3654.1499,E,E,,1,0,0,3,1,0,0,-376.895752,461.90741,77.1858215,-0.294728965,0.00618758239,-0.00325476914,-0.95555532
497,0,78a5b761-49c0-49b0-ba39-0c23a1ea12f7,StartingBlock,49.7045898,3654.25,,,E,1,0,0,3,1,0,0,-355.066345,480.241089,77.8992538,-0.224524811,0.00571030565,-0.0036673008,-0.974444807
498,0,78a5b761-49c0-49b0-ba39-0c23a1ea12f7,StartingBlock,49.8044434,3654.34985,,,,1,0,0,3,1,0,0,-333.556824,497.828735,78.6116638,-0.224511161,0.00548350345,-0.00364937494,-0.974449277
499,0,78a5b761-49c0-49b0-ba39-0c23a1ea12f7,StartingBlock,49.904541,3654.44995,Q,Q,,1,0,0,3,1,0,0,-312.360382,514.673645,79.3232269,-0.235533878,0.00529559981,-0.00357121858,-0.97184521
500,0,78a5b761-49c0-49b0-ba39-0c23a1ea12f7,StartingBlock,50.0043945,3654.5498,Q,,,1,0,0,3,1,0,0,-291.367798,531.047363,80.0324707,-0.379325122,0.00554829184,-0.00271748542,-0.925242782
501,0,78a5b761-49c0-49b0-ba39-0c23a1ea12f7,StartingBlock,50.1044922,3654.6499,,,Q,1,0,0,3,1,0,0,-270.593109,547.126465,80.7377625,-0.54633069,0.00572664849,-0.00157083268,-0.837548614
502,0,78a5b761-49c0-49b0-ba39-0c23a1ea12f7,StartingBlock,50.2045898,3654.75,,,,1,0,0,3,1,0,0,-250.364456,562.897034,81.4367294,-0.573061645,0.00554809766,-0.00127673999,-0.819492519
503,0,78a5b761-49c0-49b0-ba39-0c23a1ea12f7,StartingBlock,50.3044434,3654.84985,,,,1,0,0,3,1,0,0,-230.852509,578.341553,82.1283264,-0.573043466,0.00532050664,-0.00116573612,-0.819506943
504,0,78a5b761-49c0-49b0-ba39-0c23a1ea12f7,StartingBlock,50.404541,3654.94995,,,,1,0,0,3,1,0,0,-212.05249,593.4646,82.8127136,-0.573045313,0.00510008261,-0.00105867337,-0.819507182
505,0,78a5b761-49c0-49b0-ba39-0c23a1ea12f7,StartingBlock,50.5043945,3655.0498,,,,1,0,0,3,1,0,0,-193.965698,608.266968,83.4900436,-0.573043406,0.00487532839,-0.000947171182,-0.819509923
506,0,78a5b761-49c0-49b0-ba39-0c23a1ea12f7,StartingBlock,50.6044922,3655.1499,E,,,1,0,0,3,1,0,0,-176.593307,622.749512,84.1604233,-0.573037088,0.0046512885,-0.000834827486,-0.819515765
507,0,78a5b761-49c0-49b0-ba39-0c23a1ea12f7,StartingBlock,50.7045898,3655.25,E,E,,1,0,0,3,1,0,0,-159.757767,636.970947,84.8248138,-0.480072528,0.00431672391,-0.00122256798,-0.877217293
508,0,78a5b761-49c0-49b0-ba39-0c23a1ea12f7,StartingBlock,50.8044434,3655.34985,E,,,1,0,0,3,1,0,0,-143.196411,650.956055,85.4848785,-0.310767472,0.00379958749,-0.00191438629,-0.950476468
509,0,78a5b761-49c0-49b0-ba39-0c23a1ea12f7,StartingBlock,50.904541,3655.44995,,,E,1,0,0,3,1,0,0,-126.824371,664.617859,86.1417847,-0.130161077,0.00316502084,-0.00254888949,-0.991484582
510,0,78a5b761-49c0-49b0-ba39-0c23a1ea12f7,StartingBlock,51.0043945,3655.5498,,,,1,0,0,3,1,0,0,-110.624886,677.598083,86.7978745,-0.110611007,0.00289818924,-0.00261858874,-0.993856192
511,0,78a5b761-49c0-49b0-ba39-0c23a1ea12f7,StartingBlock,51.1044922,3655.6499,,,,1,0,0,3,1,0,0,-94.5917053,689.7724,87.4540253,-0.110632196,0.00268158107,-0.0026295993,-0.993854403
512,0,78a5b761-49c0-49b0-ba39-0c23a1ea12f7,StartingBlock,51.2045898,3655.75,,,,1,0,0,3,1,0,0,-78.7241287,701.145142,88.1103668,-0.110640004,0.00246317848,-0.00263952394,-0.993853986
513,0,78a5b761-49c0-49b0-ba39-0c23a1ea12f7,StartingBlock,51.3044434,3655.84985,,,,1,0,0,3,1,0,0,-63.0228577,711.71698,88.766983,-0.110625453,0.00225079851,-0.00265140506,-0.993856132
514,0,78a5b761-49c0-49b0-ba39-0c23a1ea12f7,StartingBlock,51.404541,3655.94995,,,,1,0,0,3,1,0,0,-47.4885445,721.488525,89.4239807,-0.110548034,0.00203500502,-0.00266290712,-0.993865192
515,0,78a5b761-49c0-49b0-ba39-0c23a1ea12f7,StartingBlock,51.5043945,3656.0498,,,,1,0,0,3,1,0,0,-32.1216965,730.46051,90.081459,-0.110566504,0.00182122423,-0.00267261593,-0.993863463
516,0,78a5b761-49c0-49b0-ba39-0c23a1ea12f7,StartingBlock,51.6044922,3656.1499,E,E,,1,0,0,3,1,0,0,-16.9220066,738.637512,90.7394943,-0.106331378,0.00159223459,-0.00268825027,-0.994325936
517,0,78a5b761-49c0-49b0-ba39-0c23a1ea12f7,StartingBlock,51.7045898,3656.25,,,E,1,0,0,3,1,0,0,-1.82160878,746.22168,91.3971939,-0.0114545254,0.0011189651,-0.00283979299,-0.999929726
518,0,78a5b761-49c0-49b0-ba39-0c23a1ea12f7,StartingBlock,51.8044434,3656.34985,,,,1,0,0,3,1,0,0,13.2522755,753.025574,92.0558777,-0.00919872988,0.000908921473,-0.00287435786,-0.999953151
519,0,78a5b761-49c0-49b0-ba39-0c23a1ea12f7,StartingBlock,51.904541,3656.44995,,,,1,0,0,3,1,0,0,28.3116283,759.013245,92.7158508,-0.00920498744,0.000699498458,-0.0029078112,-0.99995321
520,0,78a5b761-49c0-49b0-ba39-0c23a1ea12f7,StartingBlock,52.0043945,3656.5498,,,,1,0,0,3,1,0,0,43.3559799,764.185242,93.3771973,-0.00915646367,0.000500234659,-0.00293994881,-0.999953687
521,0,78a5b761-49c0-49b0-ba39-0c23a1ea12f7,StartingBlock,52.1044922,3656.6499,,,,1,0,0,3,1,0,0,58.3848839,768.541992,94.039978,-0.00919091143,0.000302784814,-0.0029719607,-0.999953389
522,0,78a5b761-49c0-49b0-ba39-0c23a1ea12f7,StartingBlock,52.2045898,3656.75,,,,1,0,0,3,1,0,0,73.3978729,772.083862,94.7042694,-0.00917055737,0.000103385857,-0.00300606177,-0.999953508
523,0,78a5b761-49c0-49b0-ba39-0c23a1ea12f7,StartingBlock,52.3044434,3656.84985,,,,1,0,0,3,1,0,0,88.3945236,774.811096,95.3701248,-0.00914005097,-0.000101677826,-0.0030421454,-0.999953628
524,0,78a5b761-49c0-49b0-ba39-0c23a1ea12f7,StartingBlock,52.404541,3656.94995,,,,1,0,0,3,1,0,0,103.374382,776.723999,96.0375977,-0.00914298557,-0.00030870628,-0.00307923974,-0.999953449
525,0,78a5b761-49c0-49b0-ba39-0c23a1ea12f7,StartingBlock,52.5043945,3657.0498,,,,1,0,0,3,1,0,0,118.336998,777.822815,96.7067566,-0.00911844894,-0.000515762193,-0.00311613549,-0.999953508
526,0,78a5b761-49c0-49b0-ba39-0c23a1ea12f7,StartingBlock,52.6044922,3657.1499,,,,1,0,0,3,1,0,0,133.281937,778.107849,97.377655,-0.00911953673,-0.000722981349,-0.00315378257,-0.99995321
527,0,78a5b761-49c0-49b0-ba39-0c23a1ea12f7,StartingBlock,52.7045898,3657.25,,,,1,0,0,3,1,0,0,148.208725,777.579102,98.0503387,-0.00908840913,-0.000927979185,-0.00319268298,-0.999953151
528,0,78a5b761-49c0-49b0-ba39-0c23a1ea12f7,StartingBlock,52.8044434,3657.34985,,,,1,0,0,3,1,0,0,163.116959,776.236633,98.7248535,-0.00906503294,-0.0011330368,-0.00322926557,-0.999953032
529,0,78a5b761-49c0-49b0-ba39-0c23a1ea12f7,StartingBlock,52.904541,3657.44995,,,,1,0,0,3,1,0,0,178.006195,774.080566,99.4012527,-0.0090589067,-0.00134009682,-0.00326687121,-0.999952734
530,0,78a5b761-49c0-49b0-ba39-0c23a1ea12f7,StartingBlock,53.0043945,3657.5498,,,,1,0,0,3,1,0,0,192.875961,771.110962,100.079567,-0.00907340366,-0.00154325506,-0.00330253295,-0.999952197
531,0,78a5b761-49c0-49b0-ba39-0c23a1ea12f7,StartingBlock,53.1044922,3657.6499,,,,1,0,0,3,1,0,0,207.725784,767.327942,100.759827,-0.00904745609,-0.00175393745,-0.00333917118,-0.999951959
532,0,78a5b761-49c0-49b0-ba39-0c23a1ea12f7,StartingBlock,53.2045898,3657.75,,,,1,0,0,3,1,0,0,222.555176,762.731384,101.442055,-0.00909366272,-0.00195301941,-0.0033758881,-0.999951065
533,0,78a5b761-49c0-49b0-ba39-0c23a1ea12f7,StartingBlock,53.3044434,3657.84985,,,,1,0,0,3,1,0,0,237.363586,757.321228,102.126274,-0.00909781456,-0.00215756893,-0.00341112562,-0.999950469
534,0,78a5b761-49c0-49b0-ba39-0c23a1ea12f7,StartingBlock,53.404541,3657.94995,,,,1,0,0,3,1,0,0,252.150513,751.097473,102.812508,-0.00910510309,-0.00236203964,-0.00344711775,-0.999949872
535,0,78a5b761-49c0-49b0-ba39-0c23a1ea12f7,StartingBlock,53.5043945,3658.0498,,,,1,0,0,3,1,0,0,266.915405,744.059937,103.500755,-0.00909094047,-0.00256436178,-0.00348087982,-0.999949396
536,0,78a5b761-49c0-49b0-ba39-0c23a1ea12f7,StartingBlock,53.6044922,3658.1499,,,,1,0,0,3,1,0,0,281.657684,736.208435,104.191032,-0.00908909459,-0.00276658149,-0.00351163372,-0.99994868
537,0,78a5b761-49c0-49b0-ba39-0c23a1ea12f7,StartingBlock,53.7045898,3658.25,,,,1,0,0,3,1,0,0,296.37674,727.542725,104.883324,-0.0091214655,-0.00296662888,-0.00354035618,-0.999947727
538,0,78a5b761-49c0-49b0-ba39-0c23a1ea12f7,StartingBlock,53.8044434,3658.34985,,,,1,0,0,3,1,0,0,311.072052,718.062622,105.577621,-0.00911079533,-0.0031741939,-0.00356942974,-0.999947071
539,0,78a5b761-49c0-49b0-ba39-0c23a1ea12f7,StartingBlock,53.904541,3658.44995,,,,1,0,0,3,1,0,0,325.74292,707.768127,106.273903,-0.00914182793,-0.00337777589,-0.00359876594,-0.999946058
540,0,78a5b761-49c0-49b0-ba39-0c23a1ea12f7,StartingBlock,54.0043945,3658.5498,,,,1,0,0,3,1,0,0,340.388641,696.658813,106.97213,-0.00917517021,-0.00358299771,-0.0036277757,-0.999944925
541,0,78a5b761-49c0-49b0-ba39-0c23a1ea12f7,StartingBlock,54.1044922,3658.6499,,,,1,0,0,3,1,0,0,355.008545,684.734253,107.672272,-0.0091811344,-0.00379586662,-0.00365921133,-0.999943972
542,0,78a5b761-49c0-49b0-ba39-0c23a1ea12f7,StartingBlock,54.2045898,3658.75,,,,1,0,0,3,1,0,0,369.601898,671.994141,108.374298,-0.0091923885,-0.003998728,-0.00369343138,-0.999942958
543,0,78a5b761-49c0-49b0-ba39-0c23a1ea12f7,StartingBlock,54.3044434,3658.84985,,,,1,0,0,3,1,0,0,384.167908,658.438049,109.078171,-0.00919585582,-0.00420166971,-0.00372785632,-0.999942005
544,0,78a5b761-49c0-49b0-ba39-0c23a1ea12f7,StartingBlock,54.404541,3658.94995,,,,1,0,0,3,1,0,0,398.70575,644.065552,109.783829,-0.00921277422,-0.00440235017,-0.00376171502,-0.999940813
545,0,78a5b761-49c0-49b0-ba39-0c23a1ea12f7,StartingBlock,54.5043945,3659.0498,,,,1,0,0,3,1,0,0,413.214569,628.87616,110.491219,-0.00922342669,-0.00460274983,-0.00379447849,-0.99993974
546,0,78a5b761-49c0-49b0-ba39-0c23a1ea12f7,StartingBlock,54.6044922,3659.1499,,,,1,0,0,3,1,0,0,427.69342,612.86908,111.200287,-0.00922864024,-0.00480504893,-0.00382685708,-0.999938607
547,0,78a5b761-49c0-49b0-ba39-0c23a1ea12f7,StartingBlock,54.7045898,3659.25,,,,1,0,0,3,1,0,0,442.141449,596.044067,111.910942,-0.00923119672,-0.00500866491,-0.00386052532,-0.999937415
548,0,78a5b761-49c0-49b0-ba39-0c23a1ea12f7,StartingBlock,54.8044434,3659.34985,,,,1,0,0,3,1,0,0,456.557526,578.400452,112.623108,-0.00924639869,-0.00521207973,-0.00389434281,-0.999936104
549,0,78a5b761-49c0-49b0-ba39-0c23a1ea12f7,StartingBlock,54.904541,3659.44995,,,,1,0,0,3,1,0,0,470.940582,559.937927,113.336685,-0.00923444796,-0.00541734416,-0.00392699102,-0.999935031
550,0,78a5b761-49c0-49b0-ba39-0c23a1ea12f7,StartingBlock,55.0043945,3659.5498,,,,1,0,0,3,1,0,0,485.28952,540.655823,114.051552,-0.00924098678,-0.00561664952,-0.00396091118,-0.99993372
551,0,78a5b761-49c0-49b0-ba39-0c23a1ea12f7,StartingBlock,55.1044922,3659.6499,,,,1,0,0,3,1,0,0,499.603119,520.553589,114.767601,-0.00921094697,-0.00581198232,-0.00399524625,-0.999932706
552,0,78a5b761-49c0-49b0-ba39-0c23a1ea12f7,StartingBlock,55.2045898,3659.75,,,,1,0,0,3,1,0,0,513.880127,499.630524,115.484695,-0.00922355242,-0.00601303717,-0.00403179228,-0.999931276
553,0,78a5b761-49c0-49b0-ba39-0c23a1ea12f7,StartingBlock,55.3044434,3659.84985,,,,1,0,0,3,1,0,0,528.119019,477.886017,116.202698,-0.00924130343,-0.00621222472,-0.00406913599,-0.999929726
554,0,78a5b761-49c0-49b0-ba39-0c23a1ea12f7,StartingBlock,55.404541,3659.94995,,,,1,0,0,3,1,0,0,542.318359,455.319458,116.921448,-0.00925007928,-0.00641135825,-0.00410712976,-0.999928296
555,0,78a5b761-49c0-49b0-ba39-0c23a1ea12f7,StartingBlock,55.5043945,3660.0498,,,,1,0,0,3,1,0,0,556.476624,431.930237,117.640785,-0.00924509857,-0.00661239773,-0.00414634543,-0.999926865
556,0,78a5b761-49c0-49b0-ba39-0c23a1ea12f7,StartingBlock,55.6044922,3660.1499,Q,Q,,1,0,0,3,1,0,0,570.592224,407.729797,118.36042,-0.0206044931,-0.00675670011,-0.00426498987,-0.9997558
557,0,78a5b761-49c0-49b0-ba39-0c23a1ea12f7,StartingBlock,55.7045898,3660.25,,,Q,1,0,0,3,1,0,0,584.64502,382.992859,119.078117,-0.154086322,-0.00633397792,-0.00517122261,-0.988023579
558,0,78a5b761-49c0-49b0-ba39-0c23a1ea12f7,StartingBlock,55.8044434,3660.34985,,,,1,0,0,3,1,0,0,598.466858,357.544189,119.797432,-0.164117321,-0.00649387389,-0.00524833612,-0.986405551
559,0,78a5b761-49c0-49b0-ba39-0c23a1ea12f7,StartingBlock,55.904541,3660.44995,,,,1,0,0,3,1,0,0,612.004639,331.310577,120.519447,-0.164100468,-0.00670997007,-0.00526048942,-0.986406803
560,0,78a5b761-49c0-49b0-ba39-0c23a1ea12f7,StartingBlock,56.0043945,3660.5498,,,,1,0,0,3,1,0,0,625.256165,304.292297,121.243919,-0.164099053,-0.00692675496,-0.00527101755,-0.986405492
561,0,78a5b761-49c0-49b0-ba39-0c23a1ea12f7,StartingBlock,56.1044922,3660.6499,,,,1,0,0,3,1,0,0,638.219177,276.489075,121.970573,-0.164083242,-0.00714546349,-0.00528198015,-0.986406505
562,0,78a5b761-49c0-49b0-ba39-0c23a1ea12f7,StartingBlock,56.2045898,3660.75,,,,1,0,0,3,1,0,0,650.889648,247.903748,122.699028,-0.164106041,-0.00735601364,-0.00529488549,-0.986401081
563,0,78a5b761-49c0-49b0-ba39-0c23a1ea12f7,StartingBlock,56.3044434,3660.84985,,,,1,0,0,3,1,0,0,663.262451,218.541901,123.42881,-0.164097354,-0.00757429376,-0.00530592958,-0.986400843
564,0,78a5b761-49c0-49b0-ba39-0c23a1ea12f7,StartingBlock,56.404541,3660.94995,,,,1,0,0,3,1,0,0,675.332092,188.409988,124.159424,-0.164071694,-0.0077856672,-0.00531828217,-0.986403406
565,0,78a5b761-49c0-49b0-ba39-0c23a1ea12f7,StartingBlock,56.5043945,3661.0498,,,,1,0,0,3,1,0,0,687.093262,157.514816,124.89032,-0.164063901,-0.00799956266,-0.00533169648,-0.986402929
566,0,78a5b761-49c0-49b0-ba39-0c23a1ea12f7,StartingBlock,56.6044922,3661.1499,,,,1,0,0,3,1,0,0,698.540222,125.863953,125.620949,-0.164053202,-0.00821676664,-0.00534552569,-0.98640281
567,0,78a5b761-49c0-49b0-ba39-0c23a1ea12f7,StartingBlock,56.7045898,3661.25,,,,1,0,0,3,1,0,0,709.667419,93.4657288,126.350708,-0.164049774,-0.00843013451,-0.00535952067,-0.986401498
568,0,78a5b761-49c0-49b0-ba39-0c23a1ea12f7,StartingBlock,56.8044434,3661.34985,,,,1,0,0,3,1,0,0,720.469055,60.3291664,127.078979,-0.164031699,-0.00864031631,-0.00537225464,-0.986402631
569,0,78a5b761-49c0-49b0-ba39-0c23a1ea12f7,StartingBlock,56.904541,3661.44995,,,,1,0,0,3,1,0,0,730.939209,26.4639339,127.805115,-0.164011866,-0.00884698052,-0.00538647687,-0.986404002
570,0,78a5b761-49c0-49b0-ba39-0c23a1ea12f7,StartingBlock,57.0043945,3661.5498,,,,1,0,0,3,1,0,0,741.072266,-8.11984634,128.528427,-0.164011881,-0.00905486196,-0.00540276198,-0.986402094
571,0,78a5b761-49c0-49b0-ba39-0c23a1ea12f7,StartingBlock,57.1044922,3661.6499,,,,1,0,0,3,1,0,0,750.862305,-43.4111862,129.24823,-0.163996592,-0.00926977582,-0.00541421538,-0.986402571
572,0,78a5b761-49c0-49b0-ba39-0c23a1ea12f7,StartingBlock,57.2045898,3661.75,,,,1,0,0,3,1,0,0,760.30365,-79.3986206,129.963791,-0.164000556,-0.00946571119,-0.00543146115,-0.986399889
573,0,78a5b761-49c0-49b0-ba39-0c23a1ea12f7,StartingBlock,57.3044434,3661.84985,,,,1,0,0,3,1,0,0,769.390869,-116.070107,130.674408,-0.16399084,-0.00968385395,-0.00544774393,-0.986399293
574,0,78a5b761-49c0-49b0-ba39-0c23a1ea12f7,StartingBlock,57.404541,3661.94995,Q,Q,,1,0,0,3,1,0,0,778.119751,-153.409332,131.379333,-0.168179959,-0.00988311879,-0.00550783612,-0.985691428
575,0,78a5b761-49c0-49b0-ba39-0c23a1ea12f7,StartingBlock,57.5043945,3662.0498,,,,1,0,0,3,1,0,0,786.557678,-191.148727,132.074402,-0.304433435,-0.00923040137,-0.00685800146,-0.952464163
576,0,78a5b761-49c0-49b0-ba39-0c23a1ea12f7,StartingBlock,57.6044922,3662.1499,,,Q,1,0,0,3,1,0,0,794.540771,-229.262482,132.762299,-0.350067973,-0.00911190268,-0.00727694202,-0.936651766
577,0,78a5b761-49c0-49b0-ba39-0c23a1ea12f7,StartingBlock,57.7045898,3662.25,Q,Q,,1,0,0,3,1,0,0,801.89093,-267.87262,133.447174,-0.350013494,-0.00933969487,-0.00725493534,-0.936670065
578,0,78a5b761-49c0-49b0-ba39-0c23a1ea12f7,StartingBlock,57.8044434,3662.34985,Q,,,1,0,0,3,1,0,0,808.750427,-306.780731,134.123886,-0.465607911,-0.00857701153,-0.00836034119,-0.884910047
579,0,78a5b761-49c0-49b0-ba39-0c23a1ea12f7,StartingBlock,57.904541,3662.44995,,,Q,1,0,0,3,1,0,0,815.127991,-345.793243,134.790359,-0.569381475,-0.00773518812,-0.00927396398,-0.821984768
580,0,78a5b761-49c0-49b0-ba39-0c23a1ea12f7,StartingBlock,58.0043945,3662.5498,Q,Q,,1,0,0,3,1,0,0,820.675049,-384.953125,135.454514,-0.574027419,-0.00791219622,-0.00923326984,-0.818745852
581,0,78a5b761-49c0-49b0-ba39-0c23a1ea12f7,StartingBlock,58.1044922,3662.6499,Q,,,1,0,0,3,1,0,0,825.616943,-424.138519,136.110001,-0.682927907,-0.00677135307,-0.0101628313,-0.730383694
582,0,78a5b761-49c0-49b0-ba39-0c23a1ea12f7,StartingBlock,58.2045898,3662.75,Q,,,1,0,0,3,1,0,0,830.09552,-463.200592,136.752289,-0.807195663,-0.00497823954,-0.0111191794,-0.590158284
583,0,78a5b761-49c0-49b0-ba39-0c23a1ea12f7,StartingBlock,58.3044434,3662.84985,,,Q,1,0,0,3,1,0,0,833.953064,-501.940643,137.383957,-0.846839666,-0.0043877759,-0.0112334657,-0.531711638
584,0,78a5b761-49c0-49b0-ba39-0c23a1ea12f7,StartingBlock,58.404541,3662.94995,,,,1,0,0,3,1,0,0,836.975159,-540.189758,138.009232,-0.846819818,-0.004573246,-0.0110312533,-0.531745911
585,0,78a5b761-49c0-49b0-ba39-0c23a1ea12f7,StartingBlock,58.5043945,3663.0498,Q,Q,,1,0,0,3,1,0,0,839.214417,-577.962952,138.626999,-0.863810182,-0.0044013462,-0.0109700961,-0.503678799
586,0,78a5b761-49c0-49b0-ba39-0c23a1ea12f7,StartingBlock,58.6044922,3663.1499,,,,1,0,0,3,1,0,0,840.977112,-615.369751,139.230606,-0.935370743,-0.0026977805,-0.0113435173,-0.353476644
587,0,78a5b761-49c0-49b0-ba39-0c23a1ea12f7,StartingBlock,58.7045898,3663.25,,,Q,1,0,0,3,1,0,0,842.251343,-652.184326,139.81987,-0.951851606,-0.0022679253,-0.0112009607,-0.306346208
588,0,78a5b761-49c0-49b0-ba39-0c23a1ea12f7,StartingBlock,58.8044434,3663.34985,,,,1,0,0,3,1,0,0,842.9505,-688.203613,140.396515,-0.951884687,-0.00239303289,-0.01094463,-0.306251585
589,0,78a5b761-49c0-49b0-ba39-0c23a1ea12f7,StartingBlock,58.904541,3663.44995,,,,1,0,0,3,1,0,0,843.086975,-723.436218,140.960724,-0.951908886,-0.002518964,-0.0106843384,-0.30618462
590,0,78a5b761-49c0-49b0-ba39-0c23a1ea12f7,StartingBlock,59.0043945,3663.5498,,,,1,0,0,3,1,0,0,842.664856,-757.884277,141.512848,-0.951902986,-0.00264847837,-0.01042262,-0.306210965
591,0,78a5b761-49c0-49b0-ba39-0c23a1ea12f7,StartingBlock,59.1044922,3663.6499,,,,1,0,0,3,1,0,0,841.688354,-791.55072,142.05336,-0.951921463,-0.00277581508,-0.0101701673,-0.306160688
592,0,78a5b761-49c0-49b0-ba39-0c23a1ea12f7,StartingBlock,59.2045898,3663.75,,,,1,0,0,3,1,0,0,840.161987,-824.43927,142.582733,-0.951940417,-0.002903827,-0.00991845131,-0.306108922
593,0,78a5b761-49c0-49b0-ba39-0c23a1ea12f7,StartingBlock,59.3044434,3663.84985,,,,1,0,0,3,1,0,0,838.090027,-856.553589,143.101471,-0.951916873,-0.00303406292,-0.00966413599,-0.306189179
594,0,78a5b761-49c0-49b0-ba39-0c23a1ea12f7,StartingBlock,59.404541,3663.94995,,,,1,0,0,3,1,0,0,835.476685,-887.897888,143.610092,-0.951908827,-0.00316348136,-0.00942167826,-0.306220204
595,0,78a5b761-49c0-49b0-ba39-0c23a1ea12f7,StartingBlock,59.5043945,3664.0498,,,,1,0,0,3,1,0,0,832.32605,-918.47644,144.109131,-0.951912403,-0.00329780346,-0.00916634779,-0.306215554
596,0,78a5b761-49c0-49b0-ba39-0c23a1ea12f7,StartingBlock,59.6044922,3664.1499,,,,1,0,0,3,1,0,0,828.642334,-948.293945,144.599136,-0.95193702,-0.0034319351,-0.00890694931,-0.306145281
597,0,78a5b761-49c0-49b0-ba39-0c23a1ea12f7,StartingBlock,59.7045898,3664.25,,,,1,0,0,3,1,0,0,824.429382,-977.354858,145.080673,-0.951928139,-0.0035630723,-0.00865576975,-0.30617854
598,0,78a5b761-49c0-49b0-ba39-0c23a1ea12f7,StartingBlock,59.8044434,3664.34985,,,,1,0,0,3,1,0,0,819.690979,-1005.66364,145.554245,-0.951928496,-0.00369827054,-0.00840262882,-0.306182832
599,0,78a5b761-49c0-49b0-ba39-0c23a1ea12f7,StartingBlock,59.904541,3664.44995,,,,1,0,0,3,1,0,0,814.430725,-1033.22498,146.02037,-0.951894462,-0.00383395609,-0.00816196669,-0.306293398
600,0,78a5b761-49c0-49b0-ba39-0c23a1ea12f7,StartingBlock,60.0043945,3664.5498,,,,1,0,0,3,1,0,0,808.652283,-1060.04382,146.479553,-0.951902151,-0.0039694435,-0.00791383069,-0.306274474
601,0,78a5b761-49c0-49b0-ba39-0c23a1ea12f7,StartingBlock,60.1044922,3664.6499,,,,1,0,0,3,1,0,0,802.358459,-1086.12402,146.932327,-0.951933146,-0.00410035765,-0.00766151072,-0.306182891
602,0,78a5b761-49c0-49b0-ba39-0c23a1ea12f7,StartingBlock,60.2045898,3664.75,,,,1,0,0,3,1,0,0,795.55249,-1111.47009,147.379135,-0.95192349,-0.00422531366,-0.00741539849,-0.306216955
603,0,78a5b761-49c0-49b0-ba39-0c23a1ea12f7,StartingBlock,60.3044434,3664.84985,,,,1,0,0,3,1,0,0,788.237122,-1136.08582,147.820419,-0.951921761,-0.00435246527,-0.00715937186,-0.306226611
604,0,78a5b761-49c0-49b0-ba39-0c23a1ea12f7,StartingBlock,60.404541,3664.94995,E,E,,1,0,0,3,1,0,0,780.41687,-1159.97754,148.256561,-0.950710773,-0.00450268481,-0.00690443022,-0.309969723
605,0,78a5b761-49c0-49b0-ba39-0c23a1ea12f7,StartingBlock,60.5043945,3665.0498,,,E,1,0,0,3,1,0,0,772.235474,-1183.36987,148.684769,-0.897974372,-0.00554686552,-0.00595406396,-0.439972579
606,0,78a5b761-49c0-49b0-ba39-0c23a1ea12f7,StartingBlock,60.6044922,3665.1499,,,,1,0,0,3,1,0,0,763.516968,-1206.28943,149.108093,-0.884556115,-0.00588378729,-0.00556762749,-0.466363519
607,0,78a5b761-49c0-49b0-ba39-0c23a1ea12f7,StartingBlock,60.7045898,3665.25,,,,1,0,0,3,1,0,0,754.108582,-1228.67798,149.529648,-0.884585559,-0.00604390539,-0.00536237704,-0.466308057
608,0,78a5b761-49c0-49b0-ba39-0c23a1ea12f7,StartingBlock,60.8044434,3665.34985,,,,1,0,0,3,1,0,0,744.015869,-1250.54175,149.949692,-0.884550035,-0.00620538322,-0.0051631243,-0.46637553
609,0,78a5b761-49c0-49b0-ba39-0c23a1ea12f7,StartingBlock,60.904541,3665.44995,E,E,,1,0,0,3,1,0,0,733.244202,-1271.88611,150.368484,-0.882544935,-0.00639477186,-0.00493186433,-0.470158815
610,0,78a5b761-49c0-49b0-ba39-0c23a1ea12f7,StartingBlock,61.0043945,3665.5498,,,E,1,0,0,3,1,0,0,722.005798,-1292.87341,150.782227,-0.808075905,-0.00718025165,-0.00379483565,-0.589022517
611,0,78a5b761-49c0-49b0-ba39-0c23a1ea12f7,StartingBlock,61.1044922,3665.6499,,,,1,0,0,3,1,0,0,710.140198,-1313.58752,151.192978,-0.790357411,-0.0074786162,-0.00341619039,-0.612590969
612,0,78a5b761-49c0-49b0-ba39-0c23a1ea12f7,StartingBlock,61.2045898,3665.75,,,,1,0,0,3,1,0,0,697.48291,-1334.02539,151.603516,-0.790431201,-0.00766393216,-0.00326304697,-0.61249423
613,0,78a5b761-49c0-49b0-ba39-0c23a1ea12f7,StartingBlock,61.3044434,3665.84985,,,,1,0,0,3,1,0,0,684.040405,-1354.19116,152.014038,-0.790347934,-0.00785155594,-0.00310585485,-0.612600148
614,0,78a5b761-49c0-49b0-ba39-0c23a1ea12f7,StartingBlock,61.404541,3665.94995,,,,1,0,0,3,1,0,0,669.814026,-1374.08618,152.424835,-0.790328622,-0.00803920347,-0.00294590159,-0.612623394
615,0,78a5b761-49c0-49b0-ba39-0c23a1ea12f7,StartingBlock,61.5043945,3666.0498,,,,1,0,0,3,1,0,0,654.80542,-1393.71204,152.836166,-0.790349841,-0.0082256021,-0.00278533646,-0.612594306
616,0,78a5b761-49c0-49b0-ba39-0c23a1ea12f7,StartingBlock,61.6044922,3666.1499,,,,1,0,0,3,1,0,0,639.015686,-1413.06995,153.248291,-0.790346026,-0.00841649156,-0.00261437381,-0.612597406
617,0,78a5b761-49c0-49b0-ba39-0c23a1ea12f7,StartingBlock,61.7045898,3666.25,,,,1,0,0,3,1,0,0,622.446228,-1432.16101,153.661453,-0.790274084,-0.0086024506,-0.00244362932,-0.612688303
618,0,78a5b761-49c0-49b0-ba39-0c23a1ea12f7,StartingBlock,61.8044434,3666.34985,,,,1,0,0,3,1,0,0,605.097961,-1450.98657,154.075897,-0.79028362,-0.00877772365,-0.00229070033,-0.612674177
619,0,78a5b761-49c0-49b0-ba39-0c23a1ea12f7,StartingBlock,61.904541,3666.44995,,,,1,0,0,3,1,0,0,586.971985,-1469.54749,154.491837,-0.790286064,-0.00896160863,-0.00212488417,-0.612668872
620,0,78a5b761-49c0-49b0-ba39-0c23a1ea12f7,StartingBlock,62.0043945,3666.5498,,,,1,0,0,3,1,0,0,568.069519,-1487.84497,154.909485,-0.790341854,-0.0091435127,-0.00195899582,-0.612594783
621,0,78a5b761-49c0-49b0-ba39-0c23a1ea12f7,StartingBlock,62.1044922,3666.6499,,,,1,0,0,3,1,0,0,548.391907,-1505.88,155.329056,-0.79043597,-0.00932467915,-0.00179862848,-0.612470984
622,0,78a5b761-49c0-49b0-ba39-0c23a1ea12f7,StartingBlock,62.2045898,3666.75,,,,1,0,0,3,1,0,0,527.939758,-1523.6532,155.750778,-0.79043299,-0.0095139984,-0.00162943162,-0.612472594
623,0,78a5b761-49c0-49b0-ba39-0c23a1ea12f7,StartingBlock,62.3044434,3666.84985,,,,1,0,0,3,1,0,0,506.713593,-1541.16553,156.174866,-0.790407181,-0.00970672164,-0.00146174512,-0.612503171
624,0,78a5b761-49c0-49b0-ba39-0c23a1ea12f7,StartingBlock,62.404541,3666.94995,,,,1,0,0,3,1,0,0,484.71402,-1558.41797,156.601547,-0.790427804,-0.00988552533,-0.00130490947,-0.612474024
625,0,78a5b761-49c0-49b0-ba39-0c23a1ea12f7,StartingBlock,62.5043945,3667.0498,,,,1,0,0,3,1,0,0,461.941864,-1575.41187,157.031021,-0.79046458,-0.0100739393,-0.00113583275,-0.612423956
626,0,78a5b761-49c0-49b0-ba39-0c23a1ea12f7,StartingBlock,62.6044922,3667.1499,,,,1,0,0,3,1,0,0,438.397522,-1592.14795,157.463547,-0.790487528,-0.0102565391,-0.000977189862,-0.612391472
627,0,78a5b761-49c0-49b0-ba39-0c23a1ea12f7,StartingBlock,62.7045898,3667.25,,,,1,0,0,3,1,0,0,414.081451,-1608.62744,157.899323,-0.790572822,-0.0104356539,-0.000824232178,-0.612278581
628,0,78a5b761-49c0-49b0-ba39-0c23a1ea12f7,StartingBlock,62.8044434,3667.34985,,,,1,0,0,3,1,0,0,388.994324,-1624.85071,158.338593,-0.79065001,-0.010614099,-0.000669122266,-0.612176061
629,0,78a5b761-49c0-49b0-ba39-0c23a1ea12f7,StartingBlock,62.904541,3667.44995,,,,1,0,0,3,1,0,0,363.138275,-1640.81775,158.781555,-0.790639997,-0.0107940389,-0.000509568898,-0.612185955
630,0,78a5b761-49c0-49b0-ba39-0c23a1ea12f7,StartingBlock,63.0043945,3667.5498,,,,1,0,0,3,1,0,0,336.514771,-1656.52881,159.228394,-0.790629864,-0.0109734386,-0.000350057438,-0.612195969
631,0,78a5b761-49c0-49b0-ba39-0c23a1ea12f7,StartingBlock,63.1044922,3667.6499,Q,Q,,1,0,0,3,1,0,0,309.183807,-1671.9978,159.678314,-0.817926466,-0.0111329192,-0.000685777923,-0.575214744
632,0,78a5b761-49c0-49b0-ba39-0c23a1ea12f7,StartingBlock,63.2045898,3667.75,,,Q,1,0,0,3,1,0,0,281.400604,-1687.22986,160.127853,-0.875400662,-0.0111552104,-0.00171106856,-0.483266354
633,0,78a5b761-49c0-49b0-ba39-0c23a1ea12f7,StartingBlock,63.3044434,3667.84985,,,,1,0,0,3,1,0,0,252.957825,-1702.00537,160.584045,-0.876049936,-0.0113058724,-0.00152630406,-0.482085496
634,0,78a5b761-49c0-49b0-ba39-0c23a1ea12f7,StartingBlock,63.404541,3667.94995,Q,Q,,1,0,0,3,1,0,0,223.860596,-1716.31299,161.047241,-0.881445885,-0.0114439735,-0.00145255518,-0.472144216
635,0,78a5b761-49c0-49b0-ba39-0c23a1ea12f7,StartingBlock,63.5043945,3668.0498,,,Q,1,0,0,3,1,0,0,194.355515,-1730.28064,161.511978,-0.936635613,-0.0112944217,-0.00277179503,-0.350112021
636,0,78a5b761-49c0-49b0-ba39-0c23a1ea12f7,StartingBlock,63.6044922,3668.1499,,,,1,0,0,3,1,0,0,164.381195,-1743.67578,161.983749,-0.940221965,-0.0113892015,-0.0026607099,-0.340361446
637,0,78a5b761-49c0-49b0-ba39-0c23a1ea12f7,StartingBlock,63.7045898,3668.25,,,,1,0,0,3,1,0,0,133.904327,-1756.41772,162.464844,-0.940229237,-0.011512124,-0.00243698596,-0.340339035
638,0,78a5b761-49c0-49b0-ba39-0c23a1ea12f7,StartingBlock,63.8044434,3668.34985,,,,1,0,0,3,1,0,0,102.927902,-1768.50793,162.955414,-0.940222859,-0.0116437068,-0.00220215018,-0.340353549
639,0,78a5b761-49c0-49b0-ba39-0c23a1ea12f7,StartingBlock,63.904541,3668.44995,,,,1,0,0,3,1,0,0,71.4536819,-1779.94739,163.455688,-0.940215826,-0.0117720887,-0.00197527977,-0.340370238
640,0,78a5b761-49c0-49b0-ba39-0c23a1ea12f7,StartingBlock,64.0043945,3668.5498,,,,1,0,0,3,1,0,0,39.4831772,-1790.73669,163.965927,-0.940222979,-0.0118984487,-0.00175243686,-0.34034729
641,0,78a5b761-49c0-49b0-ba39-0c23a1ea12f7,StartingBlock,64.1044922,3668.6499,,,,1,0,0,3,1,0,0,7.01827812,-1800.87683,164.486328,-0.940230012,-0.0120241484,-0.00152672571,-0.340324163
642,0,78a5b761-49c0-49b0-ba39-0c23a1ea12f7,StartingBlock,64.2045898,3668.75,,,,1,0,0,3,1,0,0,-25.9393559,-1810.36877,165.01712,-0.940311968,-0.0121498257,-0.00131265167,-0.340094358
643,0,78a5b761-49c0-49b0-ba39-0c23a1ea12f7,StartingBlock,64.3044434,3668.84985,,,,1,0,0,3,1,0,0,-59.3881111,-1819.21301,165.558548,-0.940316141,-0.0122824293,-0.00108388986,-0.340078741
644,0,78a5b761-49c0-49b0-ba39-0c23a1ea12f7,StartingBlock,64.404541,3668.94995,,,,1,0,0,3,1,0,0,-93.3263321,-1827.41052,166.110809,-0.940310121,-0.0124073625,-0.000872850476,-0.340091407
645,0,78a5b761-49c0-49b0-ba39-0c23a1ea12f7,StartingBlock,64.5043945,3669.0498,,,,1,0,0,3,1,0,0,-127.752594,-1834.9624,166.674164,-0.940334141,-0.0125292195,-0.000657892087,-0.340021104
646,0,78a5b761-49c0-49b0-ba39-0c23a1ea12f7,StartingBlock,64.6044922,3669.1499,,,,1,0,0,3,1,0,0,-162.665619,-1841.86951,167.24884,-0.94034481,-0.0126570668,-0.000423857477,-0.339987099
647,0,78a5b761-49c0-49b0-ba39-0c23a1ea12f7,StartingBlock,64.7045898,3669.25,Q,Q,,1,0,0,3,1,0,0,-198.038254,-1848.16309,167.834106,-0.950999618,-0.012764913,-0.000614673074,-0.308927923
648,0,78a5b761-49c0-49b0-ba39-0c23a1ea12f7,StartingBlock,64.8044434,3669.34985,,,Q,1,0,0,3,1,0,0,-233.653549,-1854.03992,168.423523,-0.984033227,-0.0126807056,-0.00208427454,-0.177520305
649,0,78a5b761-49c0-49b0-ba39-0c23a1ea12f7,StartingBlock,64.904541,3669.44995,,,,1,0,0,3,1,0,0,-269.520508,-1859.20154,169.024643,-0.985079885,-0.0127463983,-0.00191449851,-0.171614498
650,0,78a5b761-49c0-49b0-ba39-0c23a1ea12f7,StartingBlock,65.0043945,3669.5498,,,,1,0,0,3,1,0,0,-305.637848,-1863.58936,169.639099,-0.985081851,-0.0128282281,-0.00166204502,-0.171599671
651,0,78a5b761-49c0-49b0-ba39-0c23a1ea12f7,StartingBlock,65.1044922,3669.6499,,,,1,0,0,3,1,0,0,-342.004242,-1867.2052,170.26709,-0.985075414,-0.0129092531,-0.00141778856,-0.17163308
652,0,78a5b761-49c0-49b0-ba39-0c23a1ea12f7,StartingBlock,65.2045898,3669.75,,,,1,0,0,3,1,0,0,-378.61853,-1870.05029,170.908829,-0.98508656,-0.012992274,-0.00117069716,-0.171564281
653,0,78a5b761-49c0-49b0-ba39-0c23a1ea12f7,StartingBlock,65.3044434,3669.84985,,,,1,0,0,3,1,0,0,-415.479736,-1872.1261,171.564529,-0.985083699,-0.0130741028,-0.00092716678,-0.171576396
654,0,78a5b761-49c0-49b0-ba39-0c23a1ea12f7,StartingBlock,65.404541,3669.94995,,,,1,0,0,3,1,0,0,-452.587006,-1873.43347,172.234406,-0.985087454,-0.0131552266,-0.000667742861,-0.171550006
655,0,78a5b761-49c0-49b0-ba39-0c23a1ea12f7,StartingBlock,65.5043945,3670.0498,,,,1,0,0,3,1,0,0,-489.939484,-1873.974,172.918655,-0.985087752,-0.0132341841,-0.000412361667,-0.171542689
656,0,78a5b761-49c0-49b0-ba39-0c23a1ea12f7,StartingBlock,65.6044922,3670.1499,Q,Q,,1,0,0,3,1,0,0,-527.535217,-1873.7522,173.617386,-0.985752881,-0.0133137265,-0.000218331668,-0.167672127
657,0,78a5b761-49c0-49b0-ba39-0c23a1ea12f7,StartingBlock,65.7045898,3670.25,Q,,,1,0,0,3,1,0,0,-565.271606,-1873.01135,174.323944,-0.999519229,-0.0132374475,-0.00181779813,-0.0279778317
658,0,78a5b761-49c0-49b0-ba39-0c23a1ea12f7,StartingBlock,65.8044434,3670.34985,,,Q,1,0,0,3,1,0,0,-603.004822,-1871.71057,175.038986,-0.999138415,-0.0131165162,-0.00241947919,0.0393019132
659,0,78a5b761-49c0-49b0-ba39-0c23a1ea12f7,StartingBlock,65.904541,3670.44995,,,,1,0,0,3,1,0,0,-640.662964,-1869.59229,175.769211,-0.999145627,-0.013137728,-0.00214087451,0.0391261168
660,0,78a5b761-49c0-49b0-ba39-0c23a1ea12f7,StartingBlock,66.0043945,3670.5498,,,,1,0,0,3,1,0,0,-678.242371,-1866.67017,176.514465,-0.999147058,-0.0131586222,-0.0018845275,0.039097812
661,0,78a5b761-49c0-49b0-ba39-0c23a1ea12f7,StartingBlock,66.1044922,3670.6499,,,,1,0,0,3,1,0,0,-715.742554,-1862.94531,177.274948,-0.999147236,-0.0131811444,-0.00162382773,0.0390965901
662,0,78a5b761-49c0-49b0-ba39-0c23a1ea12f7,StartingBlock,66.2045898,3670.75,,,,1,0,0,3,1,0,0,-753.163086,-1858.41919,178.050812,-0.999146581,-0.0132058132,-0.00135572313,0.0391144827
663,0,78a5b761-49c0-49b0-ba39-0c23a1ea12f7,StartingBlock,66.3044434,3670.84985,Q,Q,,1,0,0,3,1,0,0,-790.507507,-1853.15405,178.840622,-0.9962762,-0.0131614031,-0.00168048963,0.085191898
664,0,78a5b761-49c0-49b0-ba39-0c23a1ea12f7,StartingBlock,66.404541,3670.94995,,,Q,1,0,0,3,1,0,0,-827.730347,-1847.37158,179.638626,-0.984422982,-0.01295212,-0.002577757,0.175319582
665,0,78a5b761-49c0-49b0-ba39-0c23a1ea12f7,StartingBlock,66.5043945,3671.0498,,,,1,0,0,3,1,0,0,-864.674622,-1840.83521,180.451187,-0.98439157,-0.012930573,-0.0023021237,0.175501704
666,0,78a5b761-49c0-49b0-ba39-0c23a1ea12f7,StartingBlock,66.6044922,3671.1499,,,,1,0,0,3,1,0,0,-901.332031,-1833.54688,181.278397,-0.984409571,-0.0129074259,-0.00202215882,0.175406009
667,0,78a5b761-49c0-49b0-ba39-0c23a1ea12f7,StartingBlock,66.7045898,3671.25,,,,1,0,0,3,1,0,0,-937.702515,-1825.50781,182.120392,-0.984428287,-0.0128833978,-0.00174340268,0.175305381
668,0,78a5b761-49c0-49b0-ba39-0c23a1ea12f7,StartingBlock,66.8044434,3671.34985,,,,1,0,0,3,1,0,0,-973.78595,-1816.71887,182.977371,-0.984412432,-0.0128569612,-0.00147262914,0.17539911
669,0,78a5b761-49c0-49b0-ba39-0c23a1ea12f7,StartingBlock,66.904541,3671.44995,,,,1,0,0,3,1,0,0,-1009.58209,-1807.18127,183.849411,-0.984415889,-0.0128326556,-0.00119365938,0.175383195
670,0,78a5b761-49c0-49b0-ba39-0c23a1ea12f7,StartingBlock,67.0043945,3671.5498,,,,1,0,0,3,1,0,0,-1045.09106,-1796.896,184.736679,-0.984416783,-0.0128112128,-0.000922768726,0.175381586
671,0,78a5b761-49c0-49b0-ba39-0c23a1ea12f7,StartingBlock,67.1044922,3671.6499,,,,1,0,0,3,1,0,0,-1080.3125,-1785.86401,185.639282,-0.984411597,-0.01279514,-0.000667383894,0.175412759
672,0,78a5b761-49c0-49b0-ba39-0c23a1ea12f7,StartingBlock,67.2045898,3671.75,,,,1,0,0,3,1,0,0,-1115.2467,-1774.08667,186.557358,-0.984438658,-0.0127771888,-0.000389911991,0.175263181
673,0,78a5b761-49c0-49b0-ba39-0c23a1ea12f7,StartingBlock,67.3044434,3671.84985,,,,1,0,0,3,1,0,0,-1149.89355,-1761.56506,187.491028,-0.984436274,-0.0127616525,-0.000117718679,0.175278202
674,0,78a5b761-49c0-49b0-ba39-0c23a1ea12f7,StartingBlock,67.404541,3671.94995,,,,1,0,0,3,1,0,0,-1184.25293,-1748.29956,188.44043,-0.984453738,-0.0127429292,0.00017077259,0.175181508
675,0,78a5b761-49c0-49b0-ba39-0c23a1ea12f7,StartingBlock,67.5043945,3672.0498,,,,1,0,0,3,1,0,0,-1218.32495,-1734.29077,189.405685,-0.984410703,-0.0127233425,0.000450872234,0.175423741
676,0,78a5b761-49c0-49b0-ba39-0c23a1ea12f7,StartingBlock,67.6044922,3672.1499,,,,1,0,0,3,1,0,0,-1252.10925,-1719.54004,190.386948,-0.98440659,-0.0127120903,0.000713087269,0.175446764
677,0,78a5b761-49c0-49b0-ba39-0c23a1ea12f7,StartingBlock,67.7045898,3672.25,Q,Q,,1,0,0,3,1,0,0,-1285.61475,-1704.07275,191.383636,-0.980472803,-0.0127203921,0.00072614901,0.196241811
678,0,78a5b761-49c0-49b0-ba39-0c23a1ea12f7,StartingBlock,67.8044434,3672.34985,,,Q,1,0,0,3,1,0,0,-1318.92163,-1688.18323,192.388168,-0.938958764,-0.0126694301,-0.000945476233,0.343795031
679,0,78a5b761-49c0-49b0-ba39-0c23a1ea12f7,StartingBlock,67.904541,3672.44995,,,,1,0,0,3,1,0,0,-1351.79114,-1671.77148,193.404724,-0.932468295,-0.0125916731,-0.000902432483,0.361031264
680,0,78a5b761-49c0-49b0-ba39-0c23a1ea12f7,StartingBlock,68.0043945,3672.5498,,,,1,0,0,3,1,0,0,-1384.11877,-1654.77075,194.435822,-0.932492971,-0.0125393793,-0.000636821438,0.36096999
681,0,78a5b761-49c0-49b0-ba39-0c23a1ea12f7,StartingBlock,68.1044922,3672.6499,,,,1,0,0,3,1,0,0,-1415.90625,-1637.18457,195.481476,-0.932467341,-0.0124776391,-0.000344545377,0.361038655
682,0,78a5b761-49c0-49b0-ba39-0c23a1ea12f7,StartingBlock,68.2045898,3672.75,,,,1,0,0,3,1,0,0,-1447.15417,-1619.0144,196.54184,-0.932564616,-0.0124219134,-7.16610521E-05,0.360789418
683,0,78a5b761-49c0-49b0-ba39-0c23a1ea12f7,StartingBlock,68.3044434,3672.84985,,,,1,0,0,3,1,0,0,-1477.86292,-1600.26038,197.617035,-0.93259865,-0.0123557616,0.000225187337,0.360703737
684,0,78a5b761-49c0-49b0-ba39-0c23a1ea12f7,StartingBlock,68.404541,3672.94995,,,,1,0,0,3,1,0,0,-1508.03247,-1580.9231,198.707199,-0.932572365,-0.0122950478,0.000502745272,0.360773444
685,0,78a5b761-49c0-49b0-ba39-0c23a1ea12f7,StartingBlock,68.5043945,3673.0498,Q,Q,,1,0,0,3,1,0,0,-1537.66235,-1561.00281,199.812454,-0.932543099,-0.0122368466,0.000776658941,0.360850394
686,0,78a5b761-49c0-49b0-ba39-0c23a1ea12f7,StartingBlock,68.6044922,3673.1499,,,Q,1,0,0,3,1,0,0,-1566.89844,-1540.67493,200.927536,-0.879298925,-0.0121767614,-0.000490135862,0.476114511
687,0,78a5b761-49c0-49b0-ba39-0c23a1ea12f7,StartingBlock,68.7045898,3673.25,,,,1,0,0,3,1,0,0,-1595.59998,-1519.99719,202.05278,-0.865153432,-0.0120474137,-0.000568453281,0.501362324
688,0,78a5b761-49c0-49b0-ba39-0c23a1ea12f7,StartingBlock,68.8044434,3673.34985,,,,1,0,0,3,1,0,0,-1623.60742,-1498.92029,203.191086,-0.865181208,-0.0119348606,-0.000298431085,0.501317143
689,0,78a5b761-49c0-49b0-ba39-0c23a1ea12f7,StartingBlock,68.904541,3673.44995,,,,1,0,0,3,1,0,0,-1650.92676,-1477.44971,204.342407,-0.865150571,-0.0118167233,-2.22578965E-05,0.501372933
690,0,78a5b761-49c0-49b0-ba39-0c23a1ea12f7,StartingBlock,69.0043945,3673.5498,,,,1,0,0,3,1,0,0,-1677.5575,-1455.58569,205.506836,-0.865108073,-0.01170782,0.000245736534,0.50144875
691,0,78a5b761-49c0-49b0-ba39-0c23a1ea12f7,StartingBlock,69.1044922,3673.6499,,,,1,0,0,3,1,0,0,-1703.50012,-1433.3291,206.684479,-0.865091264,-0.0115945991,0.000529964687,0.501480222
692,0,78a5b761-49c0-49b0-ba39-0c23a1ea12f7,StartingBlock,69.2045898,3673.75,,,,1,0,0,3,1,0,0,-1728.75452,-1410.68018,207.875427,-0.865097582,-0.011493165,0.000800156849,0.5014714
693,0,78a5b761-49c0-49b0-ba39-0c23a1ea12f7,StartingBlock,69.3044434,3673.84985,,,,1,0,0,3,1,0,0,-1753.32043,-1387.63953,209.079834,-0.865129471,-0.0113894232,0.00107877201,0.501418233
694,0,78a5b761-49c0-49b0-ba39-0c23a1ea12f7,StartingBlock,69.404541,3673.94995,,,,1,0,0,3,1,0,0,-1777.19788,-1364.20691,210.297791,-0.865115702,-0.0112874918,0.00134796614,0.501443565
695,0,78a5b761-49c0-49b0-ba39-0c23a1ea12f7,StartingBlock,69.5043945,3674.0498,,,,1,0,0,3,1,0,0,-1800.38733,-1340.38367,211.529404,-0.865129352,-0.011176018,0.00162205263,0.501421571
696,0,78a5b761-49c0-49b0-ba39-0c23a1ea12f7,StartingBlock,69.6044922,3674.1499,,,,1,0,0,3,1,0,0,-1822.88904,-1316.1698,212.774765,-0.865119517,-0.0110813882,0.00188053865,0.501439869
697,0,78a5b761-49c0-49b0-ba39-0c23a1ea12f7,StartingBlock,69.7045898,3674.25,Q,,,1,0,0,3,1,0,0,-1844.70276,-1291.56555,214.033981,-0.865130961,-0.0109854992,0.00214373227,0.501421094
698,0,78a5b761-49c0-49b0-ba39-0c23a1ea12f7,StartingBlock,69.8044434,3674.34985,Q,Q,,1,0,0,3,1,0,0,-1865.98853,-1266.67102,215.303101,-0.805181503,-0.0110520506,0.0012155833,0.592924297
699,0,78a5b761-49c0-49b0-ba39-0c23a1ea12f7,StartingBlock,69.904541,3674.44995,Q,,,1,0,0,3,1,0,0,-1886.93347,-1241.67224,216.576355,-0.682579577,-0.0109532969,-0.000579177984,0.730728984
700,0,78a5b761-49c0-49b0-ba39-0c23a1ea12f7,StartingBlock,70.0043945,3674.5498,,,Q,1,0,0,3,1,0,0,-1907.38342,-1216.71716,217.853775,-0.614422679,-0.01066864,-0.00132720813,0.788903832
701,0,78a5b761-49c0-49b0-ba39-0c23a1ea12f7,StartingBlock,70.1044922,3674.6499,,,,1,0,0,3,1,0,0,-1927.05811,-1191.93982,219.137665,-0.614605486,-0.010463072,-0.00109541335,0.788764477
702,0,78a5b761-49c0-49b0-ba39-0c23a1ea12f7,StartingBlock,70.2045898,3674.75,,,,1,0,0,3,1,0,0,-1945.96802,-1167.34436,220.427872,-0.614712834,-0.0102497712,-0.000861322915,0.788684011
703,0,78a5b761-49c0-49b0-ba39-0c23a1ea12f7,StartingBlock,70.3044434,3674.84985,,,,1,0,0,3,1,0,0,-1964.11267,-1142.9314,221.724533,-0.614653587,-0.0100330282,-0.000629413989,0.788733065
704,0,78a5b761-49c0-49b0-ba39-0c23a1ea12f7,StartingBlock,70.404541,3674.94995,,,,1,0,0,3,1,0,0,-1981.49231,-1118.70105,223.027725,-0.614752352,-0.00982206035,-0.000398962758,0.788658977
705,0,78a5b761-49c0-49b0-ba39-0c23a1ea12f7,StartingBlock,70.5043945,3675.0498,,,,1,0,0,3,1,0,0,-1998.10645,-1094.65381,224.337585,-0.61472708,-0.00960450899,-0.000164651661,0.788681448
706,0,78a5b761-49c0-49b0-ba39-0c23a1ea12f7,StartingBlock,70.6044922,3675.1499,,,,1,0,0,3,1,0,0,-2013.95557,-1070.78979,225.65419,-0.614725471,-0.00939865503,6.51966548E-05,0.788685143
707,0,78a5b761-49c0-49b0-ba39-0c23a1ea12f7,StartingBlock,70.7045898,3675.25,,,,1,0,0,3,1,0,0,-2029.04041,-1047.10901,226.977631,-0.614783883,-0.00919014588,0.000303860899,0.788642049
708,0,78a5b761-49c0-49b0-ba39-0c23a1ea12f7,StartingBlock,70.8044434,3675.34985,,,,1,0,0,3,1,0,0,-2043.36121,-1023.61194,228.308029,-0.614718974,-0.00897862669,0.00054653344,0.788694918
709,0,78a5b761-49c0-49b0-ba39-0c23a1ea12f7,StartingBlock,70.904541,3675.44995,Q,Q,,1,0,0,3,1,0,0,-2057.03076,-1000.27325,229.644058,-0.552829623,-0.00879146159,0.000112522539,0.83324796
710,0,78a5b761-49c0-49b0-ba39-0c23a1ea12f7,StartingBlock,71.0043945,3675.5498,,,Q,1,0,0,3,1,0,0,-2070.19214,-977.152588,230.983154,-0.500873446,-0.0085410662,-0.000201991512,0.865478337
711,0,78a5b761-49c0-49b0-ba39-0c23a1ea12f7,StartingBlock,71.1044922,3675.6499,,,,1,0,0,3,1,0,0,-2082.65771,-954.413696,232.32663,-0.500915766,-0.00829395,1.41073551E-05,0.865456283
712,0,78a5b761-49c0-49b0-ba39-0c23a1ea12f7,StartingBlock,71.2045898,3675.75,,,,1,0,0,3,1,0,0,-2094.43994,-932.054138,233.674469,-0.500896931,-0.00804583263,0.000230632984,0.865469575
713,0,78a5b761-49c0-49b0-ba39-0c23a1ea12f7,StartingBlock,71.3044434,3675.84985,,,,1,0,0,3,1,0,0,-2105.53857,-910.074219,235.026749,-0.500892937,-0.00780176092,0.000444114237,0.865474045
714,0,78a5b761-49c0-49b0-ba39-0c23a1ea12f7,StartingBlock,71.404541,3675.94995,,,,1,0,0,3,1,0,0,-2115.95361,-888.474182,236.383621,-0.50090903,-0.00755862519,0.000659300131,0.865466714
715,0,78a5b761-49c0-49b0-ba39-0c23a1ea12f7,StartingBlock,71.5043945,3676.0498,,,,1,0,0,3,1,0,0,-2125.68506,-867.254211,237.745148,-0.500913918,-0.00733051216,0.000868055737,0.865465701
716,0,78a5b761-49c0-49b0-ba39-0c23a1ea12f7,StartingBlock,71.6044922,3676.1499,,,,1,0,0,3,1,0,0,-2134.73267,-846.414612,239.111465,-0.500918508,-0.00708758878,0.0010876077,0.865464807
717,0,78a5b761-49c0-49b0-ba39-0c23a1ea12f7,StartingBlock,71.7045898,3676.25,,,,1,0,0,3,1,0,0,-2143.09595,-825.955566,240.482666,-0.500878096,-0.00684149982,0.0013101598,0.865489841
718,0,78a5b761-49c0-49b0-ba39-0c23a1ea12f7,StartingBlock,71.8044434,3676.34985,,,,1,0,0,3,1,0,0,-2150.77832,-805.876038,241.858856,-0.500719488,-0.00659655361,0.00152960815,0.865583181
719,0,78a5b761-49c0-49b0-ba39-0c23a1ea12f7,StartingBlock,71.904541,3676.44995,,,,1,0,0,3,1,0,0,-2157.7876,-786.171631,243.240051,-0.50087744,-0.00635434967,0.00174885092,0.865493119
720,0,78a5b761-49c0-49b0-ba39-0c23a1ea12f7,StartingBlock,72.0043945,3676.5498,,,,1,0,0,3,1,0,0,-2164.11328,-766.848877,244.62648,-0.500906765,-0.00609925855,0.00197008578,0.865477562
721,0,78a5b761-49c0-49b0-ba39-0c23a1ea12f7,StartingBlock,72.1044922,3676.6499,,,,1,0,0,3,1,0,0,-2169.75513,-747.907593,246.018234,-0.500884414,-0.00584708666,0.00219052611,0.865491688
722,0,78a5b761-49c0-49b0-ba39-0c23a1ea12f7,StartingBlock,72.2045898,3676.75,,,,1,0,0,3,1,0,0,-2174.71338,-729.348267,247.415421,-0.500849366,-0.00559850316,0.00241428288,0.865513027
723,0,78a5b761-49c0-49b0-ba39-0c23a1ea12f7,StartingBlock,72.3044434,3676.84985,,,,1,0,0,3,1,0,0,-2178.98828,-711.170715,248.81813,-0.500896573,-0.00536392909,0.00262915529,0.865486562
724,0,78a5b761-49c0-49b0-ba39-0c23a1ea12f7,StartingBlock,72.404541,3676.94995,,,,1,0,0,3,1,0,0,-2182.57959,-693.375305,250.226486,-0.500875175,-0.00511407899,0.00285100611,0.865499794
725,0,78a5b761-49c0-49b0-ba39-0c23a1ea12f7,StartingBlock,72.5043945,3677.0498,,,,1,0,0,3,1,0,0,-2185.4873,-675.962097,251.640564,-0.500935197,-0.00487451302,0.00306510157,0.865465641
726,0,78a5b761-49c0-49b0-ba39-0c23a1ea12f7,StartingBlock,72.6044922,3677.1499,,,,1,0,0,3,1,0,0,-2187.71143,-658.931274,253.060486,-0.500941992,-0.00463135215,0.0032811584,0.865462303
727,0,78a5b761-49c0-49b0-ba39-0c23a1ea12f7,StartingBlock,72.7045898,3677.25,,,,1,0,0,3,1,0,0,-2189.25195,-642.282898,254.486343,-0.50094384,-0.00438469555,0.00349813933,0.865461648
728,0,78a5b761-49c0-49b0-ba39-0c23a1ea12f7,StartingBlock,72.8044434,3677.34985,,,,1,0,0,3,1,0,0,-2190.10889,-626.017029,255.918228,-0.500941277,-0.0041480707,0.00370840007,0.865463376
729,0,78a5b761-49c0-49b0-ba39-0c23a1ea12f7,StartingBlock,72.904541,3677.44995,Q,Q,,1,0,0,3,1,0,0,-2190.28564,-610.131897,257.356171,-0.497257441,-0.00391222024,0.0039128419,0.867585361
730,0,78a5b761-49c0-49b0-ba39-0c23a1ea12f7,StartingBlock,73.0043945,3677.5498,Q,,,1,0,0,3,1,0,0,-2190.01782,-594.50824,258.797363,-0.370904982,-0.00417272421,0.00354851969,0.928654671
731,0,78a5b761-49c0-49b0-ba39-0c23a1ea12f7,StartingBlock,73.1044922,3677.6499,,,Q,1,0,0,3,1,0,0,-2189.41455,-579.24585,260.241119,-0.289585054,-0.00415206654,0.00334753748,0.957137465
732,0,78a5b761-49c0-49b0-ba39-0c23a1ea12f7,StartingBlock,73.2045898,3677.75,,,,1,0,0,3,1,0,0,-2188.35889,-564.625183,261.689697,-0.28965807,-0.00384936901,0.00350105367,0.957116067
733,0,78a5b761-49c0-49b0-ba39-0c23a1ea12f7,StartingBlock,73.3044434,3677.84985,,,,1,0,0,3,1,0,0,-2186.86157,-550.641602,263.143036,-0.289746821,-0.00355759193,0.00364822964,0.957089782
734,0,78a5b761-49c0-49b0-ba39-0c23a1ea12f7,StartingBlock,73.404541,3677.94995,,,,1,0,0,3,1,0,0,-2184.92188,-537.296753,264.601257,-0.289495111,-0.00325782807,0.00378984073,0.957166493
735,0,78a5b761-49c0-49b0-ba39-0c23a1ea12f7,StartingBlock,73.5043945,3678.0498,,,,1,0,0,3,1,0,0,-2182.53979,-524.590942,266.064392,-0.289396971,-0.00296347379,0.00392240053,0.957196593
736,0,78a5b761-49c0-49b0-ba39-0c23a1ea12f7,StartingBlock,73.6044922,3678.1499,,,,1,0,0,3,1,0,0,-2179.71582,-512.524414,267.532471,-0.289508045,-0.00267027644,0.00405543391,0.957163274
737,0,78a5b761-49c0-49b0-ba39-0c23a1ea12f7,StartingBlock,73.7045898,3678.25,,,,1,0,0,3,1,0,0,-2176.44922,-501.097137,269.005585,-0.289671332,-0.00236895401,0.0041877334,0.95711416
738,0,78a5b761-49c0-49b0-ba39-0c23a1ea12f7,StartingBlock,73.8044434,3678.34985,,,,1,0,0,3,1,0,0,-2172.73999,-490.308685,270.483704,-0.289901495,-0.00207830174,0.00430980464,0.957044482
739,0,78a5b761-49c0-49b0-ba39-0c23a1ea12f7,StartingBlock,73.904541,3678.44995,,,,1,0,0,3,1,0,0,-2168.58838,-480.159027,271.966919,-0.290014863,-0.0017547718,0.00442607515,0.957010269
740,0,78a5b761-49c0-49b0-ba39-0c23a1ea12f7,StartingBlock,74.0043945,3678.5498,,,,1,0,0,3,1,0,0,-2163.9939,-470.648254,273.4552,-0.289804846,-0.00147025939,0.00453186035,0.957073927
741,0,78a5b761-49c0-49b0-ba39-0c23a1ea12f7,StartingBlock,74.1044922,3678.6499,,,,1,0,0,3,1,0,0,-2158.95703,-461.775574,274.948578,-0.289894521,-0.0011623085,0.00464421697,0.957046628
742,0,78a5b761-49c0-49b0-ba39-0c23a1ea12f7,StartingBlock,74.2045898,3678.75,,,,1,0,0,3,1,0,0,-2153.47729,-453.541595,276.447052,-0.289996117,-0.000836102932,0.00474685058,0.957015753
743,0,78a5b761-49c0-49b0-ba39-0c23a1ea12f7,StartingBlock,74.3044434,3678.84985,,,,1,0,0,3,1,0,0,-2147.55444,-445.946625,277.950592,-0.289760768,-0.000549816177,0.00483924663,0.957086742
744,0,78a5b761-49c0-49b0-ba39-0c23a1ea12f7,StartingBlock,74.404541,3678.94995,,,,1,0,0,3,1,0,0,-2141.18848,-438.991119,279.459198,-0.289357841,-0.000244492549,0.00494600274,0.957208276
745,0,78a5b761-49c0-49b0-ba39-0c23a1ea12f7,StartingBlock,74.5043945,3679.0498,,,,1,0,0,3,1,0,0,-2134.37964,-432.675232,280.972809,-0.289294571,7.10936729E-05,0.0050510522,0.957226753
746,0,78a5b761-49c0-49b0-ba39-0c23a1ea12f7,StartingBlock,74.6044922,3679.1499,,,,1,0,0,3,1,0,0,-2127.12866,-426.999298,282.491455,-0.289233834,0.000357922079,0.00514270179,0.957244635
747,0,78a5b761-49c0-49b0-ba39-0c23a1ea12f7,StartingBlock,74.7045898,3679.25,,,,1,0,0,3,1,0,0,-2119.43481,-421.963135,284.015076,-0.289408386,0.000650363218,0.00524604879,0.95719111
748,0,78a5b761-49c0-49b0-ba39-0c23a1ea12f7,StartingBlock,74.8044434,3679.34985,E,E,,1,0,0,3,1,0,0,-2111.29761,-417.567688,285.543701,-0.289611042,0.000962590682,0.0053625009,0.957129002
749,0,78a5b761-49c0-49b0-ba39-0c23a1ea12f7,StartingBlock,74.904541,3679.44995,E,,,1,0,0,3,1,0,0,-2102.83545,-413.616608,287.075043,-0.408264965,0.00193087582,0.00529791135,0.912846088
750,0,78a5b761-49c0-49b0-ba39-0c23a1ea12f7,StartingBlock,75.0043945,3679.5498,E,,,1,0,0,3,1,0,0,-2094.10474,-409.888153,288.606537,-0.570331752,0.00319691491,0.00501440698,0.821392953
751,0,78a5b761-49c0-49b0-ba39-0c23a1ea12f7,StartingBlock,75.1044922,3679.6499,E,,,1,0,0,3,1,0,0,-2085.04834,-406.275787,290.136963,-0.716720521,0.00433052098,0.00451334752,0.697332501
752,0,78a5b761-49c0-49b0-ba39-0c23a1ea12f7,StartingBlock,75.2045898,3679.75,,,E,1,0,0,3,1,0,0,-2075.64624,-402.656097,291.664825,-0.83713758,0.00530715147,0.00384313194,0.546953142
753,0,78a5b761-49c0-49b0-ba39-0c23a1ea12f7,StartingBlock,75.3044434,3679.84985,,,,1,0,0,3,1,0,0,-2065.66284,-398.794525,293.187225,-0.854537189,0.00555298012,0.00394656276,0.519345582
754,0,78a5b761-49c0-49b0-ba39-0c23a1ea12f7,StartingBlock,75.404541,3679.94995,,,,1,0,0,3,1,0,0,-2054.97119,-394.579224,294.702728,-0.854561985,0.00566387596,0.00422038464,0.519301474
755,0,78a5b761-49c0-49b0-ba39-0c23a1ea12f7,StartingBlock,75.5043945,3680.0498,,,,1,0,0,3,1,0,0,-2043.57813,-390.011902,296.211456,-0.854498208,0.00577488123,0.00450285058,0.519402683
756,0,78a5b761-49c0-49b0-ba39-0c23a1ea12f7,StartingBlock,75.6044922,3680.1499,,,,1,0,0,3,1,0,0,-2031.48328,-385.092773,297.713348,-0.854474902,0.00587413646,0.00476428913,0.519437551
757,0,78a5b761-49c0-49b0-ba39-0c23a1ea12f7,StartingBlock,75.7045898,3680.25,,,,1,0,0,3,1,0,0,-2018.68542,-379.821442,299.208466,-0.854485929,0.00597739499,0.00503184833,0.519415855
758,0,78a5b761-49c0-49b0-ba39-0c23a1ea12f7,StartingBlock,75.8044434,3680.34985,,,,1,0,0,3,1,0,0,-2005.18433,-374.197906,300.696838,-0.854533613,0.00609507319,0.00531668775,0.519333124
759,0,78a5b761-49c0-49b0-ba39-0c23a1ea12f7,StartingBlock,75.904541,3680.44995,,,,1,0,0,3,1,0,0,-1990.98022,-368.222351,302.178436,-0.854544878,0.00621477282,0.00560145779,0.519310236
760,0,78a5b761-49c0-49b0-ba39-0c23a1ea12f7,StartingBlock,76.0043945,3680.5498,,,,1,0,0,3,1,0,0,-1976.07263,-361.894806,303.65329,-0.854457557,0.00632944703,0.00588086387,0.519449413
761,0,78a5b761-49c0-49b0-ba39-0c23a1ea12f7,StartingBlock,76.1044922,3680.6499,,,,1,0,0,3,1,0,0,-1960.4613,-355.215576,305.121399,-0.854460537,0.00643446948,0.00614645099,0.519440055
762,0,78a5b761-49c0-49b0-ba39-0c23a1ea12f7,StartingBlock,76.2045898,3680.75,,,,1,0,0,3,1,0,0,-1944.146,-348.184814,306.582642,-0.854438543,0.00653806608,0.00641279807,0.519471884
763,0,78a5b761-49c0-49b0-ba39-0c23a1ea12f7,StartingBlock,76.3044434,3680.84985,,,,1,0,0,3,1,0,0,-1927.12598,-340.80249,308.03714,-0.854458094,0.00664441008,0.00668533146,0.519434929
764,0,78a5b761-49c0-49b0-ba39-0c23a1ea12f7,StartingBlock,76.404541,3680.94995,,,,1,0,0,3,1,0,0,-1909.40112,-333.068726,309.484833,-0.854445934,0.00673962571,0.0069367378,0.519450307
765,0,78a5b761-49c0-49b0-ba39-0c23a1ea12f7,StartingBlock,76.5043945,3681.0498,,,,1,0,0,3,1,0,0,-1890.97119,-324.983826,310.92569,-0.854394436,0.00684723211,0.00720732613,0.519529998
766,0,78a5b761-49c0-49b0-ba39-0c23a1ea12f7,StartingBlock,76.6044922,3681.1499,,,,1,0,0,3,1,0,0,-1871.83618,-316.548187,312.359711,-0.854398727,0.00696689216,0.00749707688,0.519517124
767,0,78a5b761-49c0-49b0-ba39-0c23a1ea12f7,StartingBlock,76.7045898,3681.25,,,,1,0,0,3,1,0,0,-1851.99573,-307.762207,313.786835,-0.854464591,0.00706394715,0.00775519293,0.519403756
768,0,78a5b761-49c0-49b0-ba39-0c23a1ea12f7,StartingBlock,76.8044434,3681.34985,,,,1,0,0,3,1,0,0,-1831.44922,-298.625549,315.207001,-0.854492009,0.00716726063,0.0080263298,0.519353032
769,0,78a5b761-49c0-49b0-ba39-0c23a1ea12f7,StartingBlock,76.904541,3681.44995,,,,1,0,0,3,1,0,0,-1810.19629,-289.138458,316.620148,-0.854463637,0.00727205351,0.00830558408,0.51939404
770,0,78a5b761-49c0-49b0-ba39-0c23a1ea12f7,StartingBlock,77.0043945,3681.5498,,,,1,0,0,3,1,0,0,-1788.23584,-279.301025,318.026215,-0.85444957,0.00736662792,0.00857322663,0.519411445
771,0,78a5b761-49c0-49b0-ba39-0c23a1ea12f7,StartingBlock,77.1044922,3681.6499,,,,1,0,0,3,1,0,0,-1765.56738,-269.113373,319.425201,-0.854457974,0.00747471489,0.00886026118,0.519391358
772,0,78a5b761-49c0-49b0-ba39-0c23a1ea12f7,StartingBlock,77.2045898,3681.75,,,,1,0,0,3,1,0,0,-1742.19092,-258.575928,320.816956,-0.8544361,0.0075729955,0.00913565699,0.519420981
773,0,78a5b761-49c0-49b0-ba39-0c23a1ea12f7,StartingBlock,77.3044434,3681.84985,,,,1,0,0,3,1,0,0,-1718.10608,-247.689133,322.201416,-0.854426622,0.0076548392,0.00939327572,0.519430876
774,0,78a5b761-49c0-49b0-ba39-0c23a1ea12f7,StartingBlock,77.404541,3681.94995,,,,1,0,0,3,1,0,0,-1693.31177,-236.453293,323.578583,-0.854367435,0.00776280602,0.009698838,0.519520998
775,0,78a5b761-49c0-49b0-ba39-0c23a1ea12f7,StartingBlock,77.5043945,3682.0498,,,,1,0,0,3,1,0,0,-1667.80786,-224.868958,324.948273,-0.854376554,0.00785307121,0.00998727791,0.519499063
776,0,78a5b761-49c0-49b0-ba39-0c23a1ea12f7,StartingBlock,77.6044922,3682.1499,,,,1,0,0,3,1,0,0,-1641.59326,-212.93634,326.310425,-0.854380429,0.00792517792,0.0102671627,0.519486129
777,0,78a5b761-49c0-49b0-ba39-0c23a1ea12f7,StartingBlock,77.7045898,3682.25,,,,1,0,0,3,1,0,0,-1614.66724,-200.655838,327.664948,-0.854371071,0.00799598545,0.0105675869,0.519494534
778,0,78a5b761-49c0-49b0-ba39-0c23a1ea12f7,StartingBlock,77.8044434,3682.34985,,,,1,0,0,3,1,0,0,-1587.02954,-188.028076,329.011658,-0.854373991,0.00806115195,0.0108606592,0.519482672
779,0,78a5b761-49c0-49b0-ba39-0c23a1ea12f7,StartingBlock,77.904541,3682.44995,,,,1,0,0,3,1,0,0,-1558.67944,-175.053574,330.350555,-0.854370296,0.00812373124,0.0111368624,0.519481957
780,0,78a5b761-49c0-49b0-ba39-0c23a1ea12f7,StartingBlock,78.0043945,3682.5498,,,,1,0,0,3,1,0,0,-1529.61646,-161.732986,331.681427,-0.854358971,0.00819676183,0.0114246449,0.519493043
781,0,78a5b761-49c0-49b0-ba39-0c23a1ea12f7,StartingBlock,78.1044922,3682.6499,,,,1,0,0,3,1,0,0,-1499.83948,-148.066772,333.00415,-0.854347646,0.008273541,0.0117096948,0.519504249
782,0,78a5b761-49c0-49b0-ba39-0c23a1ea12f7,StartingBlock,78.2045898,3682.75,,,,1,0,0,3,1,0,0,-1469.34802,-134.055664,334.318481,-0.85435915,0.00834927242,0.0119837569,0.519477844
783,0,78a5b761-49c0-49b0-ba39-0c23a1ea12f7,StartingBlock,78.3044434,3682.84985,,,,1,0,0,3,1,0,0,-1438.1416,-119.700562,335.624207,-0.854345262,0.00843098667,0.0122647164,0.519492686
784,0,78a5b761-49c0-49b0-ba39-0c23a1ea12f7,StartingBlock,78.404541,3682.94995,,,,1,0,0,3,1,0,0,-1406.21899,-105.002151,336.921082,-0.854348898,0.00850877538,0.0125469612,0.519478858
785,0,78a5b761-49c0-49b0-ba39-0c23a1ea12f7,StartingBlock,78.5043945,3683.0498,,,,1,0,0,3,1,0,0,-1373.57996,-89.9614105,338.208801,-0.85439831,0.00858618598,0.0128187863,0.519389451
786,0,78a5b761-49c0-49b0-ba39-0c23a1ea12f7,StartingBlock,78.6044922,3683.1499,,,,1,0,0,3,1,0,0,-1340.22388,-74.5794907,339.48703,-0.854406416,0.00867442694,0.0131129166,0.519367516
787,0,78a5b761-49c0-49b0-ba39-0c23a1ea12f7,StartingBlock,78.7045898,3683.25,,,,1,0,0,3,1,0,0,-1306.14954,-58.8572044,340.755524,-0.854382575,0.00874657184,0.013371367,0.519398928
788,0,78a5b761-49c0-49b0-ba39-0c23a1ea12f7,StartingBlock,78.8044434,3683.34985,,,,1,0,0,3,1,0,0,-1271.35596,-42.7956581,342.013824,-0.854402781,0.00883902144,0.0136605743,0.519356549
789,0,78a5b761-49c0-49b0-ba39-0c23a1ea12f7,StartingBlock,78.904541,3683.44995,,,,1,0,0,3,1,0,0,-1235.84253,-26.3962154,343.261505,-0.85441643,0.00891811866,0.0139489155,0.519325137
790,0,78a5b761-49c0-49b0-ba39-0c23a1ea12f7,StartingBlock,79.0043945,3683.5498,,,,1,0,0,3,1,0,0,-1199.60754,-9.65975952,344.498169,-0.854418457,0.0089918999,0.0142304227,0.519312799
791,0,78a5b761-49c0-49b0-ba39-0c23a1ea12f7,StartingBlock,79.1044922,3683.6499,,,,1,0,0,3,1,0,0,-1162.65076,7.41217804,345.723297,-0.85447675,0.00906776357,0.0145098884,0.519207835
792,0,78a5b761-49c0-49b0-ba39-0c23a1ea12f7,StartingBlock,79.2045898,3683.75,,,,1,0,0,3,1,0,0,-1124.97144,24.8178635,346.93634,-0.854501545,0.00913442113,0.0147673171,0.519158661
793,0,78a5b761-49c0-49b0-ba39-0c23a1ea12f7,StartingBlock,79.3044434,3683.84985,,,,1,0,0,3,1,0,0,-1086.56812,42.5559921,348.13681,-0.854474545,0.00921242312,0.0150465649,0.51919353
794,0,78a5b761-49c0-49b0-ba39-0c23a1ea12f7,StartingBlock,79.404541,3683.94995,,,,1,0,0,3,1,0,0,-1047.44043,60.6246223,349.324036,-0.854456306,0.00930163823,0.0153451888,0.519213378
795,0,78a5b761-49c0-49b0-ba39-0c23a1ea12f7,StartingBlock,79.5043945,3684.0498,,,,1,0,0,3,1,0,0,-1007.58752,79.0216827,350.497498,-0.854430139,0.00938342325,0.0156219434,0.519246757
796,0,78a5b761-49c0-49b0-ba39-0c23a1ea12f7,StartingBlock,79.6044922,3684.1499,,,,1,0,0,3,1,0,0,-967.009277,97.7447433,351.656433,-0.854402721,0.00944243278,0.0158757903,0.519283056
797,0,78a5b761-49c0-49b0-ba39-0c23a1ea12f7,StartingBlock,79.7045898,3684.25,,,,1,0,0,3,1,0,0,-925.705017,116.791534,352.80011,-0.854432344,0.00951877329,0.0161527563,0.519224286
798,0,78a5b761-49c0-49b0-ba39-0c23a1ea12f7,StartingBlock,79.8044434,3684.34985,Q,Q,,1,0,0,3,1,0,0,-883.678162,136.157867,353.927917,-0.852212071,0.00952813309,0.01647841,0.522850096
799,0,78a5b761-49c0-49b0-ba39-0c23a1ea12f7,StartingBlock,79.904541,3684.44995,,,,1,0,0,3,1,0,0,-841.157104,155.706818,355.039398,-0.770624518,0.00720574381,0.0179405194,0.63699615
800,0,78a5b761-49c0-49b0-ba39-0c23a1ea12f7,StartingBlock,80.0043945,3684.5498,,,Q,1,0,0,3,1,0,0,-798.036743,175.31572,356.139801,-0.738880277,0.00647478923,0.0185341649,0.673550725
801,0,78a5b761-49c0-49b0-ba39-0c23a1ea12f7,StartingBlock,80.1044922,3684.6499,,,,1,0,0,3,1,0,0,-754.099426,194.95816,357.233185,-0.73886168,0.00662753824,0.018789446,0.673562586
802,0,78a5b761-49c0-49b0-ba39-0c23a1ea12f7,StartingBlock,80.2045898,3684.75,,,,1,0,0,3,1,0,0,-709.353943,214.628052,358.318787,-0.738851368,0.00680784136,0.0190622061,0.673564434
803,0,78a5b761-49c0-49b0-ba39-0c23a1ea12f7,StartingBlock,80.3044434,3684.84985,,,,1,0,0,3,1,0,0,-663.801147,234.32254,359.395844,-0.738836527,0.00697361305,0.0193162113,0.673571765
804,0,78a5b761-49c0-49b0-ba39-0c23a1ea12f7,StartingBlock,80.404541,3684.94995,,,,1,0,0,3,1,0,0,-617.442566,254.038818,360.463684,-0.738830864,0.00713504758,0.0195639115,0.673569083
805,0,78a5b761-49c0-49b0-ba39-0c23a1ea12f7,StartingBlock,80.5043945,3685.0498,Q,Q,,1,0,0,3,1,0,0,-570.392578,273.760742,361.519958,-0.685519397,0.00579533586,0.0203145482,0.727747858
806,0,78a5b761-49c0-49b0-ba39-0c23a1ea12f7,StartingBlock,80.6044922,3685.1499,,,Q,1,0,0,3,1,0,0,-522.770508,293.382141,362.565704,-0.639722407,0.00475694006,0.0208643693,0.768308043
807,0,78a5b761-49c0-49b0-ba39-0c23a1ea12f7,StartingBlock,80.7045898,3685.25,,,,1,0,0,3,1,0,0,-474.350006,312.808197,363.608276,-0.639688492,0.00497353589,0.0210833419,0.768328965
808,0,78a5b761-49c0-49b0-ba39-0c23a1ea12f7,StartingBlock,80.8044434,3685.34985,,,,1,0,0,3,1,0,0,-425.147614,332.033325,364.647125,-0.639697313,0.00519610662,0.0213052947,0.768314004
809,0,78a5b761-49c0-49b0-ba39-0c23a1ea12f7,StartingBlock,80.904541,3685.44995,,,,1,0,0,3,1,0,0,-375.168701,351.054749,365.681915,-0.639681935,0.00540986145,0.0215132516,0.768319607
810,0,78a5b761-49c0-49b0-ba39-0c23a1ea12f7,StartingBlock,81.0043945,3685.5498,,,,1,0,0,3,1,0,0,-324.417786,369.870575,366.712463,-0.639678359,0.00565088727,0.021735413,0.76831454
811,0,78a5b761-49c0-49b0-ba39-0c23a1ea12f7,StartingBlock,81.1044922,3685.6499,Q,Q,,1,0,0,3,1,0,0,-272.921844,388.484131,367.73819,-0.62324661,0.00539675262,0.0220465772,0.781695962
812,0,78a5b761-49c0-49b0-ba39-0c23a1ea12f7,StartingBlock,81.2045898,3685.75,Q,,,1,0,0,3,1,0,0,-220.992645,406.927826,368.752014,-0.490791321,0.00204454968,0.0228320323,0.870975494
813,0,78a5b761-49c0-49b0-ba39-0c23a1ea12f7,StartingBlock,81.3044434,3685.84985,,,Q,1,0,0,3,1,0,0,-168.615723,425.023804,369.762054,-0.429882735,0.000731713139,0.0230701417,0.902589738
814,0,78a5b761-49c0-49b0-ba39-0c23a1ea12f7,StartingBlock,81.404541,3685.94995,,,,1,0,0,3,1,0,0,-115.619659,442.566956,370.780731,-0.429846525,0.000996337854,0.0232153796,0.902602911
815,0,78a5b761-49c0-49b0-ba39-0c23a1ea12f7,StartingBlock,81.5043945,3686.0498,,,,1,0,0,3,1,0,0,-62.0188904,459.561584,371.808228,-0.429861337,0.00126883923,0.0233629663,0.902591705
816,0,78a5b761-49c0-49b0-ba39-0c23a1ea12f7,StartingBlock,81.6044922,3686.1499,,,,1,0,0,3,1,0,0,-7.81701708,476.00882,372.845276,-0.429875344,0.00154259463,0.0235065911,0.902580917
817,0,78a5b761-49c0-49b0-ba39-0c23a1ea12f7,StartingBlock,81.7045898,3686.25,,,,1,0,0,3,1,0,0,46.9829063,491.910034,373.892609,-0.429880828,0.00182279106,0.0236517023,0.902574003
818,0,78a5b761-49c0-49b0-ba39-0c23a1ea12f7,StartingBlock,81.8044434,3686.34985,,,,1,0,0,3,1,0,0,102.377869,507.266968,374.951111,-0.429889828,0.00209658174,0.0237908624,0.90256542
819,0,78a5b761-49c0-49b0-ba39-0c23a1ea12f7,StartingBlock,81.904541,3686.44995,Q,Q,,1,0,0,3,1,0,0,158.275192,522.150757,376.017059,-0.360106587,0.000546761788,0.0240281094,0.932601571
820,0,78a5b761-49c0-49b0-ba39-0c23a1ea12f7,StartingBlock,82.0043945,3686.5498,,,Q,1,0,0,3,1,0,0,214.415955,536.68573,377.081696,-0.218251705,-0.00272112456,0.0239630956,0.975594461
821,0,78a5b761-49c0-49b0-ba39-0c23a1ea12f7,StartingBlock,82.1044922,3686.6499,,,,1,0,0,3,1,0,0,270.86264,550.526184,378.162872,-0.212358326,-0.00255153026,0.0240281392,0.976893067
822,0,78a5b761-49c0-49b0-ba39-0c23a1ea12f7,StartingBlock,82.2045898,3686.75,,,,1,0,0,3,1,0,0,327.616882,563.615662,379.264313,-0.212345034,-0.00227824273,0.0241115112,0.976894557
823,0,78a5b761-49c0-49b0-ba39-0c23a1ea12f7,StartingBlock,82.3044434,3686.84985,,,,1,0,0,3,1,0,0,384.676697,575.957275,380.386963,-0.212334782,-0.00198122649,0.0242015179,0.976895213
824,0,78a5b761-49c0-49b0-ba39-0c23a1ea12f7,StartingBlock,82.404541,3686.94995,,,,1,0,0,3,1,0,0,442.040649,587.553711,381.53186,-0.212295696,-0.00170280389,0.0242834818,0.976902246
825,0,78a5b761-49c0-49b0-ba39-0c23a1ea12f7,StartingBlock,82.5043945,3687.0498,Q,Q,,1,0,0,3,1,0,0,499.697449,598.429077,382.69873,-0.19146499,-0.00193060294,0.0243299901,0.981195986
826,0,78a5b761-49c0-49b0-ba39-0c23a1ea12f7,StartingBlock,82.6044922,3687.1499,,,Q,1,0,0,3,1,0,0,557.494995,608.858643,383.873688,-0.0327221528,-0.00550003257,0.0237952396,0.999166071
827,0,78a5b761-49c0-49b0-ba39-0c23a1ea12f7,StartingBlock,82.7045898,3687.25,,,,1,0,0,3,1,0,0,615.317322,618.639343,385.065796,-0.00201342814,-0.00590779865,0.0236547291,0.999700725
828,0,78a5b761-49c0-49b0-ba39-0c23a1ea12f7,StartingBlock,82.8044434,3687.34985,,,,1,0,0,3,1,0,0,673.125427,627.613464,386.283051,-0.00192316354,-0.00560184242,0.0236913636,0.999701798
829,0,78a5b761-49c0-49b0-ba39-0c23a1ea12f7,StartingBlock,82.904541,3687.44995,,,,1,0,0,3,1,0,0,730.917725,635.785095,387.526062,-0.00193892408,-0.00528562861,0.0237282887,0.999702632
830,0,78a5b761-49c0-49b0-ba39-0c23a1ea12f7,StartingBlock,83.0043945,3687.5498,,,,1,0,0,3,1,0,0,788.693848,643.156067,388.795654,-0.00193039712,-0.00497745164,0.0237627756,0.999703407
831,0,78a5b761-49c0-49b0-ba39-0c23a1ea12f7,StartingBlock,83.1044922,3687.6499,,,,1,0,0,3,1,0,0,846.453857,649.72821,390.092499,-0.00190123916,-0.00464725075,0.0238004941,0.999704123
832,0,78a5b761-49c0-49b0-ba39-0c23a1ea12f7,StartingBlock,83.2045898,3687.75,,,,1,0,0,3,1,0,0,904.197571,655.50354,391.417328,-0.00191191677,-0.00437039882,0.0238417163,0.999704421
833,0,78a5b761-49c0-49b0-ba39-0c23a1ea12f7,StartingBlock,83.3044434,3687.84985,,,,1,0,0,3,1,0,0,961.925171,660.483765,392.77066,-0.00189765042,-0.00406245328,0.0238881912,0.999704599
834,0,78a5b761-49c0-49b0-ba39-0c23a1ea12f7,StartingBlock,83.404541,3687.94995,,,,1,0,0,3,1,0,0,1019.63678,664.670532,394.153198,-0.00191380421,-0.00375387911,0.0239390247,0.99970454
835,0,78a5b761-49c0-49b0-ba39-0c23a1ea12f7,StartingBlock,83.5043945,3688.0498,,,,1,0,0,3,1,0,0,1077.33276,668.065674,395.56546,-0.00192284666,-0.00346982153,0.0239928197,0.999704301
836,0,78a5b761-49c0-49b0-ba39-0c23a1ea12f7,StartingBlock,83.6044922,3688.1499,,,,1,0,0,3,1,0,0,1135.01306,670.670837,397.007904,-0.00191633007,-0.003163588,0.0240542032,0.999703825
837,0,78a5b761-49c0-49b0-ba39-0c23a1ea12f7,StartingBlock,83.7045898,3688.25,,,,1,0,0,3,1,0,0,1192.67822,672.487366,398.48111,-0.00192780944,-0.0028254725,0.0241237693,0.999703169
838,0,78a5b761-49c0-49b0-ba39-0c23a1ea12f7,StartingBlock,83.8044434,3688.34985,,,,1,0,0,3,1,0,0,1250.32849,673.516724,399.985504,-0.00188648014,-0.0025178988,0.0241997484,0.999702215
839,0,78a5b761-49c0-49b0-ba39-0c23a1ea12f7,StartingBlock,83.904541,3688.44995,,,,1,0,0,3,1,0,0,1307.96411,673.759827,401.521667,-0.00188285881,-0.00221238588,0.0242738482,0.999701142
840,0,78a5b761-49c0-49b0-ba39-0c23a1ea12f7,StartingBlock,84.0043945,3688.5498,,,,1,0,0,3,1,0,0,1365.58545,673.217773,403.089935,-0.0018829488,-0.00188926468,0.024346957,0.99970001
841,0,78a5b761-49c0-49b0-ba39-0c23a1ea12f7,StartingBlock,84.1044922,3688.6499,,,,1,0,0,3,1,0,0,1423.19299,671.891724,404.690796,-0.00195339555,-0.00157566438,0.0244127307,0.999698818
842,0,78a5b761-49c0-49b0-ba39-0c23a1ea12f7,StartingBlock,84.2045898,3688.75,,,,1,0,0,3,1,0,0,1480.78723,669.78241,406.324615,-0.00197241595,-0.00127011305,0.024484694,0.999697447
843,0,78a5b761-49c0-49b0-ba39-0c23a1ea12f7,StartingBlock,84.3044434,3688.84985,,,,1,0,0,3,1,0,0,1538.36841,666.890869,407.991791,-0.00196836051,-0.000957762823,0.0245574377,0.999696076
844,0,78a5b761-49c0-49b0-ba39-0c23a1ea12f7,StartingBlock,84.404541,3688.94995,Q,Q,,1,0,0,3,1,0,0,1595.93738,663.217224,409.692688,-0.00194928085,-0.000645725289,0.0246247798,0.999694645
845,0,78a5b761-49c0-49b0-ba39-0c23a1ea12f7,StartingBlock,84.5043945,3689.0498,Q,,,1,0,0,3,1,0,0,1653.48279,658.98938,411.416382,0.124595195,-0.00343343196,0.0244150292,0.991901278
846,0,78a5b761-49c0-49b0-ba39-0c23a1ea12f7,StartingBlock,84.6044922,3689.1499,Q,,,1,0,0,3,1,0,0,1710.92932,654.427979,413.152313,0.306355894,-0.00756425504,0.0233716778,0.951600075
847,0,78a5b761-49c0-49b0-ba39-0c23a1ea12f7,StartingBlock,84.7045898,3689.25,,,Q,1,0,0,3,1,0,0,1768.04712,649.444214,414.905029,0.372828931,-0.00884289388,0.0227126405,0.927579999
848,0,78a5b761-49c0-49b0-ba39-0c23a1ea12f7,StartingBlock,84.8044434,3689.34985,,,,1,0,0,3,1,0,0,1824.6134,643.883972,416.682343,0.372858405,-0.00849597249,0.022636842,0.927573204
849,0,78a5b761-49c0-49b0-ba39-0c23a1ea12f7,StartingBlock,84.904541,3689.44995,,,,1,0,0,3,1,0,0,1880.63367,637.759644,418.484039,0.372818589,-0.00816881936,0.0225692224,0.927593768
850,0,78a5b761-49c0-49b0-ba39-0c23a1ea12f7,StartingBlock,85.0043945,3689.5498,,,,1,0,0,3,1,0,0,1936.10852,631.07196,420.310333,0.3728517,-0.00783677865,0.0224966947,0.927585125
851,0,78a5b761-49c0-49b0-ba39-0c23a1ea12f7,StartingBlock,85.1044922,3689.6499,,,,1,0,0,3,1,0,0,1991.03809,623.821472,422.161377,0.372893363,-0.00748086767,0.0224180017,0.927573204
852,0,78a5b761-49c0-49b0-ba39-0c23a1ea12f7,StartingBlock,85.2045898,3689.75,,,,1,0,0,3,1,0,0,2045.42285,616.008606,424.037476,0.37295866,-0.00715427985,0.0223537851,0.927551031
853,0,78a5b761-49c0-49b0-ba39-0c23a1ea12f7,StartingBlock,85.3044434,3689.84985,,,,1,0,0,3,1,0,0,2099.2627,607.633911,425.938843,0.37294662,-0.00681080809,0.0222867168,0.927560151
854,0,78a5b761-49c0-49b0-ba39-0c23a1ea12f7,StartingBlock,85.404541,3689.94995,,,,1,0,0,3,1,0,0,2152.55859,598.697876,427.865631,0.372920871,-0.00645079883,0.0222210456,0.927574635
855,0,78a5b761-49c0-49b0-ba39-0c23a1ea12f7,StartingBlock,85.5043945,3690.0498,,,,1,0,0,3,1,0,0,2205.31006,589.200745,429.818146,0.372941822,-0.00610698666,0.0221656095,0.927569807
856,0,78a5b761-49c0-49b0-ba39-0c23a1ea12f7,StartingBlock,85.6044922,3690.1499,,,,1,0,0,3,1,0,0,2257.51855,579.143311,431.7966,0.372822255,-0.00575903198,0.0221134275,0.927621365
857,0,78a5b761-49c0-49b0-ba39-0c23a1ea12f7,StartingBlock,85.7045898,3690.25,,,,1,0,0,3,1,0,0,2309.1853,568.526917,433.801086,0.372529328,-0.00542149972,0.0220677517,0.927742243
858,0,78a5b761-49c0-49b0-ba39-0c23a1ea12f7,StartingBlock,85.8044434,3690.34985,,,,1,0,0,3,1,0,0,2360.30981,557.350586,435.83194,0.372315973,-0.00504360395,0.0219999794,0.92783159
859,0,78a5b761-49c0-49b0-ba39-0c23a1ea12f7,StartingBlock,85.904541,3690.44995,,,,1,0,0,3,1,0,0,2410.89307,545.614807,437.889282,0.372150809,-0.00471198885,0.021948183,0.927900851
860,0,78a5b761-49c0-49b0-ba39-0c23a1ea12f7,StartingBlock,86.0043945,3690.5498,,,,1,0,0,3,1,0,0,2460.93628,533.320435,439.973297,0.372184366,-0.00437038997,0.0218855254,0.92789048
861,0,78a5b761-49c0-49b0-ba39-0c23a1ea12f7,StartingBlock,86.1044922,3690.6499,,,,1,0,0,3,1,0,0,2510.44214,520.470215,442.084015,0.371984929,-0.00400704471,0.0218203738,0.927973568
862,0,78a5b761-49c0-49b0-ba39-0c23a1ea12f7,StartingBlock,86.2045898,3690.75,,,,1,0,0,3,1,0,0,2559.51953,507.17746,444.215759,0.371467531,-0.00366312033,0.0217622127,0.928183675
863,0,78a5b761-49c0-49b0-ba39-0c23a1ea12f7,StartingBlock,86.3044434,3690.84985,,,,1,0,0,3,1,0,0,2608.55542,493.847321,446.347565,0.371176153,-0.00332403905,0.0217018481,0.928302884
864,0,78a5b761-49c0-49b0-ba39-0c23a1ea12f7,StartingBlock,86.404541,3690.94995,Space,,,1,0,0,3,1,0,0,2657.58203,480.513275,448.477783,0.371091872,-0.00298358477,0.0216378793,0.928339243
