# tracker_enabled,true
# target_guids,23658da8-233b-4b62-9d1d-336fb653ecb5
# sample_rate_hz,10
# sample_interval_seconds,0.100000001
# machine_integrity_source,Sum(Modding.Blocks.Block.Health) / Sum(Modding.Blocks.Block.MaxHealth) over PlayerMachine.SimulationBlocks
# machine_health_sum_source,Sum(Modding.Blocks.Block.Health) over PlayerMachine.SimulationBlocks
# input_keys_held_source,UnityEngine.Input.GetKey over keyboard KeyCode values at sample time
# input_keys_down_source,UnityEngine.Input.GetKeyDown over keyboard KeyCode values since previous sample
# input_keys_up_source,UnityEngine.Input.GetKeyUp over keyboard KeyCode values since previous sample
# output_basename,Minimal Orbital Thrustcraft_260909_230621
sample_index,target_index,target_guid,target_name,elapsed_seconds,unity_time_seconds,input_keys_held,input_keys_down,input_keys_up,machine_integrity,machine_block_health_sum,machine_block_max_health_sum,machine_block_count,machine_cluster_count,target_block_health,target_block_max_health,x,y,z,rot_w,rot_x,rot_y,rot_z
0,0,23658da8-233b-4b62-9d1d-336fb653ecb5,StartingBlock,0,5567.00781,Space,,,1,0,0,5,1,0,0,0,5,0,1,0,0,0
1,0,23658da8-233b-4b62-9d1d-336fb653ecb5,StartingBlock,0.102050781,5567.10986,,,Space,1,0,0,5,1,0,0,-3.37457551E-09,5.00582218,2.21220127E-08,1,3.47675041E-07,-4.41871997E-08,1.48159231E-07
2,0,23658da8-233b-4b62-9d1d-336fb653ecb5,StartingBlock,0.202148438,5567.20996,,,,1,0,0,5,1,0,0,0.000226149888,5.5053606,6.86320564E-05,0.99999994,0.000263261609,-1.67467562E-07,-0.000275077211
3,0,23658da8-233b-4b62-9d1d-336fb653ecb5,StartingBlock,0.302246094,5567.31006,F,F,,1,0,0,5,1,0,0,0.00104274647,6.67705297,-0.00253174268,0.998342097,-0.0575593375,2.39175788E-05,-0.000280272303
4,0,23658da8-233b-4b62-9d1d-336fb653ecb5,StartingBlock,0.401855469,5567.40967,F,,,1,0,0,5,1,0,0,0.00233618217,8.31004143,-0.095898591,0.973475516,-0.228791118,9.47724111E-05,-0.00027812348
5,0,23658da8-233b-4b62-9d1d-336fb653ecb5,StartingBlock,0.501953125,5567.50977,F,,,1,0,0,5,1,0,0,0.00404386176,10.3087883,-0.488927454,0.91267103,-0.408694923,0.000168399594,-0.000268865435
6,0,23658da8-233b-4b62-9d1d-336fb653ecb5,StartingBlock,0.602050781,5567.60986,,,F,1,0,0,5,1,0,0,0.00609293068,12.5563173,-1.4371767,0.861531079,-0.507704914,0.000206465877,-0.000261546928
7,0,23658da8-233b-4b62-9d1d-336fb653ecb5,StartingBlock,0.702148438,5567.70996,,,,1,0,0,5,1,0,0,0.00848626625,15.0347176,-3.20096731,0.860926688,-0.508729041,0.000205585704,-0.000261296926
8,0,23658da8-233b-4b62-9d1d-336fb653ecb5,StartingBlock,0.802246094,5567.81006,,,,1,0,0,5,1,0,0,0.0112145329,17.72785,-5.77863693,0.86092037,-0.508739769,0.000204438227,-0.000261645706
9,0,23658da8-233b-4b62-9d1d-336fb653ecb5,StartingBlock,0.901855469,5567.90967,F,,,1,0,0,5,1,0,0,0.0142752519,20.6335258,-9.16215611,0.860920906,-0.508738816,0.000203275966,-0.000261021574
10,0,23658da8-233b-4b62-9d1d-336fb653ecb5,StartingBlock,1.00195313,5568.00977,F,F,,1,0,0,5,1,0,0,0.0176128913,23.6836166,-13.2500191,0.802721143,-0.596354485,0.000241455025,-0.000244033348
11,0,23658da8-233b-4b62-9d1d-336fb653ecb5,StartingBlock,1.10205078,5568.10986,,,F,1,0,0,5,1,0,0,0.0210999958,26.6994743,-18.0387974,0.749258935,-0.662277102,0.000267413328,-0.000231405545
12,0,23658da8-233b-4b62-9d1d-336fb653ecb5,StartingBlock,1.20214844,5568.20996,,,,1,0,0,5,1,0,0,0.0246820245,29.5981274,-23.7259827,0.749164879,-0.662383497,0.000266168936,-0.000230856967
13,0,23658da8-233b-4b62-9d1d-336fb653ecb5,StartingBlock,1.30224609,5568.31006,,,,1,0,0,5,1,0,0,0.0283465907,32.3734932,-30.2933903,0.749162614,-0.66238606,0.000265536015,-0.000230450329
14,0,23658da8-233b-4b62-9d1d-336fb653ecb5,StartingBlock,1.40185547,5568.40967,,,,1,0,0,5,1,0,0,0.0320917852,35.0291367,-37.7308617,0.749163151,-0.662385523,0.000263385096,-0.000227997007
15,0,23658da8-233b-4b62-9d1d-336fb653ecb5,StartingBlock,1.50195313,5568.50977,,,,1,0,0,5,1,0,0,0.0359161906,37.5685883,-46.0286446,0.749160886,-0.662388027,0.000261660462,-0.000228143355
16,0,23658da8-233b-4b62-9d1d-336fb653ecb5,StartingBlock,1.60205078,5568.60986,,,,1,0,0,5,1,0,0,0.0398189574,39.9953308,-55.1770592,0.749162674,-0.66238606,0.000264121976,-0.000225068739
17,0,23658da8-233b-4b62-9d1d-336fb653ecb5,StartingBlock,1.70214844,5568.70996,,,,1,0,0,5,1,0,0,0.0437944233,42.31287,-65.1664886,0.749161243,-0.662387609,0.000261795765,-0.000225285999
18,0,23658da8-233b-4b62-9d1d-336fb653ecb5,StartingBlock,1.80224609,5568.81006,,,,1,0,0,5,1,0,0,0.047842171,44.5247536,-75.9874268,0.749158084,-0.662391186,0.000261030276,-0.000222684452
19,0,23658da8-233b-4b62-9d1d-336fb653ecb5,StartingBlock,1.90185547,5568.90967,,,,1,0,0,5,1,0,0,0.0519621186,46.634594,-87.6305008,0.749158442,-0.662390888,0.000252708036,-0.000226913791
20,0,23658da8-233b-4b62-9d1d-336fb653ecb5,StartingBlock,2.00195313,5569.00977,,,,1,0,0,5,1,0,0,0.0561617389,48.646122,-100.086525,0.749158442,-0.662390828,0.000249308738,-0.000225886441
21,0,23658da8-233b-4b62-9d1d-336fb653ecb5,StartingBlock,2.10205078,5569.10986,,,,1,0,0,5,1,0,0,0.0604420304,50.5631905,-113.346542,0.749157131,-0.662392259,0.000250347512,-0.000222477291
22,0,23658da8-233b-4b62-9d1d-336fb653ecb5,StartingBlock,2.20214844,5569.20996,,,,1,0,0,5,1,0,0,0.0647984669,52.3898163,-127.401886,0.749156356,-0.662393153,0.000254452752,-0.000218091154
23,0,23658da8-233b-4b62-9d1d-336fb653ecb5,StartingBlock,2.30224609,5569.31006,,,,1,0,0,5,1,0,0,0.0692242086,54.1301956,-142.244171,0.749160588,-0.662388444,0.000249227334,-0.000218809524
24,0,23658da8-233b-4b62-9d1d-336fb653ecb5,StartingBlock,2.40185547,5569.40967,F,F,,1,0,0,5,1,0,0,0.0737200677,55.7866211,-157.85051,0.735723376,-0.677282095,0.000256557425,-0.000210777303
25,0,23658da8-233b-4b62-9d1d-336fb653ecb5,StartingBlock,2.50195313,5569.50977,,,F,1,0,0,5,1,0,0,0.0782247186,57.2906685,-174.047394,0.644349217,-0.764731348,0.000289217074,-0.000189086248
26,0,23658da8-233b-4b62-9d1d-336fb653ecb5,StartingBlock,2.60205078,5569.60986,,,,1,0,0,5,1,0,0,0.082636863,58.4717865,-190.973328,0.639059961,-0.769156933,0.000283842557,-0.000191414525
27,0,23658da8-233b-4b62-9d1d-336fb653ecb5,StartingBlock,2.70214844,5569.70996,,,,1,0,0,5,1,0,0,0.0869454518,59.2974396,-208.650757,0.639052033,-0.769163489,0.000269747688,-0.000201869945
28,0,23658da8-233b-4b62-9d1d-336fb653ecb5,StartingBlock,2.80224609,5569.81006,F,F,,1,0,0,5,1,0,0,0.091172725,59.7746315,-227.072891,0.639060378,-0.769156575,0.000275125174,-0.000195567423
29,0,23658da8-233b-4b62-9d1d-336fb653ecb5,StartingBlock,2.90185547,5569.90967,,,F,1,0,0,5,1,0,0,0.0953116491,59.9081955,-246.123749,0.575378716,-0.817887068,0.000288792973,-0.000189133803
30,0,23658da8-233b-4b62-9d1d-336fb653ecb5,StartingBlock,3.00195313,5570.00977,,,,1,0,0,5,1,0,0,0.0993002579,59.5822792,-265.852661,0.573345661,-0.819313526,0.000282537832,-0.00019474978
31,0,23658da8-233b-4b62-9d1d-336fb653ecb5,StartingBlock,3.10205078,5570.10986,,,,1,0,0,5,1,0,0,0.103130139,58.7786484,-286.270966,0.573385894,-0.819285393,0.000292119628,-0.000187066995
32,0,23658da8-233b-4b62-9d1d-336fb653ecb5,StartingBlock,3.20214844,5570.20996,,F,F,1,0,0,5,1,0,0,0.106801301,57.527195,-307.287994,0.503449261,-0.864024758,0.000302347238,-0.000185389305
33,0,23658da8-233b-4b62-9d1d-336fb653ecb5,StartingBlock,3.30224609,5570.31006,,,,1,0,0,5,1,0,0,0.11027474,55.7201653,-328.868408,0.489010036,-0.872278094,0.000297935127,-0.000186341043
34,0,23658da8-233b-4b62-9d1d-336fb653ecb5,StartingBlock,3.40185547,5570.40967,,,,1,0,0,5,1,0,0,0.113516137,53.288456,-351.049683,0.489072204,-0.872243285,0.000307731825,-0.000180565621
35,0,23658da8-233b-4b62-9d1d-336fb653ecb5,StartingBlock,3.50195313,5570.50977,,,,1,0,0,5,1,0,0,0.116513669,50.24123,-373.828094,0.489059418,-0.872250438,0.000308446179,-0.000183496508
36,0,23658da8-233b-4b62-9d1d-336fb653ecb5,StartingBlock,3.60205078,5570.60986,F,F,,1,0,0,5,1,0,0,0.119272389,46.5904236,-397.196533,0.479682207,-0.877442241,0.000312130142,-0.000185768207
37,0,23658da8-233b-4b62-9d1d-336fb653ecb5,StartingBlock,3.70214844,5570.70996,,,F,1,0,0,5,1,0,0,0.121793449,42.3771019,-421.02005,0.400752187,-0.916186392,0.000336801109,-0.00016524244
38,0,23658da8-233b-4b62-9d1d-336fb653ecb5,StartingBlock,3.80224609,5570.81006,,,,1,0,0,5,1,0,0,0.123956874,37.4398193,-445.328125,0.399783403,-0.916609585,0.000346581801,-0.000160455442
39,0,23658da8-233b-4b62-9d1d-336fb653ecb5,StartingBlock,3.90185547,5570.90967,,,,1,0,0,5,1,0,0,0.125742182,31.7681046,-470.119568,0.399810821,-0.916597664,0.000352993899,-0.000160847296
40,0,23658da8-233b-4b62-9d1d-336fb653ecb5,StartingBlock,4.00195313,5571.00977,F,F,,1,0,0,5,1,0,0,0.127147466,25.3800144,-495.38501,0.381328613,-0.924439549,0.000356608507,-0.00016555503
41,0,23658da8-233b-4b62-9d1d-336fb653ecb5,StartingBlock,4.10205078,5571.10986,,,F,1,0,0,5,1,0,0,0.128198758,18.3531208,-520.972046,0.275710732,-0.96124059,0.00039561186,-0.000114656723
42,0,23658da8-233b-4b62-9d1d-336fb653ecb5,StartingBlock,4.20214844,5571.20996,F,F,,1,0,0,5,1,0,0,0.128725976,10.4812956,-546.861511,0.272254974,-0.96222508,0.000404357677,-0.000126969404
43,0,23658da8-233b-4b62-9d1d-336fb653ecb5,StartingBlock,4.30224609,5571.31006,,,F,1,0,0,5,1,0,0,0.128759995,1.84916234,-572.957886,0.158563465,-0.987348735,0.000429016218,-9.39402307E-05
44,0,23658da8-233b-4b62-9d1d-336fb653ecb5,StartingBlock,4.40185547,5571.40967,,,,1,0,0,5,1,0,0,0.128187969,-7.66257286,-599.150818,0.139947072,-0.990158916,0.000435762457,-9.78347307E-05
45,0,23658da8-233b-4b62-9d1d-336fb653ecb5,StartingBlock,4.50195313,5571.50977,F,F,,1,0,0,5,1,0,0,0.126946017,-18.1212406,-625.412964,0.12005543,-0.992767096,0.000441500539,-9.70643887E-05
46,0,23658da8-233b-4b62-9d1d-336fb653ecb5,StartingBlock,4.60205078,5571.60986,,,F,1,0,0,5,1,0,0,0.125154823,-29.3485031,-651.649231,-0.0294997469,-0.999564767,0.000426377694,-6.19258863E-05
47,0,23658da8-233b-4b62-9d1d-336fb653ecb5,StartingBlock,4.70214844,5571.70996,,,,1,0,0,5,1,0,0,0.122714162,-41.488121,-677.676331,-0.0502262078,-0.998737812,0.000429683365,-3.89400302E-05
48,0,23658da8-233b-4b62-9d1d-336fb653ecb5,StartingBlock,4.80224609,5571.81006,F,,,1,0,0,5,1,0,0,0.119558081,-54.6062355,-703.436157,-0.0502325669,-0.998737454,0.000484441931,-4.79594455E-05
49,0,23658da8-233b-4b62-9d1d-336fb653ecb5,StartingBlock,4.90185547,5571.90967,,F,F,1,0,0,5,1,0,0,0.115703709,-68.5784454,-728.933105,-0.155127332,-0.987894356,0.000508372206,-1.23071259E-05
50,0,23658da8-233b-4b62-9d1d-336fb653ecb5,StartingBlock,5.00195313,5572.00977,,,,1,0,0,5,1,0,0,0.111089505,-83.3884888,-754.022217,-0.184783101,-0.982779205,0.000534602092,-1.46292696E-05
51,0,23658da8-233b-4b62-9d1d-336fb653ecb5,StartingBlock,5.10205078,5572.10986,,,,1,0,0,5,1,0,0,0.105611064,-99.1073151,-778.613892,-0.184790656,-0.982777834,0.000517514301,-6.76977834E-06
52,0,23658da8-233b-4b62-9d1d-336fb653ecb5,StartingBlock,5.20214844,5572.20996,F,F,,1,0,0,5,1,0,0,0.0993191674,-115.692123,-802.726746,-0.227738798,-0.973722219,0.000505002972,-8.73638692E-06
53,0,23658da8-233b-4b62-9d1d-336fb653ecb5,StartingBlock,5.30224609,5572.31006,,,F,1,0,0,5,1,0,0,0.0924030766,-132.949615,-826.353088,-0.346650034,-0.93799448,0.000467762351,4.97858637E-05
54,0,23658da8-233b-4b62-9d1d-336fb653ecb5,StartingBlock,5.40185547,5572.40967,,,,1,0,0,5,1,0,0,0.0848320872,-150.937439,-849.255127,-0.350472897,-0.93657279,0.000445232203,6.70788577E-05
55,0,23658da8-233b-4b62-9d1d-336fb653ecb5,StartingBlock,5.50195313,5572.50977,F,,,1,0,0,5,1,0,0,0.0766521543,-169.652328,-871.406311,-0.350453287,-0.936580122,0.000413223199,8.57751365E-05
56,0,23658da8-233b-4b62-9d1d-336fb653ecb5,StartingBlock,5.60205078,5572.60986,,F,F,1,0,0,5,1,0,0,0.0679819733,-188.999969,-892.875,-0.441745907,-0.897140086,0.000422766112,8.76596823E-05
57,0,23658da8-233b-4b62-9d1d-336fb653ecb5,StartingBlock,5.70214844,5572.70996,,,,1,0,0,5,1,0,0,0.0588288084,-208.904495,-913.54364,-0.45775941,-0.889076054,0.000441546377,6.97839641E-05
58,0,23658da8-233b-4b62-9d1d-336fb653ecb5,StartingBlock,5.80224609,5572.81006,,,,1,0,0,5,1,0,0,0.0491346456,-229.369873,-933.326782,-0.457772374,-0.889069378,0.000420563505,6.82967075E-05
59,0,23658da8-233b-4b62-9d1d-336fb653ecb5,StartingBlock,5.90185547,5572.90967,,,,1,0,0,5,1,0,0,0.0389036499,-250.393692,-952.231018,-0.45776397,-0.88907367,0.000425033853,5.45337425E-05
60,0,23658da8-233b-4b62-9d1d-336fb653ecb5,StartingBlock,6.00195313,5573.00977,F,F,,1,0,0,5,1,0,0,0.0281684976,-271.929688,-970.31604,-0.521477699,-0.853264749,0.000429864769,6.61278391E-05
61,0,23658da8-233b-4b62-9d1d-336fb653ecb5,StartingBlock,6.10205078,5573.10986,,,F,1,0,0,5,1,0,0,0.0170270335,-293.794159,-987.639038,-0.616497755,-0.787356555,0.000500544906,3.94151357E-05
62,0,23658da8-233b-4b62-9d1d-336fb653ecb5,StartingBlock,6.20214844,5573.20996,,,,1,0,0,5,1,0,0,0.00535719283,-315.905548,-1003.95776,-0.618019342,-0.786162853,0.000479587296,6.42549057E-05
63,0,23658da8-233b-4b62-9d1d-336fb653ecb5,StartingBlock,6.30224609,5573.31006,,,,1,0,0,5,1,0,0,-0.00681671361,-338.247192,-1019.26331,-0.617999375,-0.786178529,0.000436981762,6.07833608E-05
64,0,23658da8-233b-4b62-9d1d-336fb653ecb5,StartingBlock,6.40185547,5573.40967,,,,1,0,0,5,1,0,0,-0.0194448307,-360.819427,-1033.55896,-0.618022323,-0.786160469,0.000427242019,5.45938747E-05
65,0,23658da8-233b-4b62-9d1d-336fb653ecb5,StartingBlock,6.50195313,5573.50977,,,,1,0,0,5,1,0,0,-0.0325710326,-383.62262,-1046.8479,-0.617976069,-0.786196887,0.000452805543,4.77717185E-06
66,0,23658da8-233b-4b62-9d1d-336fb653ecb5,StartingBlock,6.60205078,5573.60986,,,,1,0,0,5,1,0,0,-0.0462839305,-406.657166,-1059.13232,-0.617940247,-0.786224961,0.000423894555,-2.63008405E-05
67,0,23658da8-233b-4b62-9d1d-336fb653ecb5,StartingBlock,6.70214844,5573.70996,,,,1,0,0,5,1,0,0,-0.060571555,-429.923401,-1070.41479,-0.61795938,-0.786210001,0.000450556108,-8.08616751E-05
68,0,23658da8-233b-4b62-9d1d-336fb653ecb5,StartingBlock,6.80224609,5573.81006,F,F,,1,0,0,5,1,0,0,-0.0754182115,-453.41507,-1080.7207,-0.642159998,-0.766570628,0.00037591072,-5.77946885E-05
69,0,23658da8-233b-4b62-9d1d-336fb653ecb5,StartingBlock,6.90185547,5573.90967,,,F,1,0,0,5,1,0,0,-0.090693593,-477.029053,-1090.1842,-0.717402518,-0.696658909,0.000362224586,-4.49621293E-05
70,0,23658da8-233b-4b62-9d1d-336fb653ecb5,StartingBlock,7.00195313,5574.00977,,,,1,0,0,5,1,0,0,-0.106432892,-500.636902,-1098.63306,-0.718524039,-0.695502043,0.000322000211,-6.35705292E-05
71,0,23658da8-233b-4b62-9d1d-336fb653ecb5,StartingBlock,7.10205078,5574.10986,,,,1,0,0,5,1,0,0,-0.122622848,-524.219849,-1106.05945,-0.718483448,-0.695544064,0.000285112677,-9.26094872E-05
72,0,23658da8-233b-4b62-9d1d-336fb653ecb5,StartingBlock,7.20214844,5574.20996,,,,1,0,0,5,1,0,0,-0.139175355,-547.77655,-1112.46472,-0.718479335,-0.695548296,0.000227247714,-4.7665133E-05
73,0,23658da8-233b-4b62-9d1d-336fb653ecb5,StartingBlock,7.30224609,5574.31006,,,,1,0,0,5,1,0,0,-0.155933425,-571.30542,-1117.84863,-0.718467951,-0.695560038,0.000135800175,-6.65017342E-06
74,0,23658da8-233b-4b62-9d1d-336fb653ecb5,StartingBlock,7.40185547,5574.40967,F,F,,1,0,0,5,1,0,0,-0.172783479,-594.804565,-1122.25,-0.74839288,-0.663255692,0.000114263181,-9.78432945E-06
75,0,23658da8-233b-4b62-9d1d-336fb653ecb5,StartingBlock,7.50195313,5574.50977,,,F,1,0,0,5,1,0,0,-0.189698488,-618.19397,-1125.76367,-0.784447134,-0.620195806,0.000105926454,-6.03155422E-05
76,0,23658da8-233b-4b62-9d1d-336fb653ecb5,StartingBlock,7.60205078,5574.60986,,,,1,0,0,5,1,0,0,-0.206686437,-641.365601,-1128.276,-0.784428298,-0.620219588,9.75068688E-05,-6.95259732E-05
77,0,23658da8-233b-4b62-9d1d-336fb653ecb5,StartingBlock,7.70214844,5574.70996,,,,1,0,0,5,1,0,0,-0.223695159,-664.315002,-1129.79407,-0.784486175,-0.620146394,7.77179666E-05,-2.25391195E-05
78,0,23658da8-233b-4b62-9d1d-336fb653ecb5,StartingBlock,7.80224609,5574.81006,,F,F,1,0,0,5,1,0,0,-0.240681261,-687.049988,-1130.37122,-0.819039047,-0.5737378,1.951165E-05,8.94109598E-06
79,0,23658da8-233b-4b62-9d1d-336fb653ecb5,StartingBlock,7.90185547,5574.90967,,,,1,0,0,5,1,0,0,-0.25761652,-709.491455,-1130.06128,-0.833055317,-0.553189814,6.90475863E-05,-7.41145268E-05
80,0,23658da8-233b-4b62-9d1d-336fb653ecb5,StartingBlock,8.00195313,5575.00977,,,,1,0,0,5,1,0,0,-0.27465409,-731.557739,-1128.80591,-0.833108842,-0.55310905,7.45617872E-05,-0.000137990253
81,0,23658da8-233b-4b62-9d1d-336fb653ecb5,StartingBlock,8.10205078,5575.10986,,,,1,0,0,5,1,0,0,-0.29185307,-753.246216,-1126.60669,-0.833109975,-0.553107381,2.04183743E-05,-0.000120299213
82,0,23658da8-233b-4b62-9d1d-336fb653ecb5,StartingBlock,8.20214844,5575.20996,,,,1,0,0,5,1,0,0,-0.309186578,-774.555664,-1123.46375,-0.833096325,-0.553128004,8.17986001E-05,-0.000196988447
83,0,23658da8-233b-4b62-9d1d-336fb653ecb5,StartingBlock,8.30224609,5575.31006,,,,1,0,0,5,1,0,0,-0.326733112,-795.484741,-1119.37683,-0.833109736,-0.553107858,1.50420537E-05,-0.000167796243
84,0,23658da8-233b-4b62-9d1d-336fb653ecb5,StartingBlock,8.40185547,5575.40967,F,F,,1,0,0,5,1,0,0,-0.344446003,-816.055176,-1114.41504,-0.871291995,-0.490765005,6.40307699E-05,-0.000297646737
85,0,23658da8-233b-4b62-9d1d-336fb653ecb5,StartingBlock,8.50195313,5575.50977,,,F,1,0,0,5,1,0,0,-0.36245811,-836.187683,-1108.7019,-0.900283217,-0.435304612,8.77766361E-05,-0.000291147619
86,0,23658da8-233b-4b62-9d1d-336fb653ecb5,StartingBlock,8.60205078,5575.60986,,,,1,0,0,5,1,0,0,-0.38093999,-855.714172,-1102.16809,-0.900249958,-0.435373455,7.56248483E-05,-0.000293626275
87,0,23658da8-233b-4b62-9d1d-336fb653ecb5,StartingBlock,8.70214844,5575.70996,,,,1,0,0,5,1,0,0,-0.399866015,-874.633789,-1094.82239,-0.900270939,-0.435329884,3.3283115E-05,-0.000279339845
88,0,23658da8-233b-4b62-9d1d-336fb653ecb5,StartingBlock,8.80224609,5575.81006,,,,1,0,0,5,1,0,0,-0.419166416,-892.945313,-1086.66504,-0.900268078,-0.435335994,5.4937831E-05,-0.000257084845
89,0,23658da8-233b-4b62-9d1d-336fb653ecb5,StartingBlock,8.90185547,5575.90967,H,H,,1,0,0,5,1,0,0,-0.438758552,-910.647583,-1077.69592,-0.90025872,-0.435355335,-4.13340822E-05,-0.000210931394
90,0,23658da8-233b-4b62-9d1d-336fb653ecb5,StartingBlock,9.00195313,5576.00977,,,H,1,0,0,5,1,0,0,-0.458527923,-927.841858,-1068.01318,-0.840261042,-0.542182028,-2.5154317E-05,-0.000284835871
91,0,23658da8-233b-4b62-9d1d-336fb653ecb5,StartingBlock,9.10205078,5576.10986,,,,1,0,0,5,1,0,0,-0.478553921,-944.650146,-1057.49231,-0.822897673,-0.568189621,-3.09268144E-05,-0.000306563074
92,0,23658da8-233b-4b62-9d1d-336fb653ecb5,StartingBlock,9.20214844,5576.20996,,,,1,0,0,5,1,0,0,-0.498876005,-961.096008,-1046.01147,-0.82290411,-0.568180263,-2.82668043E-06,-0.000334050128
93,0,23658da8-233b-4b62-9d1d-336fb653ecb5,StartingBlock,9.30224609,5576.31006,H,H,,1,0,0,5,1,0,0,-0.519457936,-977.186707,-1033.58704,-0.811424017,-0.584457934,-7.3235773E-05,-0.000272547419
94,0,23658da8-233b-4b62-9d1d-336fb653ecb5,StartingBlock,9.40185547,5576.40967,,,H,1,0,0,5,1,0,0,-0.54017961,-993.031067,-1020.36285,-0.730953455,-0.682427347,-0.000122692843,-0.000280007836
95,0,23658da8-233b-4b62-9d1d-336fb653ecb5,StartingBlock,9.50195313,5576.50977,,,,1,0,0,5,1,0,0,-0.56095922,-1008.76483,-1006.15839,-0.726198673,-0.68748492,-0.000129323205,-0.000286453636
96,0,23658da8-233b-4b62-9d1d-336fb653ecb5,StartingBlock,9.60205078,5576.60986,,,,1,0,0,5,1,0,0,-0.581801713,-1024.41663,-990.937256,-0.726232529,-0.687449038,-7.52673295E-05,-0.000344682601
97,0,23658da8-233b-4b62-9d1d-336fb653ecb5,StartingBlock,9.70214844,5576.70996,,,,1,0,0,5,1,0,0,-0.602804899,-1039.9834,-974.703247,-0.726252556,-0.687427938,-7.8795274E-05,-0.000392028276
98,0,23658da8-233b-4b62-9d1d-336fb653ecb5,StartingBlock,9.80224609,5576.81006,F,F,,1,0,0,5,1,0,0,-0.624055266,-1055.4624,-957.481873,-0.747333884,-0.664448619,-0.000102845042,-0.000393019407
99,0,23658da8-233b-4b62-9d1d-336fb653ecb5,StartingBlock,9.90185547,5576.90967,,,F,1,0,0,5,1,0,0,-0.645506203,-1070.78796,-939.413147,-0.80159694,-0.597864747,-5.82029352E-05,-0.000415880029
100,0,23658da8-233b-4b62-9d1d-336fb653ecb5,StartingBlock,10.0019531,5577.00977,,,,1,0,0,5,1,0,0,-0.667299986,-1085.80908,-920.372742,-0.801894307,-0.597465754,-7.32728295E-05,-0.000401965983
101,0,23658da8-233b-4b62-9d1d-336fb653ecb5,StartingBlock,10.1020508,5577.10986,,,,1,0,0,5,1,0,0,-0.68944627,-1100.51001,-900.365112,-0.801871181,-0.597496748,-9.77794261E-05,-0.000425101578
102,0,23658da8-233b-4b62-9d1d-336fb653ecb5,StartingBlock,10.2021484,5577.20996,,,,1,0,0,5,1,0,0,-0.711932719,-1114.8866,-879.39325,-0.801813602,-0.597574174,-0.000148195439,-0.000407730142
103,0,23658da8-233b-4b62-9d1d-336fb653ecb5,StartingBlock,10.3022461,5577.31006,F,F,,1,0,0,5,1,0,0,-0.734656632,-1128.93872,-857.474487,-0.813529611,-0.581523359,-0.00016257519,-0.000406733219
104,0,23658da8-233b-4b62-9d1d-336fb653ecb5,StartingBlock,10.4018555,5577.40967,,,F,1,0,0,5,1,0,0,-0.757576823,-1142.64551,-834.749146,-0.857242644,-0.514912546,-0.000189788625,-0.000461075251
105,0,23658da8-233b-4b62-9d1d-336fb653ecb5,StartingBlock,10.5019531,5577.50977,,,,1,0,0,5,1,0,0,-0.780816078,-1155.84949,-811.140869,-0.857469499,-0.514534593,-0.000208722297,-0.000480971561
106,0,23658da8-233b-4b62-9d1d-336fb653ecb5,StartingBlock,10.6020508,5577.60986,,,,1,0,0,5,1,0,0,-0.804439604,-1168.53528,-786.657532,-0.857453823,-0.514560699,-0.000187723461,-0.000597131206
107,0,23658da8-233b-4b62-9d1d-336fb653ecb5,StartingBlock,10.7021484,5577.70996,,,,1,0,0,5,1,0,0,-0.828564882,-1180.69812,-761.305298,-0.857459962,-0.514550388,-0.000221385999,-0.000564725953
108,0,23658da8-233b-4b62-9d1d-336fb653ecb5,StartingBlock,10.8022461,5577.81006,,,,1,0,0,5,1,0,0,-0.853155017,-1192.33313,-735.090149,-0.857455552,-0.514557779,-0.000210373953,-0.000563718961
109,0,23658da8-233b-4b62-9d1d-336fb653ecb5,StartingBlock,10.9018555,5577.90967,,,,1,0,0,5,1,0,0,-0.878221333,-1203.43494,-708.018921,-0.85746038,-0.514549673,-0.000222805174,-0.000580107153
110,0,23658da8-233b-4b62-9d1d-336fb653ecb5,StartingBlock,11.0019531,5578.00977,H,H,,1,0,0,5,1,0,0,-0.903734684,-1214.01807,-680.132324,-0.834014297,-0.551742554,-0.000269663666,-0.000560487795
111,0,23658da8-233b-4b62-9d1d-336fb653ecb5,StartingBlock,11.1020508,5578.10986,H,,,1,0,0,5,1,0,0,-0.929424703,-1224.23877,-651.586365,-0.729414463,-0.684071779,-0.000410562992,-0.000469947961
112,0,23658da8-233b-4b62-9d1d-336fb653ecb5,StartingBlock,11.2021484,5578.20996,H,,,1,0,0,5,1,0,0,-0.954930961,-1234.31641,-622.37616,-0.587074459,-0.809532762,-0.000470851257,-0.000381655176
113,0,23658da8-233b-4b62-9d1d-336fb653ecb5,StartingBlock,11.3022461,5578.31006,,,H,1,0,0,5,1,0,0,-0.979848444,-1244.5127,-592.515076,-0.462603569,-0.88656503,-0.000645577849,-0.000173849388
114,0,23658da8-233b-4b62-9d1d-336fb653ecb5,StartingBlock,11.4018555,5578.40967,,,,1,0,0,5,1,0,0,-1.00353396,-1255.10962,-561.904663,-0.458315581,-0.888789177,-0.000736928254,-0.000124510727
115,0,23658da8-233b-4b62-9d1d-336fb653ecb5,StartingBlock,11.5019531,5578.50977,,,,1,0,0,5,1,0,0,-1.02578998,-1266.1333,-530.557739,-0.458151639,-0.888873816,-0.0007425191,-0.000141387311
116,0,23658da8-233b-4b62-9d1d-336fb653ecb5,StartingBlock,11.6020508,5578.60986,,,,1,0,0,5,1,0,0,-1.046592,-1277.57471,-498.485657,-0.458140016,-0.888879716,-0.000720115029,-0.000164786965
117,0,23658da8-233b-4b62-9d1d-336fb653ecb5,StartingBlock,11.7021484,5578.70996,F,F,,1,0,0,5,1,0,0,-1.06595337,-1289.42065,-465.705627,-0.467674643,-0.883900404,-0.000720633543,-0.000175071153
118,0,23658da8-233b-4b62-9d1d-336fb653ecb5,StartingBlock,11.8022461,5578.81006,F,,,1,0,0,5,1,0,0,-1.08411419,-1301.52795,-432.355743,-0.592205226,-0.805786848,-0.000731252367,-0.000272758945
119,0,23658da8-233b-4b62-9d1d-336fb653ecb5,StartingBlock,11.9018555,5578.90967,,,F,1,0,0,5,1,0,0,-1.10137355,-1313.67383,-398.440186,-0.72772187,-0.685871899,-0.00069633167,-0.00043370339
120,0,23658da8-233b-4b62-9d1d-336fb653ecb5,StartingBlock,12.0019531,5579.00977,,,,1,0,0,5,1,0,0,-1.11798525,-1325.62598,-363.741486,-0.742993832,-0.669297755,-0.000686926534,-0.000542649184
121,0,23658da8-233b-4b62-9d1d-336fb653ecb5,StartingBlock,12.1020508,5579.10986,F,F,,1,0,0,5,1,0,0,-1.13408744,-1337.30957,-328.207855,-0.750168681,-0.661245942,-0.000721549033,-0.000524104747
122,0,23658da8-233b-4b62-9d1d-336fb653ecb5,StartingBlock,12.2021484,5579.20996,F,,,1,0,0,5,1,0,0,-1.14974809,-1348.70276,-292.038025,-0.838987708,-0.544149697,-0.000655021751,-0.000605812878
123,0,23658da8-233b-4b62-9d1d-336fb653ecb5,StartingBlock,12.3022461,5579.31006,,,F,1,0,0,5,1,0,0,-1.16532481,-1359.5968,-255.299881,-0.884042501,-0.467405587,-0.000541477522,-0.000739831943
124,0,23658da8-233b-4b62-9d1d-336fb653ecb5,StartingBlock,12.4018555,5579.40967,,,,1,0,0,5,1,0,0,-1.18122828,-1369.78162,-217.906494,-0.884152293,-0.467198014,-0.000551885809,-0.000728077313
125,0,23658da8-233b-4b62-9d1d-336fb653ecb5,StartingBlock,12.5019531,5579.50977,,,,1,0,0,5,1,0,0,-1.19748318,-1379.25293,-179.878571,-0.88419044,-0.467125684,-0.000552662415,-0.000742447155
126,0,23658da8-233b-4b62-9d1d-336fb653ecb5,StartingBlock,12.6020508,5579.60986,F,F,,1,0,0,5,1,0,0,-1.21405172,-1388.03955,-141.270859,-0.909793675,-0.415059716,-0.000549572171,-0.000715923263
127,0,23658da8-233b-4b62-9d1d-336fb653ecb5,StartingBlock,12.7021484,5579.70996,,,F,1,0,0,5,1,0,0,-1.23098099,-1396.11194,-102.222488,-0.932925284,-0.360068947,-0.000501667499,-0.000719142845
128,0,23658da8-233b-4b62-9d1d-336fb653ecb5,StartingBlock,12.8022461,5579.81006,,,,1,0,0,5,1,0,0,-1.24850726,-1403.30933,-62.7032051,-0.93288362,-0.36017701,-0.000508791069,-0.0007322249
129,0,23658da8-233b-4b62-9d1d-336fb653ecb5,StartingBlock,12.9018555,5579.90967,F,F,,1,0,0,5,1,0,0,-1.26660573,-1409.63831,-22.7269478,-0.932897508,-0.360141039,-0.000504852156,-0.000716524723
130,0,23658da8-233b-4b62-9d1d-336fb653ecb5,StartingBlock,13.0019531,5580.00977,,,,1,0,0,5,1,0,0,-1.28522861,-1415.19702,17.5905094,-0.96987915,-0.243585184,-0.000407349202,-0.00082479103
131,0,23658da8-233b-4b62-9d1d-336fb653ecb5,StartingBlock,13.1020508,5580.10986,,,F,1,0,0,5,1,0,0,-1.30473471,-1419.87854,58.1100121,-0.980745792,-0.195286095,-0.000350104005,-0.000987637672
132,0,23658da8-233b-4b62-9d1d-336fb653ecb5,StartingBlock,13.2021484,5580.20996,,,,1,0,0,5,1,0,0,-1.32550144,-1423.52991,98.8083038,-0.980751932,-0.195255205,-0.000350426533,-0.000995425391
133,0,23658da8-233b-4b62-9d1d-336fb653ecb5,StartingBlock,13.3022461,5580.31006,F,F,,1,0,0,5,1,0,0,-1.3474642,-1426.21167,139.656204,-0.990423918,-0.138056859,-0.000296885439,-0.000869809941
134,0,23658da8-233b-4b62-9d1d-336fb653ecb5,StartingBlock,13.4018555,5580.40967,,,F,1,0,0,5,1,0,0,-1.37033272,-1428.06592,180.495819,-0.999985695,0.00526497513,-0.000159846837,-0.00097140111
135,0,23658da8-233b-4b62-9d1d-336fb653ecb5,StartingBlock,13.5019531,5580.50977,F,F,,1,0,0,5,1,0,0,-1.39450777,-1428.90393,221.160461,-0.999028444,0.0440590121,-0.000104797975,-0.00100386085
136,0,23658da8-233b-4b62-9d1d-336fb653ecb5,StartingBlock,13.6020508,5580.60986,,,F,1,0,0,5,1,0,0,-1.41982687,-1428.87048,261.554382,-0.986752272,0.162230998,1.83356206E-05,-0.00104984245
137,0,23658da8-233b-4b62-9d1d-336fb653ecb5,StartingBlock,13.7021484,5580.70996,F,F,,1,0,0,5,1,0,0,-1.44665933,-1427.84888,301.492554,-0.984295309,0.176526532,4.99037742E-05,-0.00110795628
138,0,23658da8-233b-4b62-9d1d-336fb653ecb5,StartingBlock,13.8022461,5580.81006,,,F,1,0,0,5,1,0,0,-1.47486854,-1425.97522,340.955353,-0.964987397,0.262293935,0.000174736197,-0.00109644956
139,0,23658da8-233b-4b62-9d1d-336fb653ecb5,StartingBlock,13.9018555,5580.90967,,,,1,0,0,5,1,0,0,-1.50464165,-1423.19104,379.790619,-0.964722097,0.263267875,0.000184245728,-0.00117063557
140,0,23658da8-233b-4b62-9d1d-336fb653ecb5,StartingBlock,14.0019531,5581.00977,F,F,,1,0,0,5,1,0,0,-1.53594184,-1419.53479,418.005798,-0.952193856,0.305492401,0.000255585444,-0.00112749811
141,0,23658da8-233b-4b62-9d1d-336fb653ecb5,StartingBlock,14.1020508,5581.10986,,,F,1,0,0,5,1,0,0,-1.56832874,-1415.19055,455.616364,-0.91374594,0.40628469,0.000392459362,-0.00098331715
142,0,23658da8-233b-4b62-9d1d-336fb653ecb5,StartingBlock,14.2021484,5581.20996,F,F,,1,0,0,5,1,0,0,-1.60175955,-1410.146,492.417542,-0.899873257,0.436150163,0.000451607397,-0.00100767089
143,0,23658da8-233b-4b62-9d1d-336fb653ecb5,StartingBlock,14.3022461,5581.31006,,,F,1,0,0,5,1,0,0,-1.63597417,-1404.55457,528.453308,-0.859070599,0.5118559,0.000535724976,-0.00100911967
144,0,23658da8-233b-4b62-9d1d-336fb653ecb5,StartingBlock,14.4018555,5581.40967,,,,1,0,0,5,1,0,0,-1.67096674,-1398.43555,563.539429,-0.858858168,0.512212276,0.000597638078,-0.00094613398
145,0,23658da8-233b-4b62-9d1d-336fb653ecb5,StartingBlock,14.5019531,5581.50977,,,,1,0,0,5,1,0,0,-1.70661986,-1391.80176,597.677734,-0.858850062,0.512225688,0.0006657255,-0.000987283187
146,0,23658da8-233b-4b62-9d1d-336fb653ecb5,StartingBlock,14.6020508,5581.60986,,,,1,0,0,5,1,0,0,-1.74288189,-1384.65674,630.877136,-0.858828127,0.512262762,0.000715970818,-0.000809673395
147,0,23658da8-233b-4b62-9d1d-336fb653ecb5,StartingBlock,14.7021484,5581.70996,,,,1,0,0,5,1,0,0,-1.77952528,-1377.00269,663.145386,-0.858884811,0.512167811,0.000764400058,-0.000751089246
148,0,23658da8-233b-4b62-9d1d-336fb653ecb5,StartingBlock,14.8022461,5581.81006,,,,1,0,0,5,1,0,0,-1.81634414,-1368.84192,694.490051,-0.858873248,0.512187123,0.000796895649,-0.000654590316
149,0,23658da8-233b-4b62-9d1d-336fb653ecb5,StartingBlock,14.9018555,5581.90967,F,F,,1,0,0,5,1,0,0,-1.85319161,-1360.18005,724.924438,-0.853388667,0.521273971,0.000866255257,-0.000666659733
150,0,23658da8-233b-4b62-9d1d-336fb653ecb5,StartingBlock,15.0019531,5582.00977,,,F,1,0,0,5,1,0,0,-1.88990283,-1351.13452,754.587891,-0.778000712,0.628262579,0.00096651417,-0.000449444138
151,0,23658da8-233b-4b62-9d1d-336fb653ecb5,StartingBlock,15.1020508,5582.10986,,,,1,0,0,5,1,0,0,-1.92595911,-1341.82898,783.309021,-0.770345509,0.637625813,0.00103482825,-0.000404052145
152,0,23658da8-233b-4b62-9d1d-336fb653ecb5,StartingBlock,15.2021484,5582.20996,,,,1,0,0,5,1,0,0,-1.9610827,-1332.29688,811.032532,-0.77039957,0.637560308,0.0010919281,-0.000303267967
153,0,23658da8-233b-4b62-9d1d-336fb653ecb5,StartingBlock,15.3022461,5582.31006,,,,1,0,0,5,1,0,0,-1.99509418,-1322.54004,837.765686,-0.770347655,0.637623131,0.00110308139,-0.00038555084
154,0,23658da8-233b-4b62-9d1d-336fb653ecb5,StartingBlock,15.4018555,5582.40967,,,,1,0,0,5,1,0,0,-2.02809978,-1312.55994,863.510681,-0.770289242,0.637693644,0.00105684879,-0.000460926589
155,0,23658da8-233b-4b62-9d1d-336fb653ecb5,StartingBlock,15.5019531,5582.50977,,,,1,0,0,5,1,0,0,-2.06022358,-1302.35913,888.267944,-0.770288825,0.63769412,0.00114303606,-0.000347188645
156,0,23658da8-233b-4b62-9d1d-336fb653ecb5,StartingBlock,15.6020508,5582.60986,,,,1,0,0,5,1,0,0,-2.09127283,-1291.93933,912.03772,-0.770300269,0.637680411,0.00108151685,-0.000366478111
157,0,23658da8-233b-4b62-9d1d-336fb653ecb5,StartingBlock,15.7021484,5582.70996,,,,1,0,0,5,1,0,0,-2.1212883,-1281.30249,934.819641,-0.770343244,0.637628317,0.00113165088,-0.000375393603
158,0,23658da8-233b-4b62-9d1d-336fb653ecb5,StartingBlock,15.8022461,5582.81006,,,,1,0,0,5,1,0,0,-2.150208,-1270.45007,956.61377,-0.770352364,0.63761729,0.0011719875,-0.000303719018
159,0,23658da8-233b-4b62-9d1d-336fb653ecb5,StartingBlock,15.9018555,5582.90967,,,,1,0,0,5,1,0,0,-2.17794228,-1259.38391,977.420959,-0.770368278,0.637597978,0.00118945981,-0.000278241991
160,0,23658da8-233b-4b62-9d1d-336fb653ecb5,StartingBlock,16.0019531,5583.00977,,,,1,0,0,5,1,0,0,-2.20441628,-1248.10547,997.242371,-0.770390034,0.637571752,0.00119344273,-0.000295263017
161,0,23658da8-233b-4b62-9d1d-336fb653ecb5,StartingBlock,16.1020508,5583.10986,,,,1,0,0,5,1,0,0,-2.22959208,-1236.61621,1016.07758,-0.770448267,0.637501359,0.00122703309,-0.000240113906
162,0,23658da8-233b-4b62-9d1d-336fb653ecb5,StartingBlock,16.2021484,5583.20996,,,,1,0,0,5,1,0,0,-2.25343204,-1224.91736,1033.92737,-0.770399988,0.637559712,0.00123325444,-0.000228190504
163,0,23658da8-233b-4b62-9d1d-336fb653ecb5,StartingBlock,16.3022461,5583.31006,,,,1,0,0,5,1,0,0,-2.27587962,-1213.01038,1050.79199,-0.770347953,0.637622535,0.00122305902,-0.000286687165
164,0,23658da8-233b-4b62-9d1d-336fb653ecb5,StartingBlock,16.4018555,5583.40967,,,,1,0,0,5,1,0,0,-2.29697204,-1200.89636,1066.67163,-0.770370841,0.637594759,0.00129243953,-0.000282255933
165,0,23658da8-233b-4b62-9d1d-336fb653ecb5,StartingBlock,16.5019531,5583.50977,,,,1,0,0,5,1,0,0,-2.31663847,-1188.57617,1081.56592,-0.770343721,0.637627363,0.00136310956,-0.000269052165
166,0,23658da8-233b-4b62-9d1d-336fb653ecb5,StartingBlock,16.6020508,5583.60986,,,,1,0,0,5,1,0,0,-2.3348248,-1176.05139,1095.47583,-0.770389318,0.637572467,0.00128212757,-0.000364578358
167,0,23658da8-233b-4b62-9d1d-336fb653ecb5,StartingBlock,16.7021484,5583.70996,,,,1,0,0,5,1,0,0,-2.35167217,-1163.32263,1108.40173,-0.770469487,0.63747555,0.00127397943,-0.000389939465
168,0,23658da8-233b-4b62-9d1d-336fb653ecb5,StartingBlock,16.8022461,5583.81006,,,,1,0,0,5,1,0,0,-2.36728692,-1150.39063,1120.3429,-0.77050072,0.637437701,0.00133762183,-0.000309123949
169,0,23658da8-233b-4b62-9d1d-336fb653ecb5,StartingBlock,16.9018555,5583.90967,,,,1,0,0,5,1,0,0,-2.38157392,-1137.25598,1131.29932,-0.770576775,0.63734585,0.00129440636,-0.000358181947
170,0,23658da8-233b-4b62-9d1d-336fb653ecb5,StartingBlock,17.0019531,5584.00977,,,,1,0,0,5,1,0,0,-2.39458179,-1123.91968,1141.27197,-0.770548761,0.637379646,0.00125672668,-0.000442322955
171,0,23658da8-233b-4b62-9d1d-336fb653ecb5,StartingBlock,17.1020508,5584.10986,,,,1,0,0,5,1,0,0,-2.40646315,-1110.3822,1150.25989,-0.770456433,0.637491167,0.00133143377,-0.000425684819
172,0,23658da8-233b-4b62-9d1d-336fb653ecb5,StartingBlock,17.2021484,5584.20996,,,,1,0,0,5,1,0,0,-2.41712713,-1096.64441,1158.26306,-0.770494401,0.637445152,0.00138777855,-0.000395819545
173,0,23658da8-233b-4b62-9d1d-336fb653ecb5,StartingBlock,17.3022461,5584.31006,,,,1,0,0,5,1,0,0,-2.4264946,-1082.70703,1165.28174,-0.770496726,0.63744235,0.00136312027,-0.000406385516
174,0,23658da8-233b-4b62-9d1d-336fb653ecb5,StartingBlock,17.4018555,5584.40967,,,,1,0,0,5,1,0,0,-2.43464136,-1068.5708,1171.31519,-0.770414174,0.637542248,0.0013399896,-0.000440296775
175,0,23658da8-233b-4b62-9d1d-336fb653ecb5,StartingBlock,17.5019531,5584.50977,,,,1,0,0,5,1,0,0,-2.44162488,-1054.23621,1176.36316,-0.770397246,0.637562633,0.00133650913,-0.000458938186
176,0,23658da8-233b-4b62-9d1d-336fb653ecb5,StartingBlock,17.6020508,5584.60986,LeftAlt,,,1,0,0,5,1,0,0,-2.44746304,-1039.72217,1180.51929,-0.770244718,0.63774693,0.0011949701,-0.000715758535
177,0,23658da8-233b-4b62-9d1d-336fb653ecb5,StartingBlock,17.7021484,5584.70996,LeftAlt,LeftAlt,,1,0,0,5,1,0,0,-2.45300722,-1025.16272,1184.48511,-0.770111382,0.637908101,0.000932578114,-0.00100256072
178,0,23658da8-233b-4b62-9d1d-336fb653ecb5,StartingBlock,17.8022461,5584.81006,,,,1,0,0,5,1,0,0,-2.45844698,-1010.58502,1188.40063,-0.77000469,0.638036668,0.000939666003,-0.00107701565
179,0,23658da8-233b-4b62-9d1d-336fb653ecb5,StartingBlock,17.9018555,5584.90967,,,LeftAlt,1,0,0,5,1,0,0,-2.46378231,-995.989929,1192.26575,-0.769976914,0.638070166,0.000933226605,-0.00110717223
180,0,23658da8-233b-4b62-9d1d-336fb653ecb5,StartingBlock,18.0019531,5585.00977,,,,1,0,0,5,1,0,0,-2.46901202,-981.377991,1196.08008,-0.770005345,0.638035715,0.000938949874,-0.00112144579
181,0,23658da8-233b-4b62-9d1d-336fb653ecb5,StartingBlock,18.1020508,5585.10986,,,,1,0,0,5,1,0,0,-2.47413635,-966.749756,1199.84338,-0.770004272,0.638037026,0.000948866829,-0.00113007776
182,0,23658da8-233b-4b62-9d1d-336fb653ecb5,StartingBlock,18.2021484,5585.20996,,,,1,0,0,5,1,0,0,-2.47915435,-952.105896,1203.55542,-0.770003855,0.638037562,0.000948632951,-0.00112464838
183,0,23658da8-233b-4b62-9d1d-336fb653ecb5,StartingBlock,18.3022461,5585.31006,,,,1,0,0,5,1,0,0,-2.48406577,-937.446899,1207.21582,-0.769968033,0.638080716,0.000990269007,-0.00108524365
184,0,23658da8-233b-4b62-9d1d-336fb653ecb5,StartingBlock,18.4018555,5585.40967,,,,1,0,0,5,1,0,0,-2.48887062,-922.773376,1210.82422,-0.769969046,0.638079584,0.00102337496,-0.00108682818
185,0,23658da8-233b-4b62-9d1d-336fb653ecb5,StartingBlock,18.5019531,5585.50977,,,,1,0,0,5,1,0,0,-2.49356818,-908.085938,1214.38062,-0.769969761,0.63807863,0.00103024277,-0.00108907698
186,0,23658da8-233b-4b62-9d1d-336fb653ecb5,StartingBlock,18.6020508,5585.60986,,,,1,0,0,5,1,0,0,-2.49815869,-893.385315,1217.88489,-0.769969821,0.638078511,0.00101881952,-0.00112632953
187,0,23658da8-233b-4b62-9d1d-336fb653ecb5,StartingBlock,18.7021484,5585.70996,,,,1,0,0,5,1,0,0,-2.5026412,-878.67218,1221.33679,-0.769969821,0.638078511,0.00102570094,-0.00113470515
188,0,23658da8-233b-4b62-9d1d-336fb653ecb5,StartingBlock,18.8022461,5585.81006,,,,1,0,0,5,1,0,0,-2.50701618,-863.94696,1224.73621,-0.769969821,0.638078511,0.00103407213,-0.00114099577
189,0,23658da8-233b-4b62-9d1d-336fb653ecb5,StartingBlock,18.9018555,5585.90967,,,,1,0,0,5,1,0,0,-2.51128316,-849.210388,1228.08276,-0.769969761,0.638078511,0.00104628282,-0.00115518214
190,0,23658da8-233b-4b62-9d1d-336fb653ecb5,StartingBlock,19.0019531,5586.00977,,,,1,0,0,5,1,0,0,-2.51544213,-834.463074,1231.37646,-0.76997,0.638078213,0.00105235714,-0.00116262143
191,0,23658da8-233b-4b62-9d1d-336fb653ecb5,StartingBlock,19.1020508,5586.10986,,,,1,0,0,5,1,0,0,-2.51949263,-819.705627,1234.61719,-0.769970179,0.638078034,0.0010530639,-0.00116209977
192,0,23658da8-233b-4b62-9d1d-336fb653ecb5,StartingBlock,19.2021484,5586.20996,,,,1,0,0,5,1,0,0,-2.52343535,-804.938782,1237.80505,-0.769970536,0.638077438,0.00105995988,-0.00116860424
193,0,23658da8-233b-4b62-9d1d-336fb653ecb5,StartingBlock,19.3022461,5586.31006,,,,1,0,0,5,1,0,0,-2.5272696,-790.163269,1240.94006,-0.769970715,0.638077378,0.00106571265,-0.00116477627
194,0,23658da8-233b-4b62-9d1d-336fb653ecb5,StartingBlock,19.4018555,5586.40967,,,,1,0,0,5,1,0,0,-2.53099561,-775.379578,1244.02209,-0.769972324,0.638075352,0.00106845913,-0.00116775732
195,0,23658da8-233b-4b62-9d1d-336fb653ecb5,StartingBlock,19.5019531,5586.50977,,,,1,0,0,5,1,0,0,-2.53466463,-760.570679,1246.95715,-0.769967854,0.638080478,0.0008652166,-0.00143999292
196,0,23658da8-233b-4b62-9d1d-336fb653ecb5,StartingBlock,19.6020508,5586.60986,,,,1,0,0,5,1,0,0,-2.53897095,-745.605164,1249.04688,-0.769906878,0.638153791,0.000716720126,-0.00163532328
197,0,23658da8-233b-4b62-9d1d-336fb653ecb5,StartingBlock,19.7021484,5586.70996,,,,1,0,0,5,1,0,0,-2.54443026,-730.456543,1250.14697,-0.769893646,0.638169646,0.000684635481,-0.00167845841
198,0,23658da8-233b-4b62-9d1d-336fb653ecb5,StartingBlock,19.8022461,5586.81006,,,,1,0,0,5,1,0,0,-2.55122685,-715.125427,1250.25671,-0.769897461,0.638164937,0.000695667055,-0.00169935718
199,0,23658da8-233b-4b62-9d1d-336fb653ecb5,StartingBlock,19.9018555,5586.90967,,,,1,0,0,5,1,0,0,-2.55939293,-699.612427,1249.37585,-0.769856751,0.638214111,0.000684338855,-0.00172003382
200,0,23658da8-233b-4b62-9d1d-336fb653ecb5,StartingBlock,20.0019531,5587.00977,,,,1,0,0,5,1,0,0,-2.56893921,-683.918274,1247.50452,-0.769870996,0.638196826,0.000712218403,-0.00171466032
201,0,23658da8-233b-4b62-9d1d-336fb653ecb5,StartingBlock,20.1020508,5587.10986,,,,1,0,0,5,1,0,0,-2.57985473,-668.04364,1244.6427,-0.769901514,0.638160229,0.000804093957,-0.00162663474
202,0,23658da8-233b-4b62-9d1d-336fb653ecb5,StartingBlock,20.2021484,5587.20996,,,,1,0,0,5,1,0,0,-2.59194207,-651.989136,1240.79016,-0.769934297,0.63812077,0.000896848564,-0.00151891634
203,0,23658da8-233b-4b62-9d1d-336fb653ecb5,StartingBlock,20.3022461,5587.31006,,,,1,0,0,5,1,0,0,-2.60499859,-635.755188,1235.94568,-0.769913375,0.638145864,0.000868052768,-0.00157572399
204,0,23658da8-233b-4b62-9d1d-336fb653ecb5,StartingBlock,20.4018555,5587.40967,,,,1,0,0,5,1,0,0,-2.61906528,-619.342468,1230.10864,-0.769836843,0.638238192,0.000858738262,-0.00159889611
205,0,23658da8-233b-4b62-9d1d-336fb653ecb5,StartingBlock,20.5019531,5587.50977,,,,1,0,0,5,1,0,0,-2.63414884,-602.752014,1223.27856,-0.769808769,0.638272047,0.000875808299,-0.00158696156
206,0,23658da8-233b-4b62-9d1d-336fb653ecb5,StartingBlock,20.6020508,5587.60986,,,,1,0,0,5,1,0,0,-2.65025926,-585.984558,1215.45471,-0.769793332,0.638290524,0.00083355367,-0.00167381437
207,0,23658da8-233b-4b62-9d1d-336fb653ecb5,StartingBlock,20.7021484,5587.70996,,,,1,0,0,5,1,0,0,-2.66748214,-569.041077,1206.63647,-0.76985687,0.638213933,0.000883688452,-0.00163305865
208,0,23658da8-233b-4b62-9d1d-336fb653ecb5,StartingBlock,20.8022461,5587.81006,,,,1,0,0,5,1,0,0,-2.68572688,-551.922241,1196.82349,-0.769782722,0.638303399,0.000912996824,-0.00161848788
209,0,23658da8-233b-4b62-9d1d-336fb653ecb5,StartingBlock,20.9018555,5587.90967,F,F,,1,0,0,5,1,0,0,-2.70491648,-534.637695,1186.05078,-0.741104245,0.671387374,0.00101416954,-0.00156098162
210,0,23658da8-233b-4b62-9d1d-336fb653ecb5,StartingBlock,21.0019531,5588.00977,,,F,1,0,0,5,1,0,0,-2.72462559,-517.2854,1174.3927,-0.702252686,0.711925387,0.00115275243,-0.0014767868
211,0,23658da8-233b-4b62-9d1d-336fb653ecb5,StartingBlock,21.1020508,5588.10986,,,,1,0,0,5,1,0,0,-2.74454021,-499.945801,1161.71436,-0.702303469,0.7118752,0.00116187136,-0.00148593483
212,0,23658da8-233b-4b62-9d1d-336fb653ecb5,StartingBlock,21.2021484,5588.20996,,,,1,0,0,5,1,0,0,-2.76455617,-482.624268,1148.02014,-0.702271104,0.711907208,0.00118912815,-0.00146642933
213,0,23658da8-233b-4b62-9d1d-336fb653ecb5,StartingBlock,21.3022461,5588.31006,,,,1,0,0,5,1,0,0,-2.78466392,-465.322083,1133.30908,-0.702227712,0.711949944,0.00120414374,-0.00147969835
214,0,23658da8-233b-4b62-9d1d-336fb653ecb5,StartingBlock,21.4018555,5588.40967,,,,1,0,0,5,1,0,0,-2.80485559,-448.040497,1117.57947,-0.702292979,0.711885452,0.00117750326,-0.00151519268
215,0,23658da8-233b-4b62-9d1d-336fb653ecb5,StartingBlock,21.5019531,5588.50977,,,,1,0,0,5,1,0,0,-2.82512522,-430.780762,1100.83008,-0.702276051,0.711902261,0.00118598447,-0.00148947141
216,0,23658da8-233b-4b62-9d1d-336fb653ecb5,StartingBlock,21.6020508,5588.60986,,,,1,0,0,5,1,0,0,-2.84545755,-413.54422,1083.05933,-0.702297866,0.711880684,0.00119910331,-0.00148816663
217,0,23658da8-233b-4b62-9d1d-336fb653ecb5,StartingBlock,21.7021484,5588.70996,,,,1,0,0,5,1,0,0,-2.86583567,-396.332947,1064.26636,-0.70234102,0.711838067,0.00119299989,-0.00149081415
218,0,23658da8-233b-4b62-9d1d-336fb653ecb5,StartingBlock,21.8022461,5588.81006,H,H,,1,0,0,5,1,0,0,-2.88621402,-379.151367,1044.45508,-0.705230594,0.708975554,0.00118639099,-0.00147934153
219,0,23658da8-233b-4b62-9d1d-336fb653ecb5,StartingBlock,21.9018555,5588.90967,H,,,1,0,0,5,1,0,0,-2.90667534,-361.975525,1023.79279,-0.794973373,0.606641293,0.000876196136,-0.00173044461
220,0,23658da8-233b-4b62-9d1d-336fb653ecb5,StartingBlock,22.0019531,5589.00977,,,H,1,0,0,5,1,0,0,-2.9279623,-344.638672,1002.40631,-0.885937095,0.463801384,0.00061391521,-0.00185547199
221,0,23658da8-233b-4b62-9d1d-336fb653ecb5,StartingBlock,22.1020508,5589.10986,,,,1,0,0,5,1,0,0,-2.95126224,-326.842773,980.205444,-0.892353833,0.45133242,0.000606077083,-0.00186601514
222,0,23658da8-233b-4b62-9d1d-336fb653ecb5,StartingBlock,22.2021484,5589.20996,,,,1,0,0,5,1,0,0,-2.97682834,-308.522766,957.180359,-0.892379224,0.451282084,0.000618306687,-0.00185242482
223,0,23658da8-233b-4b62-9d1d-336fb653ecb5,StartingBlock,22.3022461,5589.31006,,,,1,0,0,5,1,0,0,-3.00461745,-289.686859,933.33728,-0.89238441,0.451271802,0.000600549916,-0.00186418218
224,0,23658da8-233b-4b62-9d1d-336fb653ecb5,StartingBlock,22.4018555,5589.40967,,,,1,0,0,5,1,0,0,-3.03463554,-270.343506,908.681396,-0.892395556,0.451249659,0.000578542473,-0.00189314166
225,0,23658da8-233b-4b62-9d1d-336fb653ecb5,StartingBlock,22.5019531,5589.50977,,,,1,0,0,5,1,0,0,-3.06690145,-250.501984,883.218506,-0.89239049,0.451259762,0.000576440187,-0.00188577501
226,0,23658da8-233b-4b62-9d1d-336fb653ecb5,StartingBlock,22.6020508,5589.60986,F,F,,1,0,0,5,1,0,0,-3.10135579,-230.172302,856.954956,-0.892375052,0.451290429,0.000580361346,-0.00185431098
227,0,23658da8-233b-4b62-9d1d-336fb653ecb5,StartingBlock,22.7021484,5589.70996,,,F,1,0,0,5,1,0,0,-3.13753533,-209.454391,829.98175,-0.845901608,0.533335626,0.000766983954,-0.0017623459
228,0,23658da8-233b-4b62-9d1d-336fb653ecb5,StartingBlock,22.8022461,5589.81006,,,,1,0,0,5,1,0,0,-3.17519641,-188.423096,802.170593,-0.8429299,0.538020074,0.000802863564,-0.00172669871
229,0,23658da8-233b-4b62-9d1d-336fb653ecb5,StartingBlock,22.9018555,5589.90967,,,,1,0,0,5,1,0,0,-3.21424747,-167.099976,773.48468,-0.842955112,0.537980616,0.000796326844,-0.00172221859
230,0,23658da8-233b-4b62-9d1d-336fb653ecb5,StartingBlock,23.0019531,5590.00977,F,F,,1,0,0,5,1,0,0,-3.25458407,-145.508179,743.955627,-0.825773358,0.563998997,0.000830280245,-0.00169405236
231,0,23658da8-233b-4b62-9d1d-336fb653ecb5,StartingBlock,23.1020508,5590.10986,,,F,1,0,0,5,1,0,0,-3.29566956,-123.786896,713.703186,-0.763599396,0.64568758,0.000934855896,-0.00162879855
232,0,23658da8-233b-4b62-9d1d-336fb653ecb5,StartingBlock,23.2021484,5590.20996,,,,1,0,0,5,1,0,0,-3.33729529,-102.040253,682.542603,-0.762615979,0.646848857,0.000904392917,-0.00163436856
233,0,23658da8-233b-4b62-9d1d-336fb653ecb5,StartingBlock,23.3022461,5590.31006,F,F,,1,0,0,5,1,0,0,-3.37938571,-80.2970581,650.47998,-0.755607665,0.655021906,0.000921999861,-0.00160173501
234,0,23658da8-233b-4b62-9d1d-336fb653ecb5,StartingBlock,23.4018555,5590.40967,,,F,1,0,0,5,1,0,0,-3.42155623,-58.6351585,617.679321,-0.673130155,0.739521801,0.00106853654,-0.00146339182
235,0,23658da8-233b-4b62-9d1d-336fb653ecb5,StartingBlock,23.5019531,5590.50977,F,F,,1,0,0,5,1,0,0,-3.4632988,-37.2189102,584.025635,-0.660265326,0.751030385,0.00109104568,-0.00141560426
236,0,23658da8-233b-4b62-9d1d-336fb653ecb5,StartingBlock,23.6020508,5590.60986,,,F,1,0,0,5,1,0,0,-3.50429392,-16.1172848,549.663452,-0.567171514,0.823597848,0.00123473897,-0.00124112831
237,0,23658da8-233b-4b62-9d1d-336fb653ecb5,StartingBlock,23.7021484,5590.70996,F,F,,1,0,0,5,1,0,0,-3.54390693,4.47722054,514.520264,-0.558441222,0.829542339,0.00123537006,-0.00121223263
238,0,23658da8-233b-4b62-9d1d-336fb653ecb5,StartingBlock,23.8022461,5590.81006,,,F,1,0,0,5,1,0,0,-3.58199406,24.5475693,478.748077,-0.446179271,0.894942045,0.00137354957,-0.000996862422
239,0,23658da8-233b-4b62-9d1d-336fb653ecb5,StartingBlock,23.9018555,5590.90967,,,,1,0,0,5,1,0,0,-3.61781597,43.8915901,442.368439,-0.428562999,0.903510392,0.00140899559,-0.000923540792
240,0,23658da8-233b-4b62-9d1d-336fb653ecb5,StartingBlock,24.0019531,5591.00977,,F,,1,0,0,5,1,0,0,-3.65116334,62.4649353,405.444672,-0.346623331,0.938003004,0.00146589824,-0.000765518402
241,0,23658da8-233b-4b62-9d1d-336fb653ecb5,StartingBlock,24.1020508,5591.10986,,,F,1,0,0,5,1,0,0,-3.68171167,80.1885529,368.112976,-0.302664697,0.953095675,0.00149945822,-0.000662531762
242,0,23658da8-233b-4b62-9d1d-336fb653ecb5,StartingBlock,24.2021484,5591.20996,F,F,,1,0,0,5,1,0,0,-3.70903254,96.9384232,330.391418,-0.260439903,0.965488732,0.00150809123,-0.000565306109
243,0,23658da8-233b-4b62-9d1d-336fb653ecb5,StartingBlock,24.3022461,5591.31006,,,F,1,0,0,5,1,0,0,-3.73348594,112.833946,292.472931,-0.11095646,0.993823946,0.00157631165,-0.000261855021
244,0,23658da8-233b-4b62-9d1d-336fb653ecb5,StartingBlock,24.4018555,5591.40967,F,F,,1,0,0,5,1,0,0,-3.75427151,127.643181,254.495499,-0.0872375593,0.996186316,0.0015710654,-0.000190169929
245,0,23658da8-233b-4b62-9d1d-336fb653ecb5,StartingBlock,24.5019531,5591.50977,,,F,1,0,0,5,1,0,0,-3.7715416,141.412872,216.564331,-0.0154980943,0.999878705,0.00157628371,-3.62594292E-05
246,0,23658da8-233b-4b62-9d1d-336fb653ecb5,StartingBlock,24.6020508,5591.60986,,,,1,0,0,5,1,0,0,-3.78491187,154.0233,178.76825,-0.0152261835,0.999882877,0.00158434827,-4.7341664E-06
247,0,23658da8-233b-4b62-9d1d-336fb653ecb5,StartingBlock,24.7021484,5591.70996,,,,1,0,0,5,1,0,0,-3.79438901,165.476425,141.121307,-0.0152289271,0.999882817,0.00157108018,1.78298978E-05
248,0,23658da8-233b-4b62-9d1d-336fb653ecb5,StartingBlock,24.8022461,5591.81006,F,F,,1,0,0,5,1,0,0,-3.80013132,175.817123,103.629623,0.0288065635,0.999583781,0.00156638445,0.00011829281
249,0,23658da8-233b-4b62-9d1d-336fb653ecb5,StartingBlock,24.9018555,5591.90967,,,F,1,0,0,5,1,0,0,-3.80263233,185.18779,66.3850403,0.119455226,0.992838383,0.00155620917,0.00029345529
250,0,23658da8-233b-4b62-9d1d-336fb653ecb5,StartingBlock,25.0019531,5592.00977,,,,1,0,0,5,1,0,0,-3.80145216,193.448166,29.5394516,0.120044641,0.992767215,0.00155470404,0.000317511702
251,0,23658da8-233b-4b62-9d1d-336fb653ecb5,StartingBlock,25.1020508,5592.10986,,,,1,0,0,5,1,0,0,-3.79681873,200.608429,-6.89501143,0.120039448,0.99276787,0.0015585568,0.00033104379
252,0,23658da8-233b-4b62-9d1d-336fb653ecb5,StartingBlock,25.2021484,5592.20996,F,F,,1,0,0,5,1,0,0,-3.78910637,206.691452,-42.9237595,0.139731675,0.990188122,0.0015511032,0.000374609663
253,0,23658da8-233b-4b62-9d1d-336fb653ecb5,StartingBlock,25.3022461,5592.31006,,,F,1,0,0,5,1,0,0,-3.77846861,211.874634,-78.5346451,0.249480069,0.968378544,0.00151990214,0.000570232631
254,0,23658da8-233b-4b62-9d1d-336fb653ecb5,StartingBlock,25.4018555,5592.40967,,,,1,0,0,5,1,0,0,-3.76466227,216.083908,-113.533401,0.252956629,0.967476249,0.00151780876,0.000588821189
255,0,23658da8-233b-4b62-9d1d-336fb653ecb5,StartingBlock,25.5019531,5592.50977,,,,1,0,0,5,1,0,0,-3.74770355,219.320984,-147.8927,0.252952069,0.967477441,0.00152740907,0.000599369407
256,0,23658da8-233b-4b62-9d1d-336fb653ecb5,StartingBlock,25.6020508,5592.60986,,,,1,0,0,5,1,0,0,-3.72761822,221.594284,-181.617249,0.252967447,0.967473447,0.00153103331,0.000617358484
257,0,23658da8-233b-4b62-9d1d-336fb653ecb5,StartingBlock,25.7021484,5592.70996,F,F,,1,0,0,5,1,0,0,-3.7045393,222.944824,-214.728455,0.295127988,0.955456316,0.00151043828,0.000695528113
258,0,23658da8-233b-4b62-9d1d-336fb653ecb5,StartingBlock,25.8022461,5592.81006,,,F,1,0,0,5,1,0,0,-3.67897367,223.522644,-247.21434,0.36460042,0.931162536,0.00147799903,0.000819571607
259,0,23658da8-233b-4b62-9d1d-336fb653ecb5,StartingBlock,25.9018555,5592.90967,,,,1,0,0,5,1,0,0,-3.65081,223.281906,-278.902802,0.364459187,0.931217849,0.00148419396,0.000823765004
260,0,23658da8-233b-4b62-9d1d-336fb653ecb5,StartingBlock,26.0019531,5593.00977,,,,1,0,0,5,1,0,0,-3.62009454,222.237061,-309.796417,0.36444962,0.931221545,0.00148155086,0.000842780981
261,0,23658da8-233b-4b62-9d1d-336fb653ecb5,StartingBlock,26.1020508,5593.10986,,,,1,0,0,5,1,0,0,-3.58686399,220.394165,-339.900818,0.36443764,0.931226254,0.00147703441,0.000865307811
262,0,23658da8-233b-4b62-9d1d-336fb653ecb5,StartingBlock,26.2021484,5593.20996,,,,1,0,0,5,1,0,0,-3.55115438,217.758911,-369.221466,0.364431232,0.931228697,0.001490572,0.000875463535
263,0,23658da8-233b-4b62-9d1d-336fb653ecb5,StartingBlock,26.3022461,5593.31006,,,,1,0,0,5,1,0,0,-3.51298237,214.33667,-397.763733,0.364421666,0.931232452,0.0014865644,0.000892428914
264,0,23658da8-233b-4b62-9d1d-336fb653ecb5,StartingBlock,26.4018555,5593.40967,,,,1,0,0,5,1,0,0,-3.47238564,210.132416,-425.532593,0.364427537,0.931230128,0.00147613033,0.000918750768
265,0,23658da8-233b-4b62-9d1d-336fb653ecb5,StartingBlock,26.5019531,5593.50977,,,,1,0,0,5,1,0,0,-3.42941594,205.150757,-452.532776,0.364429682,0.931229353,0.00145949214,0.000955124851
266,0,23658da8-233b-4b62-9d1d-336fb653ecb5,StartingBlock,26.6020508,5593.60986,F,F,,1,0,0,5,1,0,0,-3.38412619,199.39595,-478.768677,0.364443839,0.93122375,0.00147487607,0.000975272153
267,0,23658da8-233b-4b62-9d1d-336fb653ecb5,StartingBlock,26.7021484,5593.70996,,,F,1,0,0,5,1,0,0,-3.3368721,192.982117,-504.317444,0.46158126,0.887096167,0.00138248201,0.00115900044
268,0,23658da8-233b-4b62-9d1d-336fb653ecb5,StartingBlock,26.8022461,5593.81006,,,,1,0,0,5,1,0,0,-3.28796768,185.969208,-529.030945,0.471214473,0.882016838,0.00136469887,0.0012093368
269,0,23658da8-233b-4b62-9d1d-336fb653ecb5,StartingBlock,26.9018555,5593.90967,,,,1,0,0,5,1,0,0,-3.23749256,178.362488,-552.845642,0.47121653,0.882015705,0.00137479557,0.00123425538
270,0,23658da8-233b-4b62-9d1d-336fb653ecb5,StartingBlock,27.0019531,5594.00977,,,,1,0,0,5,1,0,0,-3.18546867,170.165802,-575.766052,0.471227527,0.882009685,0.00139325729,0.00125412014
271,0,23658da8-233b-4b62-9d1d-336fb653ecb5,StartingBlock,27.1020508,5594.10986,,,,1,0,0,5,1,0,0,-3.13189268,161.381836,-597.795532,0.47126326,0.881990552,0.00138740218,0.00127765257
272,0,23658da8-233b-4b62-9d1d-336fb653ecb5,StartingBlock,27.2021484,5594.20996,,,,1,0,0,5,1,0,0,-3.07678246,152.013168,-618.937012,0.471295327,0.881973386,0.00141154393,0.00128964719
273,0,23658da8-233b-4b62-9d1d-336fb653ecb5,StartingBlock,27.3022461,5594.31006,,,,1,0,0,5,1,0,0,-3.02013898,142.062195,-639.193176,0.471291751,0.881975234,0.00141821161,0.00132266677
274,0,23658da8-233b-4b62-9d1d-336fb653ecb5,StartingBlock,27.4018555,5594.40967,,,,1,0,0,5,1,0,0,-2.96198273,131.531006,-658.566162,0.471285284,0.881978631,0.00142918318,0.00134802773
275,0,23658da8-233b-4b62-9d1d-336fb653ecb5,StartingBlock,27.5019531,5594.50977,,,,1,0,0,5,1,0,0,-2.90234375,120.421669,-677.058044,0.471269876,0.881986856,0.0014115721,0.0014019066
276,0,23658da8-233b-4b62-9d1d-336fb653ecb5,StartingBlock,27.6020508,5594.60986,,,,1,0,0,5,1,0,0,-2.84125304,108.736259,-694.670837,0.471224189,0.882011175,0.00148609956,0.00139504811
277,0,23658da8-233b-4b62-9d1d-336fb653ecb5,StartingBlock,27.7021484,5594.70996,H,H,,1,0,0,5,1,0,0,-2.77867126,96.4894485,-711.426392,0.443464786,0.896289408,0.0015459283,0.00137308193
278,0,23658da8-233b-4b62-9d1d-336fb653ecb5,StartingBlock,27.8022461,5594.81006,,,H,1,0,0,5,1,0,0,-2.71461177,83.7373886,-727.520813,0.307577342,0.95152086,0.00175751874,0.00113200326
279,0,23658da8-233b-4b62-9d1d-336fb653ecb5,StartingBlock,27.9018555,5594.90967,,,,1,0,0,5,1,0,0,-2.64798951,70.2274475,-742.984924,0.295326293,0.955394149,0.00177602633,0.00115419936
280,0,23658da8-233b-4b62-9d1d-336fb653ecb5,StartingBlock,28.0019531,5595.00977,,,,1,0,0,5,1,0,0,-2.57851148,55.8911514,-757.82666,0.295294881,0.955403745,0.00180478906,0.00119465985
281,0,23658da8-233b-4b62-9d1d-336fb653ecb5,StartingBlock,28.1020508,5595.10986,,,,1,0,0,5,1,0,0,-2.50615692,40.7316055,-772.047485,0.295278192,0.955408871,0.00181751128,0.00125183212
282,0,23658da8-233b-4b62-9d1d-336fb653ecb5,StartingBlock,28.2021484,5595.20996,,,,1,0,0,5,1,0,0,-2.43093324,24.7510643,-785.647522,0.295282543,0.955407321,0.00183146179,0.00130198151
283,0,23658da8-233b-4b62-9d1d-336fb653ecb5,StartingBlock,28.3022461,5595.31006,,,,1,0,0,5,1,0,0,-2.35285282,7.95192432,-798.626648,0.295275718,0.955409348,0.00184951653,0.00133679935
284,0,23658da8-233b-4b62-9d1d-336fb653ecb5,StartingBlock,28.4018555,5595.40967,,,,1,0,0,5,1,0,0,-2.27192926,-9.66338539,-810.984497,0.295274317,0.955409765,0.00185931229,0.00138250191
285,0,23658da8-233b-4b62-9d1d-336fb653ecb5,StartingBlock,28.5019531,5595.50977,,,,1,0,0,5,1,0,0,-2.18818092,-28.0922279,-822.720642,0.29528892,0.955405116,0.00188460865,0.00143264921
286,0,23658da8-233b-4b62-9d1d-336fb653ecb5,StartingBlock,28.6020508,5595.60986,,,,1,0,0,5,1,0,0,-2.10160041,-47.3318558,-833.834534,0.295287788,0.955405295,0.00193024694,0.00145840901
287,0,23658da8-233b-4b62-9d1d-336fb653ecb5,StartingBlock,28.7021484,5595.70996,,,,1,0,0,5,1,0,0,-2.01215053,-67.3792953,-844.325256,0.295308024,0.955398917,0.00194303738,0.00153046893
288,0,23658da8-233b-4b62-9d1d-336fb653ecb5,StartingBlock,28.8022461,5595.81006,,,,1,0,0,5,1,0,0,-1.9198184,-88.2314911,-854.192078,0.295323491,0.95539403,0.00197710749,0.00156048883
289,0,23658da8-233b-4b62-9d1d-336fb653ecb5,StartingBlock,28.9018555,5595.90967,,,,1,0,0,5,1,0,0,-1.82459104,-109.885178,-863.434021,0.295306802,0.955399096,0.00199014577,0.00161170319
290,0,23658da8-233b-4b62-9d1d-336fb653ecb5,StartingBlock,29.0019531,5596.00977,,,,1,0,0,5,1,0,0,-1.72648656,-132.336823,-872.050171,0.295301944,0.955400527,0.00200066622,0.00163421466
291,0,23658da8-233b-4b62-9d1d-336fb653ecb5,StartingBlock,29.1020508,5596.10986,,,,1,0,0,5,1,0,0,-1.62553096,-155.58252,-880.039429,0.29534784,0.955386221,0.00200303993,0.0017038245
292,0,23658da8-233b-4b62-9d1d-336fb653ecb5,StartingBlock,29.2021484,5596.20996,,,,1,0,0,5,1,0,0,-1.52173972,-179.617935,-887.401001,0.29537499,0.955377698,0.00205424218,0.00173222914
293,0,23658da8-233b-4b62-9d1d-336fb653ecb5,StartingBlock,29.3022461,5596.31006,,,,1,0,0,5,1,0,0,-1.41510916,-204.438721,-894.133728,0.295347065,0.955386221,0.00205590297,0.00179002981
294,0,23658da8-233b-4b62-9d1d-336fb653ecb5,StartingBlock,29.4018555,5596.40967,,,,1,0,0,5,1,0,0,-1.30566061,-230.040344,-900.236389,0.295311004,0.955397189,0.00208704011,0.00182704104
295,0,23658da8-233b-4b62-9d1d-336fb653ecb5,StartingBlock,29.5019531,5596.50977,,,,1,0,0,5,1,0,0,-1.1934129,-256.417908,-905.70813,0.295312613,0.955396533,0.00208691857,0.00190257723
296,0,23658da8-233b-4b62-9d1d-336fb653ecb5,StartingBlock,29.6020508,5596.60986,,,,1,0,0,5,1,0,0,-1.07836032,-283.566071,-910.548035,0.295286804,0.955404282,0.00218231068,0.00192100171
297,0,23658da8-233b-4b62-9d1d-336fb653ecb5,StartingBlock,29.7021484,5596.70996,,,,1,0,0,5,1,0,0,-0.960427701,-311.47937,-914.755188,0.295285672,0.955404401,0.00221637846,0.00199756771
298,0,23658da8-233b-4b62-9d1d-336fb653ecb5,StartingBlock,29.8022461,5596.81006,,,,1,0,0,5,1,0,0,-0.839613676,-340.152039,-918.328857,0.295274258,0.955407739,0.0022122527,0.00209130091
299,0,23658da8-233b-4b62-9d1d-336fb653ecb5,StartingBlock,29.9018555,5596.90967,,,,1,0,0,5,1,0,0,-0.715955138,-369.577972,-921.268311,0.295287758,0.955403388,0.00224394887,0.00214654021
300,0,23658da8-233b-4b62-9d1d-336fb653ecb5,StartingBlock,30.0019531,5597.00977,,,,1,0,0,5,1,0,0,-0.589460552,-399.750824,-923.572998,0.295272052,0.955407917,0.00229073409,0.00222149538
301,0,23658da8-233b-4b62-9d1d-336fb653ecb5,StartingBlock,30.1020508,5597.10986,,,,1,0,0,5,1,0,0,-0.460136801,-430.66394,-925.242493,0.295240402,0.955417514,0.00232198229,0.00228880043
302,0,23658da8-233b-4b62-9d1d-336fb653ecb5,StartingBlock,30.2021484,5597.20996,,,,1,0,0,5,1,0,0,-0.328001678,-462.310547,-926.276917,0.295253724,0.955413043,0.00235563284,0.00238613109
303,0,23658da8-233b-4b62-9d1d-336fb653ecb5,StartingBlock,30.3022461,5597.31006,F,F,,1,0,0,5,1,0,0,-0.193092316,-494.681671,-926.67749,0.299028963,0.954237998,0.00235201791,0.00245985086
304,0,23658da8-233b-4b62-9d1d-336fb653ecb5,StartingBlock,30.4018555,5597.40967,,,F,1,0,0,5,1,0,0,-0.0560645275,-527.643982,-926.493103,0.386477113,0.922292292,0.00221440732,0.00274536829
305,0,23658da8-233b-4b62-9d1d-336fb653ecb5,StartingBlock,30.5019531,5597.50977,,,,1,0,0,5,1,0,0,0.0826514289,-561.196533,-925.559631,0.38915804,0.921163976,0.00226461631,0.00280908379
306,0,23658da8-233b-4b62-9d1d-336fb653ecb5,StartingBlock,30.6020508,5597.60986,F,F,,1,0,0,5,1,0,0,0.22302331,-595.327942,-923.852783,0.398951441,0.916964591,0.00231680437,0.00290465122
307,0,23658da8-233b-4b62-9d1d-336fb653ecb5,StartingBlock,30.7021484,5597.70996,,,F,1,0,0,5,1,0,0,0.364494085,-629.908508,-921.440002,0.477979958,0.878362536,0.00209390628,0.00317270774
308,0,23658da8-233b-4b62-9d1d-336fb653ecb5,StartingBlock,30.8022461,5597.81006,,,,1,0,0,5,1,0,0,0.506370962,-664.918762,-918.150879,0.479052842,0.877777398,0.00212816405,0.00328474329
309,0,23658da8-233b-4b62-9d1d-336fb653ecb5,StartingBlock,30.9018555,5597.90967,F,F,,1,0,0,5,1,0,0,0.648460865,-700.323669,-914.001038,0.517246604,0.855827034,0.00205431925,0.00344007951
310,0,23658da8-233b-4b62-9d1d-336fb653ecb5,StartingBlock,31.0019531,5598.00977,,,F,1,0,0,5,1,0,0,0.790026605,-735.954895,-909.093323,0.619312465,0.785133898,0.00173589843,0.00371782039
311,0,23658da8-233b-4b62-9d1d-336fb653ecb5,StartingBlock,31.1020508,5598.10986,,,,1,0,0,5,1,0,0,0.929614842,-771.713013,-903.197083,0.622463942,0.782637239,0.00176934025,0.00381412404
312,0,23658da8-233b-4b62-9d1d-336fb653ecb5,StartingBlock,31.2021484,5598.20996,F,F,,1,0,0,5,1,0,0,1.06704724,-807.56311,-896.32605,0.656178176,0.754593849,0.00166677055,0.0039524883
313,0,23658da8-233b-4b62-9d1d-336fb653ecb5,StartingBlock,31.3022461,5598.31006,,,F,1,0,0,5,1,0,0,1.20186234,-843.392822,-888.57782,0.709932566,0.704256177,0.0014261863,0.004127705
314,0,23658da8-233b-4b62-9d1d-336fb653ecb5,StartingBlock,31.4018555,5598.40967,,,,1,0,0,5,1,0,0,1.33273864,-879.103516,-879.797729,0.709841013,0.704347968,0.00152694504,0.00417369185
315,0,23658da8-233b-4b62-9d1d-336fb653ecb5,StartingBlock,31.5019531,5598.50977,,,,1,0,0,5,1,0,0,1.45964503,-914.684998,-869.993347,0.709854186,0.704334199,0.00156183774,0.00423546974
316,0,23658da8-233b-4b62-9d1d-336fb653ecb5,StartingBlock,31.6020508,5598.60986,,,,1,0,0,5,1,0,0,1.58257723,-950.135437,-859.168579,0.709838986,0.704348922,0.00160725543,0.00432109227
317,0,23658da8-233b-4b62-9d1d-336fb653ecb5,StartingBlock,31.7021484,5598.70996,,,,1,0,0,5,1,0,0,1.70148921,-985.453186,-847.327332,0.709850311,0.704337001,0.00169096468,0.00436787633
318,0,23658da8-233b-4b62-9d1d-336fb653ecb5,StartingBlock,31.8022461,5598.81006,,,,1,0,0,5,1,0,0,1.81641352,-1020.63721,-834.473755,0.709827244,0.70435977,0.00175210484,0.00443762913
319,0,23658da8-233b-4b62-9d1d-336fb653ecb5,StartingBlock,31.9018555,5598.90967,,,,1,0,0,5,1,0,0,1.92739582,-1055.68677,-820.612488,0.709904552,0.70428139,0.0018351241,0.00446161907
320,0,23658da8-233b-4b62-9d1d-336fb653ecb5,StartingBlock,32.0019531,5599.00977,,,,1,0,0,5,1,0,0,2.03447151,-1090.60181,-805.74707,0.709926307,0.704258978,0.00194076472,0.00449084956
321,0,23658da8-233b-4b62-9d1d-336fb653ecb5,StartingBlock,32.1020508,5599.10986,,,,1,0,0,5,1,0,0,2.13776827,-1125.38196,-789.883057,0.709945977,0.704239368,0.00223114528,0.00432570605
322,0,23658da8-233b-4b62-9d1d-336fb653ecb5,StartingBlock,32.2021484,5599.20996,F,F,,1,0,0,5,1,0,0,2.23784971,-1160.02832,-773.031067,0.717404485,0.696639776,0.00227025687,0.00433794362
323,0,23658da8-233b-4b62-9d1d-336fb653ecb5,StartingBlock,32.3022461,5599.31006,,,F,1,0,0,5,1,0,0,2.33497381,-1194.50159,-755.341309,0.785623133,0.61868608,0.00193835015,0.00449429918
324,0,23658da8-233b-4b62-9d1d-336fb653ecb5,StartingBlock,32.4018555,5599.40967,,,,1,0,0,5,1,0,0,2.42759633,-1228.65002,-736.704895,0.787669301,0.616079092,0.00199695327,0.00444408739
325,0,23658da8-233b-4b62-9d1d-336fb653ecb5,StartingBlock,32.5019531,5599.50977,,,,1,0,0,5,1,0,0,2.51556921,-1262.44873,-717.109375,0.787719071,0.61601454,0.0019915849,0.0045524356
326,0,23658da8-233b-4b62-9d1d-336fb653ecb5,StartingBlock,32.6020508,5599.60986,F,F,,1,0,0,5,1,0,0,2.59905267,-1295.90833,-696.594971,0.813966215,0.580891192,0.00189300394,0.004580318
327,0,23658da8-233b-4b62-9d1d-336fb653ecb5,StartingBlock,32.7021484,5599.70996,,,F,1,0,0,5,1,0,0,2.67796278,-1328.98218,-675.317383,0.863407195,0.504482448,0.00152127456,0.0048248861
328,0,23658da8-233b-4b62-9d1d-336fb653ecb5,StartingBlock,32.8022461,5599.81006,F,F,,1,0,0,5,1,0,0,2.75030279,-1361.48889,-653.17749,0.863711119,0.503961682,0.00157614646,0.00482184626
329,0,23658da8-233b-4b62-9d1d-336fb653ecb5,StartingBlock,32.9018555,5599.90967,,,F,1,0,0,5,1,0,0,2.8167429,-1393.46802,-630.307495,0.912486494,0.409076363,0.0011522955,0.00485776877
330,0,23658da8-233b-4b62-9d1d-336fb653ecb5,StartingBlock,33.0019531,5600.00977,,,,1,0,0,5,1,0,0,2.87594867,-1424.76257,-606.727051,0.916874409,0.399145693,0.00121899089,0.00476229843
331,0,23658da8-233b-4b62-9d1d-336fb653ecb5,StartingBlock,33.1020508,5600.10986,,,,1,0,0,5,1,0,0,2.9275887,-1455.31165,-582.423706,0.916879654,0.399133384,0.00128043653,0.0047639939
332,0,23658da8-233b-4b62-9d1d-336fb653ecb5,StartingBlock,33.2021484,5600.20996,,,,1,0,0,5,1,0,0,2.97176957,-1485.12085,-557.399048,0.916880429,0.399131447,0.00131755206,0.00477227336
333,0,23658da8-233b-4b62-9d1d-336fb653ecb5,StartingBlock,33.3022461,5600.31006,,,,1,0,0,5,1,0,0,3.00842428,-1514.19519,-531.652893,0.916885555,0.399117827,0.00141267211,0.00489314785
334,0,23658da8-233b-4b62-9d1d-336fb653ecb5,StartingBlock,33.4018555,5600.40967,,,,1,0,0,5,1,0,0,3.03757048,-1542.53967,-505.185059,0.916897655,0.39909178,0.00151390233,0.00472311024
335,0,23658da8-233b-4b62-9d1d-336fb653ecb5,StartingBlock,33.5019531,5600.50977,,,,1,0,0,5,1,0,0,3.05945349,-1570.15881,-477.994781,0.916911602,0.399059653,0.00159632682,0.0046990905
336,0,23658da8-233b-4b62-9d1d-336fb653ecb5,StartingBlock,33.6020508,5600.60986,,,,1,0,0,5,1,0,0,3.07421613,-1597.0575,-450.081268,0.916923881,0.39903006,0.0016520113,0.00478370627
337,0,23658da8-233b-4b62-9d1d-336fb653ecb5,StartingBlock,33.7021484,5600.70996,,,,1,0,0,5,1,0,0,3.08190131,-1623.24084,-421.443665,0.916892886,0.399102807,0.00180274423,0.00460132305
338,0,23658da8-233b-4b62-9d1d-336fb653ecb5,StartingBlock,33.8022461,5600.81006,,,,1,0,0,5,1,0,0,3.08275867,-1648.71118,-392.082489,0.916886091,0.399118066,0.00191813661,0.0045915423
339,0,23658da8-233b-4b62-9d1d-336fb653ecb5,StartingBlock,33.9018555,5600.90967,,,,1,0,0,5,1,0,0,3.07697129,-1673.46899,-362.000122,0.916909993,0.39906311,0.002034612,0.00453898776
340,0,23658da8-233b-4b62-9d1d-336fb653ecb5,StartingBlock,34.0019531,5601.00977,,,,1,0,0,5,1,0,0,3.06474161,-1697.51514,-331.199249,0.916897357,0.399092138,0.00213317806,0.00448341202
341,0,23658da8-233b-4b62-9d1d-336fb653ecb5,StartingBlock,34.1020508,5601.10986,,,,1,0,0,5,1,0,0,3.04624009,-1720.8501,-299.681946,0.916900933,0.399083257,0.00221407739,0.00452255504
342,0,23658da8-233b-4b62-9d1d-336fb653ecb5,StartingBlock,34.2021484,5601.20996,F,F,,1,0,0,5,1,0,0,3.0215981,-1743.48462,-267.461365,0.924693704,0.380677313,0.00215520081,0.00465781102
343,0,23658da8-233b-4b62-9d1d-336fb653ecb5,StartingBlock,34.3022461,5601.31006,,,F,1,0,0,5,1,0,0,2.99155331,-1765.51379,-234.712341,0.971207082,0.238180041,0.00153098896,0.00496812025
344,0,23658da8-233b-4b62-9d1d-336fb653ecb5,StartingBlock,34.4018555,5601.40967,,,,1,0,0,5,1,0,0,2.95376253,-1786.71387,-201.524368,0.97595799,0.217896,0.00150950905,0.00501090754
345,0,23658da8-233b-4b62-9d1d-336fb653ecb5,StartingBlock,34.5019531,5601.50977,,,,1,0,0,5,1,0,0,2.90729904,-1806.99146,-167.919067,0.975974679,0.217821553,0.00161564455,0.00496484805
346,0,23658da8-233b-4b62-9d1d-336fb653ecb5,StartingBlock,34.6020508,5601.60986,,,,1,0,0,5,1,0,0,2.85227084,-1826.34949,-133.900604,0.975975811,0.217816636,0.00170411333,0.00492261536
347,0,23658da8-233b-4b62-9d1d-336fb653ecb5,StartingBlock,34.7021484,5601.70996,,,,1,0,0,5,1,0,0,2.7887404,-1844.78918,-99.4708176,0.97598362,0.217778966,0.00179444079,0.00500833429
348,0,23658da8-233b-4b62-9d1d-336fb653ecb5,StartingBlock,34.8022461,5601.81006,F,F,,1,0,0,5,1,0,0,2.7170043,-1862.34546,-64.6491623,0.984629691,0.174573317,0.00169206888,0.00507381931
349,0,23658da8-233b-4b62-9d1d-336fb653ecb5,StartingBlock,34.9018555,5601.90967,,,F,1,0,0,5,1,0,0,2.63816619,-1879.14087,-29.5857658,0.998678505,0.0511306934,0.00117021916,0.00506852847
350,0,23658da8-233b-4b62-9d1d-336fb653ecb5,StartingBlock,35.0019531,5602.00977,,,,1,0,0,5,1,0,0,2.55002165,-1894.95776,5.59282017,0.998876154,0.0471108109,0.00124073878,0.00505225686
351,0,23658da8-233b-4b62-9d1d-336fb653ecb5,StartingBlock,35.1020508,5602.10986,,,,1,0,0,5,1,0,0,2.4525063,-1909.77441,40.8613014,0.998877287,0.0470902883,0.00133296917,0.00500010327
352,0,23658da8-233b-4b62-9d1d-336fb653ecb5,StartingBlock,35.2021484,5602.20996,,,,1,0,0,5,1,0,0,2.34560037,-1923.59216,76.2181931,0.998880982,0.0470080301,0.00142677373,0.00501368381
353,0,23658da8-233b-4b62-9d1d-336fb653ecb5,StartingBlock,35.3022461,5602.31006,,,,1,0,0,5,1,0,0,2.22940564,-1936.41211,111.66214,0.998881519,0.047011748,0.00152044999,0.00483896537
354,0,23658da8-233b-4b62-9d1d-336fb653ecb5,StartingBlock,35.4018555,5602.40967,,,,1,0,0,5,1,0,0,2.10413218,-1948.2356,147.191956,0.998880506,0.0470263623,0.00161241321,0.00487141684
355,0,23658da8-233b-4b62-9d1d-336fb653ecb5,StartingBlock,35.5019531,5602.50977,,,,1,0,0,5,1,0,0,1.96975017,-1959.06372,182.806519,0.998878956,0.0470523685,0.00170352333,0.0049082702
356,0,23658da8-233b-4b62-9d1d-336fb653ecb5,StartingBlock,35.6020508,5602.60986,,,,1,0,0,5,1,0,0,1.82619846,-1968.89758,218.504791,0.998879492,0.0470336266,0.00180242816,0.00493539823
357,0,23658da8-233b-4b62-9d1d-336fb653ecb5,StartingBlock,35.7021484,5602.70996,,,,1,0,0,5,1,0,0,1.67347383,-1977.73828,254.285858,0.998879611,0.0470276773,0.00189975067,0.00493690465
358,0,23658da8-233b-4b62-9d1d-336fb653ecb5,StartingBlock,35.8022461,5602.81006,,,,1,0,0,5,1,0,0,1.51160491,-1985.58679,290.148834,0.998878956,0.04703613,0.0019983938,0.0049606231
359,0,23658da8-233b-4b62-9d1d-336fb653ecb5,StartingBlock,35.9018555,5602.90967,F,F,,1,0,0,5,1,0,0,1.34082389,-1992.46948,326.089783,0.999860942,0.0157796685,0.00195272034,0.00504747592
360,0,23658da8-233b-4b62-9d1d-336fb653ecb5,StartingBlock,36.0019531,5603.00977,,,F,1,0,0,5,1,0,0,1.16226482,-1998.53369,362.024475,0.996206224,-0.0868547261,0.0015345281,0.00520389108
361,0,23658da8-233b-4b62-9d1d-336fb653ecb5,StartingBlock,36.1020508,5603.10986,,,,1,0,0,5,1,0,0,0.973788857,-2003.62634,397.800079,0.996074259,-0.0883504078,0.0016339299,0.00526734302
362,0,23658da8-233b-4b62-9d1d-336fb653ecb5,StartingBlock,36.2021484,5603.20996,,,,1,0,0,5,1,0,0,0.775145411,-2007.74158,433.39682,0.996079981,-0.0882808194,0.00174744881,0.00530161755
363,0,23658da8-233b-4b62-9d1d-336fb653ecb5,StartingBlock,36.3022461,5603.31006,F,F,,1,0,0,5,1,0,0,0.566271901,-2010.88782,468.81543,0.995076299,-0.0989540741,0.00179654791,0.00530061172
364,0,23658da8-233b-4b62-9d1d-336fb653ecb5,StartingBlock,36.4018555,5603.40967,,,F,1,0,0,5,1,0,0,0.348316342,-2013.18579,504.035034,0.985402584,-0.170145541,0.0015320112,0.00547086308
365,0,23658da8-233b-4b62-9d1d-336fb653ecb5,StartingBlock,36.5019531,5603.50977,,,,1,0,0,5,1,0,0,0.119759925,-2014.5531,538.933411,0.985342026,-0.170494214,0.00162465405,0.00550544634
366,0,23658da8-233b-4b62-9d1d-336fb653ecb5,StartingBlock,36.6020508,5603.60986,,,,1,0,0,5,1,0,0,-0.119596362,-2014.98938,573.49884,0.985350728,-0.170441896,0.00175341242,0.00552253146
367,0,23658da8-233b-4b62-9d1d-336fb653ecb5,StartingBlock,36.7021484,5603.70996,,,,1,0,0,5,1,0,0,-0.369843006,-2014.49365,607.730469,0.985340536,-0.170499906,0.00184032763,0.00551816868
368,0,23658da8-233b-4b62-9d1d-336fb653ecb5,StartingBlock,36.8022461,5603.81006,,,,1,0,0,5,1,0,0,-0.630955458,-2013.06702,641.627808,0.985357106,-0.170403436,0.00192859874,0.00552073121
369,0,23658da8-233b-4b62-9d1d-336fb653ecb5,StartingBlock,36.9018555,5603.90967,,,,1,0,0,5,1,0,0,-0.902868807,-2010.71033,675.190552,0.985377908,-0.170287371,0.00201873831,0.00535179488
370,0,23658da8-233b-4b62-9d1d-336fb653ecb5,StartingBlock,37.0019531,5604.00977,,,,1,0,0,5,1,0,0,-1.18541074,-2007.42444,708.41864,0.98536402,-0.170365453,0.00213075685,0.00537525536
371,0,23658da8-233b-4b62-9d1d-336fb653ecb5,StartingBlock,37.1020508,5604.10986,,,,1,0,0,5,1,0,0,-1.47860551,-2003.21008,741.311401,0.985353351,-0.17042695,0.00225107465,0.00533200288
372,0,23658da8-233b-4b62-9d1d-336fb653ecb5,StartingBlock,37.2021484,5604.20996,F,F,,1,0,0,5,1,0,0,-1.78236592,-1998.07471,773.87085,0.983477354,-0.180940345,0.0022726336,0.00527612539
373,0,23658da8-233b-4b62-9d1d-336fb653ecb5,StartingBlock,37.3022461,5604.31006,,,F,1,0,0,5,1,0,0,-2.09487009,-1992.1853,806.112854,0.955316603,-0.295529276,0.00174233364,0.00544869481
374,0,23658da8-233b-4b62-9d1d-336fb653ecb5,StartingBlock,37.4018555,5604.40967,,,,1,0,0,5,1,0,0,-2.41772079,-1985.49841,837.836609,0.953337014,-0.301852763,0.00183628686,0.00549332984
375,0,23658da8-233b-4b62-9d1d-336fb653ecb5,StartingBlock,37.5019531,5604.50977,,,,1,0,0,5,1,0,0,-2.75140333,-1978.00403,868.994751,0.953331053,-0.301869303,0.00199375325,0.00555961346
376,0,23658da8-233b-4b62-9d1d-336fb653ecb5,StartingBlock,37.6020508,5604.60986,,,,1,0,0,5,1,0,0,-3.09607291,-1969.70325,899.587158,0.953319907,-0.301904708,0.00209474936,0.00551064685
377,0,23658da8-233b-4b62-9d1d-336fb653ecb5,StartingBlock,37.7021484,5604.70996,,,,1,0,0,5,1,0,0,-3.45178175,-1960.59668,929.613525,0.953319371,-0.301903754,0.00219662022,0.00561593985
378,0,23658da8-233b-4b62-9d1d-336fb653ecb5,StartingBlock,37.8022461,5604.81006,,,,1,0,0,5,1,0,0,-3.81864047,-1950.68506,959.073486,0.953291178,-0.301995873,0.00224840036,0.00541924872
379,0,23658da8-233b-4b62-9d1d-336fb653ecb5,StartingBlock,37.9018555,5604.90967,,,,1,0,0,5,1,0,0,-4.196486,-1939.96912,987.966675,0.953278661,-0.302033782,0.00238927314,0.00546149723
380,0,23658da8-233b-4b62-9d1d-336fb653ecb5,StartingBlock,38.0019531,5605.00977,F,F,,1,0,0,5,1,0,0,-4.58531475,-1928.44922,1016.29266,0.953265846,-0.302075475,0.002473203,0.005352573
381,0,23658da8-233b-4b62-9d1d-336fb653ecb5,StartingBlock,38.1020508,5605.10986,,,F,1,0,0,5,1,0,0,-4.98359966,-1916.24512,1044.10901,0.91568625,-0.401850492,0.00198635971,0.00557027059
382,0,23658da8-233b-4b62-9d1d-336fb653ecb5,StartingBlock,38.2021484,5605.20996,,,,1,0,0,5,1,0,0,-5.39229107,-1903.39307,1071.25757,0.911227942,-0.411862314,0.00193770987,0.0054215272
383,0,23658da8-233b-4b62-9d1d-336fb653ecb5,StartingBlock,38.3022461,5605.31006,,,,1,0,0,5,1,0,0,-5.8118391,-1889.88733,1097.67139,0.911241651,-0.411832154,0.00201648241,0.00537323672
384,0,23658da8-233b-4b62-9d1d-336fb653ecb5,StartingBlock,38.4018555,5605.40967,,,,1,0,0,5,1,0,0,-6.24217272,-1875.72998,1123.35156,0.911214113,-0.411890537,0.00221871678,0.0054948763
385,0,23658da8-233b-4b62-9d1d-336fb653ecb5,StartingBlock,38.5019531,5605.50977,,,,1,0,0,5,1,0,0,-6.68348122,-1860.92188,1148.2981,0.911208987,-0.411902964,0.0022572116,0.0053940448
386,0,23658da8-233b-4b62-9d1d-336fb653ecb5,StartingBlock,38.6020508,5605.60986,,F,,1,0,0,5,1,0,0,-7.13530254,-1845.48877,1172.53711,0.892334104,-0.451337278,0.00217464822,0.00545769138
387,0,23658da8-233b-4b62-9d1d-336fb653ecb5,StartingBlock,38.7021484,5605.70996,,,F,1,0,0,5,1,0,0,-7.59694052,-1829.53125,1196.06702,0.874027967,-0.485839605,0.00207703328,0.00554009667
388,0,23658da8-233b-4b62-9d1d-336fb653ecb5,StartingBlock,38.8022461,5605.81006,,,,1,0,0,5,1,0,0,-8.06952,-1813.04675,1218.76721,0.874058008,-0.485787928,0.00209537847,0.00531790173
389,0,23658da8-233b-4b62-9d1d-336fb653ecb5,StartingBlock,38.9018555,5605.90967,,,,1,0,0,5,1,0,0,-8.55272102,-1796.03955,1240.63916,0.874017298,-0.485861033,0.00218544411,0.00529833557
390,0,23658da8-233b-4b62-9d1d-336fb653ecb5,StartingBlock,39.0019531,5606.00977,F,F,,1,0,0,5,1,0,0,-9.04545021,-1778.56592,1261.75525,0.827395082,-0.561591268,0.00180333888,0.00541265681
391,0,23658da8-233b-4b62-9d1d-336fb653ecb5,StartingBlock,39.1020508,5606.10986,,,F,1,0,0,5,1,0,0,-9.54676056,-1760.78345,1282.10266,0.789292395,-0.613991201,0.00156939379,0.00547770225
392,0,23658da8-233b-4b62-9d1d-336fb653ecb5,StartingBlock,39.2021484,5606.20996,,,,1,0,0,5,1,0,0,-10.0579729,-1742.74048,1301.5011,0.789250135,-0.614045501,0.00169985695,0.00543261925
393,0,23658da8-233b-4b62-9d1d-336fb653ecb5,StartingBlock,39.3022461,5606.31006,,,,1,0,0,5,1,0,0,-10.5790339,-1724.4447,1319.95581,0.789191604,-0.614121079,0.00177312503,0.00538290432
394,0,23658da8-233b-4b62-9d1d-336fb653ecb5,StartingBlock,39.4018555,5606.40967,,,,1,0,0,5,1,0,0,-11.1099081,-1705.89697,1337.46692,0.78908813,-0.614254594,0.0018618661,0.00527736405
395,0,23658da8-233b-4b62-9d1d-336fb653ecb5,StartingBlock,39.5019531,5606.50977,,,,1,0,0,5,1,0,0,-11.6506214,-1687.09729,1354.03333,0.78919524,-0.614116907,0.00198873645,0.00523768971
396,0,23658da8-233b-4b62-9d1d-336fb653ecb5,StartingBlock,39.6020508,5606.60986,,,,1,0,0,5,1,0,0,-12.2012863,-1668.04614,1369.65417,0.789115846,-0.614217758,0.0022064459,0.00527268928
397,0,23658da8-233b-4b62-9d1d-336fb653ecb5,StartingBlock,39.7021484,5606.70996,,,,1,0,0,5,1,0,0,-12.762187,-1648.74353,1384.32922,0.789187789,-0.614124,0.00239342451,0.0053521418
398,0,23658da8-233b-4b62-9d1d-336fb653ecb5,StartingBlock,39.8022461,5606.81006,,,,1,0,0,5,1,0,0,-13.3335714,-1629.19006,1398.05896,0.789191365,-0.614118814,0.00254073134,0.00535860099
399,0,23658da8-233b-4b62-9d1d-336fb653ecb5,StartingBlock,39.9018555,5606.90967,,,,1,0,0,5,1,0,0,-13.9155941,-1609.38574,1410.84265,0.789230287,-0.614068985,0.00263055717,0.00528211379
400,0,23658da8-233b-4b62-9d1d-336fb653ecb5,StartingBlock,40.0019531,5607.00977,,,,1,0,0,5,1,0,0,-14.5082922,-1589.33093,1422.68054,0.789264798,-0.614024222,0.00275400095,0.00526576629
401,0,23658da8-233b-4b62-9d1d-336fb653ecb5,StartingBlock,40.1020508,5607.10986,,,,1,0,0,5,1,0,0,-15.1117249,-1569.02588,1433.57288,0.789355278,-0.613909304,0.0027355419,0.00511808135
402,0,23658da8-233b-4b62-9d1d-336fb653ecb5,StartingBlock,40.2021484,5607.20996,,,,1,0,0,5,1,0,0,-15.7257166,-1548.47058,1443.51917,0.789430261,-0.613814175,0.00274408632,0.00495225238
403,0,23658da8-233b-4b62-9d1d-336fb653ecb5,StartingBlock,40.3022461,5607.31006,,,,1,0,0,5,1,0,0,-16.3500099,-1527.66504,1452.51929,0.789420545,-0.613827765,0.00273636729,0.0048249769
404,0,23658da8-233b-4b62-9d1d-336fb653ecb5,StartingBlock,40.4018555,5607.40967,,,,1,0,0,5,1,0,0,-16.9843788,-1506.6095,1460.57288,0.789500415,-0.613727093,0.00271643442,0.00456736004
405,0,23658da8-233b-4b62-9d1d-336fb653ecb5,StartingBlock,40.5019531,5607.50977,,,,1,0,0,5,1,0,0,-17.6284561,-1485.30371,1467.67896,0.789604783,-0.6135934,0.00274583534,0.00445346441
406,0,23658da8-233b-4b62-9d1d-336fb653ecb5,StartingBlock,40.6020508,5607.60986,,,,1,0,0,5,1,0,0,-18.2820129,-1463.74768,1473.8374,0.789728284,-0.613435626,0.00272379001,0.00432177307
407,0,23658da8-233b-4b62-9d1d-336fb653ecb5,StartingBlock,40.7021484,5607.70996,,,,1,0,0,5,1,0,0,-18.9448261,-1441.94128,1479.04846,0.789858937,-0.613268077,0.00277105719,0.00417297054
408,0,23658da8-233b-4b62-9d1d-336fb653ecb5,StartingBlock,40.8022461,5607.81006,,,,1,0,0,5,1,0,0,-19.6166706,-1419.88477,1483.31238,0.789996624,-0.61309135,0.00276263966,0.00408734288
409,0,23658da8-233b-4b62-9d1d-336fb653ecb5,StartingBlock,40.9018555,5607.90967,,,,1,0,0,5,1,0,0,-20.2974548,-1397.57776,1486.62915,0.789955795,-0.6131441,0.00283528306,0.00401326595
410,0,23658da8-233b-4b62-9d1d-336fb653ecb5,StartingBlock,41.0019531,5608.00977,,,,1,0,0,5,1,0,0,-20.9871731,-1375.02026,1488.99731,0.789983034,-0.613107681,0.00301201409,0.00410094857
411,0,23658da8-233b-4b62-9d1d-336fb653ecb5,StartingBlock,41.1020508,5608.10986,,,,1,0,0,5,1,0,0,-21.6860619,-1352.2124,1490.41675,0.789952576,-0.613146305,0.00309710135,0.00412442908
412,0,23658da8-233b-4b62-9d1d-336fb653ecb5,StartingBlock,41.2021484,5608.20996,,,,1,0,0,5,1,0,0,-22.3941994,-1329.15466,1490.88745,0.789971173,-0.61312288,0.00308130751,0.00406300789
413,0,23658da8-233b-4b62-9d1d-336fb653ecb5,StartingBlock,41.3022461,5608.31006,,,,1,0,0,5,1,0,0,-23.1114559,-1305.84717,1490.4082,0.790003896,-0.613080978,0.00318880775,0.0039374535
414,0,23658da8-233b-4b62-9d1d-336fb653ecb5,StartingBlock,41.4018555,5608.40967,,,,1,0,0,5,1,0,0,-23.8378716,-1282.29004,1488.97876,0.790010393,-0.613071203,0.00334502803,0.00402351934
415,0,23658da8-233b-4b62-9d1d-336fb653ecb5,StartingBlock,41.5019531,5608.50977,,,,1,0,0,5,1,0,0,-24.5736103,-1258.48328,1486.59851,0.790086746,-0.612973571,0.00335864979,0.00387912709
416,0,23658da8-233b-4b62-9d1d-336fb653ecb5,StartingBlock,41.6020508,5608.60986,,,,1,0,0,5,1,0,0,-25.3184414,-1234.42737,1483.26843,0.790188968,-0.612841487,0.00342748268,0.00387874921
417,0,23658da8-233b-4b62-9d1d-336fb653ecb5,StartingBlock,41.7021484,5608.70996,,,,1,0,0,5,1,0,0,-26.0724049,-1210.12207,1478.98743,0.790138006,-0.612906218,0.00361651578,0.00386770675
418,0,23658da8-233b-4b62-9d1d-336fb653ecb5,StartingBlock,41.8022461,5608.81006,,,,1,0,0,5,1,0,0,-26.8357296,-1185.56738,1473.75439,0.79017818,-0.612853646,0.00373276439,0.00387289771
419,0,23658da8-233b-4b62-9d1d-336fb653ecb5,StartingBlock,41.9018555,5608.90967,,,,1,0,0,5,1,0,0,-27.6084538,-1160.76306,1467.56726,0.790175736,-0.612857342,0.0037240677,0.0037784325
420,0,23658da8-233b-4b62-9d1d-336fb653ecb5,StartingBlock,42.0019531,5609.00977,,,,1,0,0,5,1,0,0,-28.3905697,-1135.70959,1460.42603,0.790232837,-0.612783968,0.00381000806,0.00366854994
421,0,23658da8-233b-4b62-9d1d-336fb653ecb5,StartingBlock,42.1020508,5609.10986,,,,1,0,0,5,1,0,0,-29.1818924,-1110.40723,1452.33118,0.790258706,-0.612750411,0.00386351114,0.00364745827
422,0,23658da8-233b-4b62-9d1d-336fb653ecb5,StartingBlock,42.2021484,5609.20996,,,,1,0,0,5,1,0,0,-29.9823914,-1084.85583,1443.28027,0.790234923,-0.612780273,0.00398383196,0.00365051348
423,0,23658da8-233b-4b62-9d1d-336fb653ecb5,StartingBlock,42.3022461,5609.31006,,,,1,0,0,5,1,0,0,-30.7922268,-1059.05591,1433.27332,0.790226281,-0.612790406,0.004130024,0.00365005573
424,0,23658da8-233b-4b62-9d1d-336fb653ecb5,StartingBlock,42.4018555,5609.40967,,,,1,0,0,5,1,0,0,-31.611515,-1033.00769,1422.30981,0.790293694,-0.612701654,0.00431559002,0.00372518878
425,0,23658da8-233b-4b62-9d1d-336fb653ecb5,StartingBlock,42.5019531,5609.50977,,,,1,0,0,5,1,0,0,-32.4403801,-1006.71124,1410.38904,0.790390611,-0.612576663,0.00437222235,0.00365068787
426,0,23658da8-233b-4b62-9d1d-336fb653ecb5,StartingBlock,42.6020508,5609.60986,,,,1,0,0,5,1,0,0,-33.2788162,-980.166199,1397.5083,0.79037571,-0.612596035,0.0044342163,0.00358013529
427,0,23658da8-233b-4b62-9d1d-336fb653ecb5,StartingBlock,42.7021484,5609.70996,,,,1,0,0,5,1,0,0,-34.1267204,-953.372742,1383.66589,0.79039824,-0.612568617,0.00436061202,0.00337354047
428,0,23658da8-233b-4b62-9d1d-336fb653ecb5,StartingBlock,42.8022461,5609.81006,,,,1,0,0,5,1,0,0,-34.9838028,-926.331116,1368.8606,0.790430248,-0.612527192,0.00443802588,0.00330083887
429,0,23658da8-233b-4b62-9d1d-336fb653ecb5,StartingBlock,42.9018555,5609.90967,,,,1,0,0,5,1,0,0,-35.8498726,-899.041565,1353.09033,0.790430605,-0.612526655,0.00448539713,0.00324875489
430,0,23658da8-233b-4b62-9d1d-336fb653ecb5,StartingBlock,43.0019531,5610.00977,,,,1,0,0,5,1,0,0,-36.7248383,-871.504333,1336.354,0.790422916,-0.612535655,0.00458509987,0.00326003577
431,0,23658da8-233b-4b62-9d1d-336fb653ecb5,StartingBlock,43.1020508,5610.10986,,,,1,0,0,5,1,0,0,-37.6087112,-843.720032,1318.65027,0.790466607,-0.612478912,0.00465688854,0.00323379412
432,0,23658da8-233b-4b62-9d1d-336fb653ecb5,StartingBlock,43.2021484,5610.20996,,,,1,0,0,5,1,0,0,-38.5014229,-815.689148,1299.97766,0.790402889,-0.612561703,0.00465849182,0.00313404575
433,0,23658da8-233b-4b62-9d1d-336fb653ecb5,StartingBlock,43.3022461,5610.31006,,,,1,0,0,5,1,0,0,-39.402771,-787.41217,1280.3335,0.790415645,-0.612544835,0.00473904004,0.00307691749
434,0,23658da8-233b-4b62-9d1d-336fb653ecb5,StartingBlock,43.4018555,5610.40967,,,,1,0,0,5,1,0,0,-40.3126755,-758.889893,1259.71631,0.790358663,-0.612617373,0.00486055715,0.00308379694
435,0,23658da8-233b-4b62-9d1d-336fb653ecb5,StartingBlock,43.5019531,5610.50977,,,,1,0,0,5,1,0,0,-41.2311668,-730.123047,1238.1239,0.790433645,-0.612519026,0.00503226276,0.00313024432
436,0,23658da8-233b-4b62-9d1d-336fb653ecb5,StartingBlock,43.6020508,5610.60986,,,,1,0,0,5,1,0,0,-42.158226,-701.112549,1215.55457,0.790392399,-0.612572849,0.0050343452,0.00301354146
437,0,23658da8-233b-4b62-9d1d-336fb653ecb5,StartingBlock,43.7021484,5610.70996,,,,1,0,0,5,1,0,0,-43.0936394,-671.859314,1192.00537,0.790333211,-0.612648964,0.0051036356,0.00294404943
438,0,23658da8-233b-4b62-9d1d-336fb653ecb5,StartingBlock,43.8022461,5610.81006,,,,1,0,0,5,1,0,0,-44.0371742,-642.364685,1167.47388,0.79038626,-0.612580419,0.00515915034,0.00287334272
439,0,23658da8-233b-4b62-9d1d-336fb653ecb5,StartingBlock,43.9018555,5610.90967,,,,1,0,0,5,1,0,0,-44.9886436,-612.629883,1141.95715,0.790314972,-0.612670958,0.00531567726,0.00288827927
440,0,23658da8-233b-4b62-9d1d-336fb653ecb5,StartingBlock,44.0019531,5611.00977,,,,1,0,0,5,1,0,0,-45.9480209,-582.656555,1115.45227,0.790256619,-0.612745821,0.00538966013,0.00284605613
441,0,23658da8-233b-4b62-9d1d-336fb653ecb5,StartingBlock,44.1020508,5611.10986,,,,1,0,0,5,1,0,0,-46.915081,-552.446655,1087.9563,0.79025346,-0.612749338,0.00547711179,0.00280544907
442,0,23658da8-233b-4b62-9d1d-336fb653ecb5,StartingBlock,44.2021484,5611.20996,,,,1,0,0,5,1,0,0,-47.8894005,-522.006409,1059.46973,0.790305376,-0.612682223,0.00553265447,0.00272446196
443,0,23658da8-233b-4b62-9d1d-336fb653ecb5,StartingBlock,44.3022461,5611.31006,,,,1,0,0,5,1,0,0,-48.8703651,-491.347961,1029.99878,0.790300786,-0.612687051,0.00566034485,0.00269363727
444,0,23658da8-233b-4b62-9d1d-336fb653ecb5,StartingBlock,44.4018555,5611.40967,,,,1,0,0,5,1,0,0,-49.8573303,-460.484924,999.550415,0.790311158,-0.612673879,0.00569741102,0.00258462504
445,0,23658da8-233b-4b62-9d1d-336fb653ecb5,StartingBlock,44.5019531,5611.50977,,,,1,0,0,5,1,0,0,-50.8494835,-429.432068,968.133118,0.790331125,-0.612647355,0.00580173964,0.00251917867
446,0,23658da8-233b-4b62-9d1d-336fb653ecb5,StartingBlock,44.6020508,5611.60986,,,,1,0,0,5,1,0,0,-51.8460236,-398.205444,935.756592,0.79033196,-0.612645745,0.00589612452,0.00244645146
447,0,23658da8-233b-4b62-9d1d-336fb653ecb5,StartingBlock,44.7021484,5611.70996,,,,1,0,0,5,1,0,0,-52.8460808,-366.822174,902.43158,0.790310621,-0.612672448,0.00598458434,0.00240092352
448,0,23658da8-233b-4b62-9d1d-336fb653ecb5,StartingBlock,44.8022461,5611.81006,F,F,,1,0,0,5,1,0,0,-53.8485756,-335.304352,868.184143,0.777994394,-0.628237367,0.00604714546,0.00247086352
449,0,23658da8-233b-4b62-9d1d-336fb653ecb5,StartingBlock,44.9018555,5611.90967,,,F,1,0,0,5,1,0,0,-54.8511124,-303.763519,833.16925,0.702860653,-0.71129781,0.00577327097,0.00300461333
450,0,23658da8-233b-4b62-9d1d-336fb653ecb5,StartingBlock,45.0019531,5612.00977,,,,1,0,0,5,1,0,0,-55.8551292,-272.354095,797.234802,0.700311363,-0.713807702,0.0058344123,0.00293969922
451,0,23658da8-233b-4b62-9d1d-336fb653ecb5,StartingBlock,45.1020508,5612.10986,F,F,,1,0,0,5,1,0,0,-56.8593941,-241.121521,760.412537,0.668366253,-0.743803859,0.00574274128,0.00307447324
452,0,23658da8-233b-4b62-9d1d-336fb653ecb5,StartingBlock,45.2021484,5612.20996,,,F,1,0,0,5,1,0,0,-57.8605652,-210.157013,722.922607,0.539046168,-0.842251241,0.00522375572,0.00383999082
453,0,23658da8-233b-4b62-9d1d-336fb653ecb5,StartingBlock,45.3022461,5612.31006,,,,1,0,0,5,1,0,0,-58.8597794,-179.737228,684.684204,0.520843446,-0.853627801,0.00518870493,0.00384111213
454,0,23658da8-233b-4b62-9d1d-336fb653ecb5,StartingBlock,45.4018555,5612.40967,,,,1,0,0,5,1,0,0,-59.8567963,-149.968933,645.672791,0.520819902,-0.853641987,0.00528487936,0.00375699205
455,0,23658da8-233b-4b62-9d1d-336fb653ecb5,StartingBlock,45.5019531,5612.50977,F,F,,1,0,0,5,1,0,0,-60.8500175,-120.852875,605.943909,0.482720464,-0.875750422,0.00519769453,0.00390237197
456,0,23658da8-233b-4b62-9d1d-336fb653ecb5,StartingBlock,45.6020508,5612.60986,,,F,1,0,0,5,1,0,0,-61.8371658,-92.435257,565.634644,0.432883233,-0.901427209,0.00498854509,0.00403430872
457,0,23658da8-233b-4b62-9d1d-336fb653ecb5,StartingBlock,45.7021484,5612.70996,,,,1,0,0,5,1,0,0,-62.8186264,-64.8749161,524.704712,0.432974219,-0.901383698,0.00503265066,0.0039169318
458,0,23658da8-233b-4b62-9d1d-336fb653ecb5,StartingBlock,45.8022461,5612.81006,F,F,,1,0,0,5,1,0,0,-63.7922173,-38.1321182,483.256897,0.351281226,-0.93624872,0.00471092947,0.0042172242
459,0,23658da8-233b-4b62-9d1d-336fb653ecb5,StartingBlock,45.9018555,5612.90967,,,F,1,0,0,5,1,0,0,-64.7548904,-12.2228088,441.511536,0.222190723,-0.974983513,0.00408199662,0.0046633943
460,0,23658da8-233b-4b62-9d1d-336fb653ecb5,StartingBlock,46.0019531,5613.00977,,,,1,0,0,5,1,0,0,-65.7071533,12.5648451,399.522369,0.217885986,-0.975955069,0.0040924456,0.00455660513
461,0,23658da8-233b-4b62-9d1d-336fb653ecb5,StartingBlock,46.1020508,5613.10986,F,F,,1,0,0,5,1,0,0,-66.647583,36.2791634,357.366516,0.130468979,-0.991434038,0.0037038906,0.00476171961
462,0,23658da8-233b-4b62-9d1d-336fb653ecb5,StartingBlock,46.2021484,5613.20996,,,F,1,0,0,5,1,0,0,-67.5742264,58.9267311,315.212219,0.0660366416,-0.997799754,0.00335162506,0.00486048963
463,0,23658da8-233b-4b62-9d1d-336fb653ecb5,StartingBlock,46.3022461,5613.31006,F,F,,1,0,0,5,1,0,0,-68.4868927,80.3887482,273.146423,0.00815775618,-0.999949932,0.00306530041,0.00492277928
464,0,23658da8-233b-4b62-9d1d-336fb653ecb5,StartingBlock,46.4018555,5613.40967,,,F,1,0,0,5,1,0,0,-69.3834457,100.834549,231.301971,-0.120036185,-0.992753446,0.00234111585,0.00514884666
465,0,23658da8-233b-4b62-9d1d-336fb653ecb5,StartingBlock,46.5019531,5613.50977,,,,1,0,0,5,1,0,0,-70.2632065,120.096054,189.880203,-0.124191552,-0.992242813,0.00228463393,0.0050432072
466,0,23658da8-233b-4b62-9d1d-336fb653ecb5,StartingBlock,46.6020508,5613.60986,F,F,,1,0,0,5,1,0,0,-71.1262207,138.207458,148.904282,-0.167536393,-0.98585099,0.00205495278,0.00501091359
467,0,23658da8-233b-4b62-9d1d-336fb653ecb5,StartingBlock,46.7021484,5613.70996,,,,1,0,0,5,1,0,0,-71.9716492,155.398605,108.392723,-0.330783039,-0.943692148,0.00110797025,0.00515621994
468,0,23658da8-233b-4b62-9d1d-336fb653ecb5,StartingBlock,46.8022461,5613.81006,,,F,1,0,0,5,1,0,0,-72.7975922,171.703842,68.6026611,-0.380428761,-0.924795866,0.000756072695,0.00510717276
469,0,23658da8-233b-4b62-9d1d-336fb653ecb5,StartingBlock,46.9018555,5613.90967,,,,1,0,0,5,1,0,0,-73.6035004,187.097427,29.6909618,-0.38053602,-0.924752295,0.000699919881,0.00500548491
470,0,23658da8-233b-4b62-9d1d-336fb653ecb5,StartingBlock,47.0019531,5614.00977,,,,1,0,0,5,1,0,0,-74.3901672,201.601288,-8.35415268,-0.380537063,-0.924752533,0.00065416802,0.00489810202
471,0,23658da8-233b-4b62-9d1d-336fb653ecb5,StartingBlock,47.1020508,5614.10986,,,,1,0,0,5,1,0,0,-75.1584473,215.229065,-45.5425682,-0.380539775,-0.924751997,0.000609904935,0.00478023663
472,0,23658da8-233b-4b62-9d1d-336fb653ecb5,StartingBlock,47.2021484,5614.20996,F,F,,1,0,0,5,1,0,0,-75.9093475,228.064926,-81.9426498,-0.461157352,-0.887306035,0.000124155005,0.00469033048
473,0,23658da8-233b-4b62-9d1d-336fb653ecb5,StartingBlock,47.3022461,5614.31006,,,F,1,0,0,5,1,0,0,-76.6427078,240.290451,-117.534904,-0.533163428,-0.845999718,-0.000372847135,0.00458734529
474,0,23658da8-233b-4b62-9d1d-336fb653ecb5,StartingBlock,47.4018555,5614.40967,,,,1,0,0,5,1,0,0,-77.3574066,251.932877,-152.113068,-0.53323257,-0.845956743,-0.000437439041,0.00448039966
475,0,23658da8-233b-4b62-9d1d-336fb653ecb5,StartingBlock,47.5019531,5614.50977,,,,1,0,0,5,1,0,0,-78.0542297,263.013641,-185.68956,-0.533219278,-0.845965743,-0.000495514891,0.00435774261
476,0,23658da8-233b-4b62-9d1d-336fb653ecb5,StartingBlock,47.6020508,5614.60986,,,,1,0,0,5,1,0,0,-78.733963,273.543304,-218.276001,-0.533223331,-0.845963717,-0.00057098188,0.00423826836
477,0,23658da8-233b-4b62-9d1d-336fb653ecb5,StartingBlock,47.7021484,5614.70996,,,,1,0,0,5,1,0,0,-79.3973465,283.531769,-249.883575,-0.533212125,-0.845971227,-0.00066283677,0.00413297582
478,0,23658da8-233b-4b62-9d1d-336fb653ecb5,StartingBlock,47.8022461,5614.81006,,,,1,0,0,5,1,0,0,-80.0450668,292.988251,-280.522858,-0.533233345,-0.845958471,-0.000726272759,0.00400900561
479,0,23658da8-233b-4b62-9d1d-336fb653ecb5,StartingBlock,47.9018555,5614.90967,,,,1,0,0,5,1,0,0,-80.6777725,301.921295,-310.203979,-0.533243895,-0.845952332,-0.000790278951,0.00388248218
480,0,23658da8-233b-4b62-9d1d-336fb653ecb5,StartingBlock,48.0019531,5615.00977,,,,1,0,0,5,1,0,0,-81.2961121,310.338806,-338.93634,-0.533221602,-0.845966995,-0.000841529865,0.00374087947
481,0,23658da8-233b-4b62-9d1d-336fb653ecb5,StartingBlock,48.1020508,5615.10986,,,,1,0,0,5,1,0,0,-81.9006653,318.247833,-366.728699,-0.533233762,-0.845959723,-0.000944141007,0.00362447207
482,0,23658da8-233b-4b62-9d1d-336fb653ecb5,StartingBlock,48.2021484,5615.20996,,,,1,0,0,5,1,0,0,-82.49189,325.65506,-393.589264,-0.533246219,-0.845952094,-0.00106306735,0.00352640124
483,0,23658da8-233b-4b62-9d1d-336fb653ecb5,StartingBlock,48.3022461,5615.31006,,,,1,0,0,5,1,0,0,-83.0701981,332.566254,-419.525208,-0.533235252,-0.845959365,-0.00115440344,0.00341420411
484,0,23658da8-233b-4b62-9d1d-336fb653ecb5,StartingBlock,48.4018555,5615.40967,,,,1,0,0,5,1,0,0,-83.6360016,338.986725,-444.543365,-0.533252716,-0.845948815,-0.00121745688,0.00327361492
485,0,23658da8-233b-4b62-9d1d-336fb653ecb5,StartingBlock,48.5019531,5615.50977,,,,1,0,0,5,1,0,0,-84.1896973,344.921295,-468.649719,-0.53321743,-0.845971406,-0.00131434505,0.00315242959
486,0,23658da8-233b-4b62-9d1d-336fb653ecb5,StartingBlock,48.6020508,5615.60986,,,,1,0,0,5,1,0,0,-84.7316284,350.374084,-491.849548,-0.533225775,-0.845966458,-0.00140106364,0.00301003712
487,0,23658da8-233b-4b62-9d1d-336fb653ecb5,StartingBlock,48.7021484,5615.70996,,,,1,0,0,5,1,0,0,-85.2621155,355.348907,-514.147766,-0.533229887,-0.845964134,-0.0014972575,0.00289498176
488,0,23658da8-233b-4b62-9d1d-336fb653ecb5,StartingBlock,48.8022461,5615.81006,,,,1,0,0,5,1,0,0,-85.7814178,359.84906,-535.548523,-0.533227324,-0.845965981,-0.00157874986,0.00277559832
489,0,23658da8-233b-4b62-9d1d-336fb653ecb5,StartingBlock,48.9018555,5615.90967,H,,,1,0,0,5,1,0,0,-86.2897797,363.877319,-556.05481,-0.533229351,-0.845964611,-0.00174622657,0.00269958773
490,0,23658da8-233b-4b62-9d1d-336fb653ecb5,StartingBlock,49.0019531,5616.00977,H,H,,1,0,0,5,1,0,0,-86.7879333,367.473236,-575.776123,-0.441245109,-0.897380888,-0.00157774112,0.00280812173
491,0,23658da8-233b-4b62-9d1d-336fb653ecb5,StartingBlock,49.1020508,5616.10986,,,H,1,0,0,5,1,0,0,-87.2773056,370.588409,-594.926147,-0.276696742,-0.960952163,-0.00115055311,0.00291129574
492,0,23658da8-233b-4b62-9d1d-336fb653ecb5,StartingBlock,49.2021484,5616.20996,,,,1,0,0,5,1,0,0,-87.7580872,372.915802,-613.553772,-0.255187988,-0.96688664,-0.00120219588,0.00281849271
493,0,23658da8-233b-4b62-9d1d-336fb653ecb5,StartingBlock,49.3022461,5616.31006,,,,1,0,0,5,1,0,0,-88.2303543,374.358521,-631.674744,-0.255200595,-0.966883838,-0.00120829453,0.00264337263
494,0,23658da8-233b-4b62-9d1d-336fb653ecb5,StartingBlock,49.4018555,5616.40967,,,,1,0,0,5,1,0,0,-88.6942596,374.919708,-649.291504,-0.255243331,-0.96687299,-0.00119634438,0.00247205794
495,0,23658da8-233b-4b62-9d1d-336fb653ecb5,StartingBlock,49.5019531,5616.50977,,,,1,0,0,5,1,0,0,-89.1499863,374.600677,-666.403931,-0.255237758,-0.966874778,-0.00126635702,0.00230438076
496,0,23658da8-233b-4b62-9d1d-336fb653ecb5,StartingBlock,49.6020508,5616.60986,H,H,,1,0,0,5,1,0,0,-89.5976257,373.408905,-683.015503,-0.244823441,-0.969564378,-0.00132094719,0.00218831422
497,0,23658da8-233b-4b62-9d1d-336fb653ecb5,StartingBlock,49.7021484,5616.70996,,,H,1,0,0,5,1,0,0,-90.0379562,371.474701,-699.244141,-0.115990072,-0.993247449,-0.00107394182,0.00219836039
498,0,23658da8-233b-4b62-9d1d-336fb653ecb5,StartingBlock,49.8022461,5616.81006,,,,1,0,0,5,1,0,0,-90.4712906,368.620819,-715.209229,-0.103925705,-0.994582474,-0.00104298966,0.00204839185
499,0,23658da8-233b-4b62-9d1d-336fb653ecb5,StartingBlock,49.9018555,5616.90967,,,,1,0,0,5,1,0,0,-90.8977432,364.786316,-730.942078,-0.103912957,-0.994584203,-0.00101358548,0.00187138724
500,0,23658da8-233b-4b62-9d1d-336fb653ecb5,StartingBlock,50.0019531,5617.00977,,,,1,0,0,5,1,0,0,-91.3174286,359.97348,-746.443176,-0.103907838,-0.994584858,-0.00108299346,0.00173044798
501,0,23658da8-233b-4b62-9d1d-336fb653ecb5,StartingBlock,50.1020508,5617.10986,,,,1,0,0,5,1,0,0,-91.7303314,354.182922,-761.71228,-0.103908435,-0.994585156,-0.00109603687,0.00153870147
502,0,23658da8-233b-4b62-9d1d-336fb653ecb5,StartingBlock,50.2021484,5617.20996,,,,1,0,0,5,1,0,0,-92.1364746,347.415588,-776.749023,-0.103928208,-0.994583309,-0.00111356447,0.00136325613
503,0,23658da8-233b-4b62-9d1d-336fb653ecb5,StartingBlock,50.3022461,5617.31006,,,,1,0,0,5,1,0,0,-92.5359039,339.672302,-791.553162,-0.10388986,-0.994587481,-0.00114718557,0.00121276989
504,0,23658da8-233b-4b62-9d1d-336fb653ecb5,StartingBlock,50.4018555,5617.40967,,,,1,0,0,5,1,0,0,-92.9286118,330.953766,-806.124329,-0.103916988,-0.994584799,-0.00120214128,0.00102879549
505,0,23658da8-233b-4b62-9d1d-336fb653ecb5,StartingBlock,50.5019531,5617.50977,H,H,,1,0,0,5,1,0,0,-93.3147583,321.328491,-820.482056,-0.0311485603,-0.999513745,-0.00113327976,0.000944330299
506,0,23658da8-233b-4b62-9d1d-336fb653ecb5,StartingBlock,50.6020508,5617.60986,,,H,1,0,0,5,1,0,0,-93.6949158,310.91983,-834.773254,0.0845120251,-0.996421456,-0.0010516718,0.000936382217
507,0,23658da8-233b-4b62-9d1d-336fb653ecb5,StartingBlock,50.7021484,5617.70996,,,,1,0,0,5,1,0,0,-94.0689163,299.536224,-849.170959,0.0864498913,-0.996255398,-0.00104412087,0.000781621784
508,0,23658da8-233b-4b62-9d1d-336fb653ecb5,StartingBlock,50.8022461,5617.81006,,,,1,0,0,5,1,0,0,-94.4367599,287.173615,-863.695374,0.0864230618,-0.996257782,-0.00104308338,0.000625823508
509,0,23658da8-233b-4b62-9d1d-336fb653ecb5,StartingBlock,50.9018555,5617.90967,,,,1,0,0,5,1,0,0,-94.7984467,273.832794,-878.345886,0.0864174962,-0.996258438,-0.00102401932,0.000458934548
510,0,23658da8-233b-4b62-9d1d-336fb653ecb5,StartingBlock,51.0019531,5618.00977,,,,1,0,0,5,1,0,0,-95.1539536,259.514252,-893.122009,0.0863789171,-0.996261835,-0.000998685369,0.000312906282
511,0,23658da8-233b-4b62-9d1d-336fb653ecb5,StartingBlock,51.1020508,5618.10986,,,,1,0,0,5,1,0,0,-95.5033188,244.218689,-908.023071,0.086357221,-0.996263862,-0.000960074598,0.000151157277
512,0,23658da8-233b-4b62-9d1d-336fb653ecb5,StartingBlock,51.2021484,5618.20996,,,,1,0,0,5,1,0,0,-95.8465652,227.946747,-923.04834,0.0863936096,-0.996260703,-0.000890323776,-1.46454486E-05
513,0,23658da8-233b-4b62-9d1d-336fb653ecb5,StartingBlock,51.3022461,5618.31006,,,,1,0,0,5,1,0,0,-96.1837845,210.69899,-938.197388,0.0863867402,-0.996261358,-0.000861970591,-0.000156976253
514,0,23658da8-233b-4b62-9d1d-336fb653ecb5,StartingBlock,51.4018555,5618.40967,,,,1,0,0,5,1,0,0,-96.5149765,192.476379,-953.469421,0.0863686353,-0.996262848,-0.000881085231,-0.000289594871
515,0,23658da8-233b-4b62-9d1d-336fb653ecb5,StartingBlock,51.5019531,5618.50977,F,F,,1,0,0,5,1,0,0,-96.840126,173.304535,-968.858582,0.0553236641,-0.998468041,-0.000848233467,-0.00048038314
516,0,23658da8-233b-4b62-9d1d-336fb653ecb5,StartingBlock,51.6020508,5618.60986,,,F,1,0,0,5,1,0,0,-97.1595688,153.323456,-984.269775,-0.0473723337,-0.99887675,-0.000808875193,-0.000725536142
517,0,23658da8-233b-4b62-9d1d-336fb653ecb5,StartingBlock,51.7021484,5618.70996,,,,1,0,0,5,1,0,0,-97.4731369,132.367813,-999.562805,-0.0489552841,-0.998800278,-0.000798909226,-0.000892090204
518,0,23658da8-233b-4b62-9d1d-336fb653ecb5,StartingBlock,51.8022461,5618.81006,F,,,1,0,0,5,1,0,0,-97.7808151,110.430862,-1014.71844,-0.0489888266,-0.99879849,-0.000831159763,-0.0010376306
519,0,23658da8-233b-4b62-9d1d-336fb653ecb5,StartingBlock,51.9018555,5618.90967,,F,F,1,0,0,5,1,0,0,-98.0828094,87.6308289,-1029.73413,-0.154012546,-0.988067806,-0.000733965775,-0.00130149384
520,0,23658da8-233b-4b62-9d1d-336fb653ecb5,StartingBlock,52.0019531,5619.00977,,,,1,0,0,5,1,0,0,-98.3795013,63.9816208,-1044.45679,-0.183746025,-0.982972503,-0.000565504713,-0.00152644084
521,0,23658da8-233b-4b62-9d1d-336fb653ecb5,StartingBlock,52.1020508,5619.10986,,,,1,0,0,5,1,0,0,-98.6710968,39.4107094,-1058.78979,-0.183628708,-0.982994199,-0.000657266472,-0.00160350651
522,0,23658da8-233b-4b62-9d1d-336fb653ecb5,StartingBlock,52.2021484,5619.20996,F,F,,1,0,0,5,1,0,0,-98.9576263,13.9907866,-1072.75244,-0.254746974,-0.967005908,-0.000530967896,-0.00182665826
523,0,23658da8-233b-4b62-9d1d-336fb653ecb5,StartingBlock,52.3022461,5619.31006,,,F,1,0,0,5,1,0,0,-99.2395859,-12.1558437,-1086.26245,-0.314680576,-0.949195683,-0.000578233274,-0.00187549775
524,0,23658da8-233b-4b62-9d1d-336fb653ecb5,StartingBlock,52.4018555,5619.40967,,,,1,0,0,5,1,0,0,-99.5171432,-39.1014633,-1099.1554,-0.314648718,-0.949205816,-0.000619065831,-0.00202144054
525,0,23658da8-233b-4b62-9d1d-336fb653ecb5,StartingBlock,52.5019531,5619.50977,F,F,,1,0,0,5,1,0,0,-99.7902222,-66.8248978,-1111.43835,-0.333400667,-0.94278264,-0.000576486287,-0.0021605785
526,0,23658da8-233b-4b62-9d1d-336fb653ecb5,StartingBlock,52.6020508,5619.60986,,,F,1,0,0,5,1,0,0,-100.059082,-95.1763,-1123.15332,-0.422403693,-0.906404734,-0.000374877971,-0.00233737286
527,0,23658da8-233b-4b62-9d1d-336fb653ecb5,StartingBlock,52.7021484,5619.70996,,,,1,0,0,5,1,0,0,-100.324509,-124.167847,-1134.10437,-0.423660368,-0.905817628,-0.000357938057,-0.00250223
528,0,23658da8-233b-4b62-9d1d-336fb653ecb5,StartingBlock,52.8022461,5619.81006,,F,F,1,0,0,5,1,0,0,-100.586685,-153.755981,-1144.31067,-0.475488663,-0.879717708,-0.000197592148,-0.00270418962
529,0,23658da8-233b-4b62-9d1d-336fb653ecb5,StartingBlock,52.9018555,5619.90967,,,,1,0,0,5,1,0,0,-100.846008,-183.84964,-1153.74158,-0.497343332,-0.867549479,-0.000300537766,-0.00274530589
530,0,23658da8-233b-4b62-9d1d-336fb653ecb5,StartingBlock,53.0019531,5620.00977,F,,,1,0,0,5,1,0,0,-101.102791,-214.446579,-1162.2959,-0.497229964,-0.867614031,-0.000343964086,-0.00287299254
531,0,23658da8-233b-4b62-9d1d-336fb653ecb5,StartingBlock,53.1020508,5620.10986,,F,F,1,0,0,5,1,0,0,-101.356804,-245.475067,-1170.06335,-0.580932379,-0.813946366,-0.000193210304,-0.0029818865
532,0,23658da8-233b-4b62-9d1d-336fb653ecb5,StartingBlock,53.2021484,5620.20996,,,,1,0,0,5,1,0,0,-101.608765,-276.823273,-1176.95044,-0.59544903,-0.803387344,-0.000282265159,-0.00303136068
533,0,23658da8-233b-4b62-9d1d-336fb653ecb5,StartingBlock,53.3022461,5620.31006,F,F,,1,0,0,5,1,0,0,-101.859024,-308.465118,-1182.86877,-0.59541142,-0.803414464,-0.000279457861,-0.00323404931
534,0,23658da8-233b-4b62-9d1d-336fb653ecb5,StartingBlock,53.4018555,5620.40967,,,F,1,0,0,5,1,0,0,-102.107285,-340.33847,-1187.94885,-0.689234912,-0.72453022,1.00383759E-05,-0.00334721082
535,0,23658da8-233b-4b62-9d1d-336fb653ecb5,StartingBlock,53.5019531,5620.50977,,,,1,0,0,5,1,0,0,-102.354515,-372.281433,-1192.12012,-0.711607814,-0.702569067,-7.82476927E-05,-0.00333803962
536,0,23658da8-233b-4b62-9d1d-336fb653ecb5,StartingBlock,53.6020508,5620.60986,,,,1,0,0,5,1,0,0,-102.601326,-404.224792,-1195.27747,-0.711705208,-0.702470124,-0.000163192482,-0.00339422701
537,0,23658da8-233b-4b62-9d1d-336fb653ecb5,StartingBlock,53.7021484,5620.70996,F,,,1,0,0,5,1,0,0,-102.847664,-436.165161,-1197.42517,-0.711693287,-0.702481151,-0.000141165132,-0.00359201687
538,0,23658da8-233b-4b62-9d1d-336fb653ecb5,StartingBlock,53.8022461,5620.81006,,F,,1,0,0,5,1,0,0,-103.093147,-468.089172,-1198.67737,-0.781671762,-0.62367928,0.000140366275,-0.00366716506
539,0,23658da8-233b-4b62-9d1d-336fb653ecb5,StartingBlock,53.9018555,5620.90967,,,F,1,0,0,5,1,0,0,-103.33847,-499.838104,-1199.06616,-0.810845613,-0.585248411,0.000212061044,-0.00370386918
540,0,23658da8-233b-4b62-9d1d-336fb653ecb5,StartingBlock,54.0019531,5621.00977,,,,1,0,0,5,1,0,0,-103.584694,-531.292358,-1198.48474,-0.810863078,-0.585224152,7.77302848E-05,-0.00369972549
541,0,23658da8-233b-4b62-9d1d-336fb653ecb5,StartingBlock,54.1020508,5621.10986,,,,1,0,0,5,1,0,0,-103.831619,-562.449707,-1196.94092,-0.810925961,-0.58513695,3.15444049E-06,-0.00373061188
542,0,23658da8-233b-4b62-9d1d-336fb653ecb5,StartingBlock,54.2021484,5621.20996,,,,1,0,0,5,1,0,0,-104.079071,-593.308289,-1194.4342,-0.810922801,-0.585141122,-0.000133812588,-0.00375967985
543,0,23658da8-233b-4b62-9d1d-336fb653ecb5,StartingBlock,54.3022461,5621.31006,,,,1,0,0,5,1,0,0,-104.326965,-623.866455,-1190.96399,-0.810952425,-0.585099757,-0.000230709033,-0.00379237719
544,0,23658da8-233b-4b62-9d1d-336fb653ecb5,StartingBlock,54.4018555,5621.40967,,,,1,0,0,5,1,0,0,-104.575172,-654.122803,-1186.52979,-0.810962796,-0.585084379,-0.00027299067,-0.003943861
545,0,23658da8-233b-4b62-9d1d-336fb653ecb5,StartingBlock,54.5019531,5621.50977,F,F,,1,0,0,5,1,0,0,-104.823555,-684.085999,-1181.16785,-0.835908592,-0.548854172,-0.000212682469,-0.0039969245
546,0,23658da8-233b-4b62-9d1d-336fb653ecb5,StartingBlock,54.6020508,5621.60986,,,F,1,0,0,5,1,0,0,-105.071915,-713.706238,-1174.9917,-0.865406036,-0.501055062,-0.000151726286,-0.00403164839
547,0,23658da8-233b-4b62-9d1d-336fb653ecb5,StartingBlock,54.7021484,5621.70996,,,,1,0,0,5,1,0,0,-105.321426,-742.848145,-1167.92285,-0.86528182,-0.501268923,-0.000242125592,-0.00411715452
548,0,23658da8-233b-4b62-9d1d-336fb653ecb5,StartingBlock,54.8022461,5621.81006,H,H,,1,0,0,5,1,0,0,-105.571976,-771.509644,-1159.96936,-0.86341238,-0.504481018,-0.000335313147,-0.00423201453
549,0,23658da8-233b-4b62-9d1d-336fb653ecb5,StartingBlock,54.9018555,5621.90967,H,,,1,0,0,5,1,0,0,-105.82235,-799.793762,-1151.2594,-0.786920011,-0.617039382,-0.000931615592,-0.00430422509
550,0,23658da8-233b-4b62-9d1d-336fb653ecb5,StartingBlock,55.0019531,5622.00977,,,H,1,0,0,5,1,0,0,-106.07132,-827.892639,-1141.73792,-0.729540229,-0.683923364,-0.0014665497,-0.0042190915
551,0,23658da8-233b-4b62-9d1d-336fb653ecb5,StartingBlock,55.1020508,5622.10986,H,H,,1,0,0,5,1,0,0,-106.318642,-855.908447,-1131.20178,-0.726704001,-0.686935663,-0.00165060256,-0.00423833402
552,0,23658da8-233b-4b62-9d1d-336fb653ecb5,StartingBlock,55.2021484,5622.20996,,,H,1,0,0,5,1,0,0,-106.563087,-883.887146,-1119.81909,-0.626686215,-0.779258192,-0.00238599302,-0.00392499613
553,0,23658da8-233b-4b62-9d1d-336fb653ecb5,StartingBlock,55.3022461,5622.31006,,,,1,0,0,5,1,0,0,-106.802864,-912.018372,-1107.5376,-0.601262987,-0.799037099,-0.00259556132,-0.00398276048
554,0,23658da8-233b-4b62-9d1d-336fb653ecb5,StartingBlock,55.4018555,5622.40967,,,,1,0,0,5,1,0,0,-107.037254,-940.395752,-1094.27466,-0.601267815,-0.799032569,-0.00269936398,-0.00408231607
555,0,23658da8-233b-4b62-9d1d-336fb653ecb5,StartingBlock,55.5019531,5622.50977,,,,1,0,0,5,1,0,0,-107.266167,-969.018188,-1080.03455,-0.601360977,-0.79896158,-0.00279869139,-0.00419227686
556,0,23658da8-233b-4b62-9d1d-336fb653ecb5,StartingBlock,55.6020508,5622.60986,,,,1,0,0,5,1,0,0,-107.48954,-997.883545,-1064.81812,-0.601221979,-0.799065292,-0.00288339006,-0.00431770552
557,0,23658da8-233b-4b62-9d1d-336fb653ecb5,StartingBlock,55.7021484,5622.70996,,,,1,0,0,5,1,0,0,-107.707298,-1026.99011,-1048.62549,-0.60120672,-0.799075425,-0.00296139508,-0.00448492495
558,0,23658da8-233b-4b62-9d1d-336fb653ecb5,StartingBlock,55.8022461,5622.81006,F,F,,1,0,0,5,1,0,0,-107.919456,-1056.33142,-1031.47278,-0.617051959,-0.786903262,-0.00278266286,-0.00473764865
559,0,23658da8-233b-4b62-9d1d-336fb653ecb5,StartingBlock,55.9018555,5622.90967,,,F,1,0,0,5,1,0,0,-108.126518,-1085.80688,-1013.51245,-0.711614668,-0.702547431,-0.00235107774,-0.00511524035
560,0,23658da8-233b-4b62-9d1d-336fb653ecb5,StartingBlock,56.0019531,5623.00977,,,,1,0,0,5,1,0,0,-108.330566,-1115.26306,-994.573425,-0.716438413,-0.697625995,-0.00237723719,-0.00532964943
561,0,23658da8-233b-4b62-9d1d-336fb653ecb5,StartingBlock,56.1020508,5623.10986,,,,1,0,0,5,1,0,0,-108.532135,-1144.66333,-974.622253,-0.716454744,-0.697608292,-0.00248642452,-0.00539826788
562,0,23658da8-233b-4b62-9d1d-336fb653ecb5,StartingBlock,56.2021484,5623.20996,,,,1,0,0,5,1,0,0,-108.731125,-1174.00549,-953.659973,-0.716417789,-0.697645068,-0.00256390939,-0.00551825995
563,0,23658da8-233b-4b62-9d1d-336fb653ecb5,StartingBlock,56.3022461,5623.31006,,,,1,0,0,5,1,0,0,-108.927483,-1203.28748,-931.687744,-0.716416419,-0.697645783,-0.00278269826,-0.0054992782
564,0,23658da8-233b-4b62-9d1d-336fb653ecb5,StartingBlock,56.4018555,5623.40967,,,,1,0,0,5,1,0,0,-109.120941,-1232.5072,-908.706482,-0.716409564,-0.697651565,-0.00286747306,-0.00561241293
565,0,23658da8-233b-4b62-9d1d-336fb653ecb5,StartingBlock,56.5019531,5623.50977,,,,1,0,0,5,1,0,0,-109.311424,-1261.66296,-884.717407,-0.716423273,-0.697636187,-0.00303883851,-0.00568257319
566,0,23658da8-233b-4b62-9d1d-336fb653ecb5,StartingBlock,56.6020508,5623.60986,,,,1,0,0,5,1,0,0,-109.498749,-1290.7522,-859.721436,-0.716442525,-0.69761616,-0.00315598235,-0.00565175526
567,0,23658da8-233b-4b62-9d1d-336fb653ecb5,StartingBlock,56.7021484,5623.70996,,,,1,0,0,5,1,0,0,-109.682693,-1319.77295,-833.719666,-0.716446698,-0.697609901,-0.00331327436,-0.00579580432
568,0,23658da8-233b-4b62-9d1d-336fb653ecb5,StartingBlock,56.8022461,5623.81006,,,,1,0,0,5,1,0,0,-109.863129,-1348.72363,-806.715088,-0.716425717,-0.697630644,-0.00352606853,-0.0057659992
569,0,23658da8-233b-4b62-9d1d-336fb653ecb5,StartingBlock,56.9018555,5623.90967,,,,1,0,0,5,1,0,0,-110.039772,-1377.60181,-778.707703,-0.716475129,-0.697578669,-0.00358974515,-0.0058875042
570,0,23658da8-233b-4b62-9d1d-336fb653ecb5,StartingBlock,57.0019531,5624.00977,,,,1,0,0,5,1,0,0,-110.212624,-1406.40601,-749.698608,-0.716445208,-0.697607994,-0.00370287849,-0.00598197244
571,0,23658da8-233b-4b62-9d1d-336fb653ecb5,StartingBlock,57.1020508,5624.10986,F,F,,1,0,0,5,1,0,0,-110.38163,-1435.1344,-719.697266,-0.723891139,-0.689877331,-0.00387570378,-0.00599318277
572,0,23658da8-233b-4b62-9d1d-336fb653ecb5,StartingBlock,57.2021484,5624.20996,,,F,1,0,0,5,1,0,0,-110.546555,-1463.75305,-688.884277,-0.813764274,-0.581149995,-0.00329450285,-0.00645227125
573,0,23658da8-233b-4b62-9d1d-336fb653ecb5,StartingBlock,57.3022461,5624.31006,,,,1,0,0,5,1,0,0,-110.710182,-1492.0531,-657.189392,-0.825386405,-0.564520299,-0.00329376059,-0.00658115325
574,0,23658da8-233b-4b62-9d1d-336fb653ecb5,StartingBlock,57.4018555,5624.40967,,,,1,0,0,5,1,0,0,-110.873734,-1519.953,-624.563538,-0.825369298,-0.56454289,-0.00338526536,-0.00674262038
575,0,23658da8-233b-4b62-9d1d-336fb653ecb5,StartingBlock,57.5019531,5624.50977,,F,F,1,0,0,5,1,0,0,-111.036835,-1547.47693,-591.100708,-0.87225771,-0.48898533,-0.00287695043,-0.00718132174
576,0,23658da8-233b-4b62-9d1d-336fb653ecb5,StartingBlock,57.6020508,5624.60986,,,,1,0,0,5,1,0,0,-111.201294,-1574.50708,-556.863708,-0.88595587,-0.46370551,-0.00293003465,-0.00713318121
577,0,23658da8-233b-4b62-9d1d-336fb653ecb5,StartingBlock,57.7021484,5624.70996,,,,1,0,0,5,1,0,0,-111.368561,-1600.93628,-521.807129,-0.885938168,-0.463738799,-0.0031009966,-0.00709095784
578,0,23658da8-233b-4b62-9d1d-336fb653ecb5,StartingBlock,57.8022461,5624.81006,F,F,,1,0,0,5,1,0,0,-111.538506,-1626.7688,-485.943451,-0.890862584,-0.454203576,-0.00309748063,-0.00730036572
579,0,23658da8-233b-4b62-9d1d-336fb653ecb5,StartingBlock,57.9018555,5624.90967,,,F,1,0,0,5,1,0,0,-111.710381,-1652.05493,-449.421326,-0.933060169,-0.359631956,-0.00248174672,-0.00758022582
580,0,23658da8-233b-4b62-9d1d-336fb653ecb5,StartingBlock,58.0019531,5625.00977,,,,1,0,0,5,1,0,0,-111.887291,-1676.60291,-412.236145,-0.934252024,-0.356521279,-0.0025894572,-0.00769439712
581,0,23658da8-233b-4b62-9d1d-336fb653ecb5,StartingBlock,58.1020508,5625.10986,,,,1,0,0,5,1,0,0,-112.069962,-1700.38135,-374.393097,-0.934229076,-0.356577992,-0.00269574742,-0.00780737074
582,0,23658da8-233b-4b62-9d1d-336fb653ecb5,StartingBlock,58.2021484,5625.20996,,,,1,0,0,5,1,0,0,-112.25856,-1723.39099,-335.895172,-0.934253156,-0.356515735,-0.00284892065,-0.0077176122
583,0,23658da8-233b-4b62-9d1d-336fb653ecb5,StartingBlock,58.3022461,5625.31006,,,,1,0,0,5,1,0,0,-112.453064,-1745.63171,-296.74469,-0.934227586,-0.356581926,-0.0029811908,-0.00770673947
584,0,23658da8-233b-4b62-9d1d-336fb653ecb5,StartingBlock,58.4018555,5625.40967,F,F,,1,0,0,5,1,0,0,-112.653519,-1767.10596,-256.945709,-0.935603917,-0.352949351,-0.00304786488,-0.00792467967
585,0,23658da8-233b-4b62-9d1d-336fb653ecb5,StartingBlock,58.5019531,5625.50977,,,F,1,0,0,5,1,0,0,-112.85907,-1787.8905,-216.610748,-0.964385033,-0.264360756,-0.00239225593,-0.00831636228
586,0,23658da8-233b-4b62-9d1d-336fb653ecb5,StartingBlock,58.6020508,5625.60986,,,,1,0,0,5,1,0,0,-113.072708,-1807.82556,-175.776871,-0.965197623,-0.261379153,-0.00249884278,-0.00826545805
587,0,23658da8-233b-4b62-9d1d-336fb653ecb5,StartingBlock,58.7021484,5625.70996,,,,1,0,0,5,1,0,0,-113.294983,-1826.8822,-134.453491,-0.965185523,-0.261420012,-0.00260322611,-0.0083481269
588,0,23658da8-233b-4b62-9d1d-336fb653ecb5,StartingBlock,58.8022461,5625.81006,F,F,,1,0,0,5,1,0,0,-113.525909,-1845.07385,-92.6505127,-0.970208526,-0.242112935,-0.00256404351,-0.00838310551
589,0,23658da8-233b-4b62-9d1d-336fb653ecb5,StartingBlock,58.9018555,5625.90967,,,F,1,0,0,5,1,0,0,-113.763794,-1862.51282,-50.4974022,-0.991189957,-0.132158309,-0.00175849756,-0.00857768673
590,0,23658da8-233b-4b62-9d1d-336fb653ecb5,StartingBlock,59.0019531,5626.00977,,,,1,0,0,5,1,0,0,-114.012115,-1879.00391,-8.08072662,-0.991664112,-0.128555104,-0.00185509608,-0.00851754565
591,0,23658da8-233b-4b62-9d1d-336fb653ecb5,StartingBlock,59.1020508,5626.10986,,,,1,0,0,5,1,0,0,-114.27137,-1894.52173,34.5796852,-0.99167037,-0.128506854,-0.0019810833,-0.00849009026
592,0,23658da8-233b-4b62-9d1d-336fb653ecb5,StartingBlock,59.2021484,5626.20996,,,,1,0,0,5,1,0,0,-114.541649,-1909.06763,77.4820404,-0.991660297,-0.128584906,-0.00209891307,-0.0084489705
593,0,23658da8-233b-4b62-9d1d-336fb653ecb5,StartingBlock,59.3022461,5626.31006,,,,1,0,0,5,1,0,0,-114.82299,-1922.64331,120.624779,-0.991660237,-0.128585801,-0.00221460592,-0.00842029415
594,0,23658da8-233b-4b62-9d1d-336fb653ecb5,StartingBlock,59.4018555,5626.40967,,,,1,0,0,5,1,0,0,-115.115494,-1935.24963,164.006622,-0.991658092,-0.128602549,-0.0023270254,-0.00838980637
595,0,23658da8-233b-4b62-9d1d-336fb653ecb5,StartingBlock,59.5019531,5626.50977,,,,1,0,0,5,1,0,0,-115.419258,-1946.88806,207.626266,-0.991653442,-0.128637418,-0.0024318262,-0.00836365297
596,0,23658da8-233b-4b62-9d1d-336fb653ecb5,StartingBlock,59.6020508,5626.60986,,,,1,0,0,5,1,0,0,-115.734291,-1957.55994,251.482422,-0.991656423,-0.128611192,-0.00253351685,-0.0083937021
597,0,23658da8-233b-4b62-9d1d-336fb653ecb5,StartingBlock,59.7021484,5626.70996,,,,1,0,0,5,1,0,0,-116.060692,-1967.26685,295.574005,-0.991644859,-0.128702462,-0.00265678787,-0.0083211353
598,0,23658da8-233b-4b62-9d1d-336fb653ecb5,StartingBlock,59.8022461,5626.81006,,,,1,0,0,5,1,0,0,-116.398476,-1976.01013,339.900146,-0.99162823,-0.128826648,-0.00274111051,-0.00834583491
599,0,23658da8-233b-4b62-9d1d-336fb653ecb5,StartingBlock,59.9018555,5626.90967,,,,1,0,0,5,1,0,0,-116.74781,-1983.79138,384.459991,-0.991628528,-0.128824547,-0.00284094806,-0.00831540581
600,0,23658da8-233b-4b62-9d1d-336fb653ecb5,StartingBlock,60.0019531,5627.00977,,,,1,0,0,5,1,0,0,-117.108818,-1990.61133,429.252899,-0.991617024,-0.128905416,-0.00296072452,-0.00838593114
601,0,23658da8-233b-4b62-9d1d-336fb653ecb5,StartingBlock,60.1020508,5627.10986,,,,1,0,0,5,1,0,0,-117.481651,-1996.47156,474.278076,-0.991607487,-0.128972679,-0.00305992621,-0.00844762474
602,0,23658da8-233b-4b62-9d1d-336fb653ecb5,StartingBlock,60.2021484,5627.20996,F,,,1,0,0,5,1,0,0,-117.866447,-2001.37341,519.534912,-0.991608262,-0.128966734,-0.00317451172,-0.00840390287
603,0,23658da8-233b-4b62-9d1d-336fb653ecb5,StartingBlock,60.3022461,5627.31006,,F,F,1,0,0,5,1,0,0,-118.261612,-2005.42554,564.980713,-0.999672771,-0.0239287652,-0.0024019042,-0.00872436445
604,0,23658da8-233b-4b62-9d1d-336fb653ecb5,StartingBlock,60.4018555,5627.40967,,,,1,0,0,5,1,0,0,-118.668594,-2008.58948,610.467407,-0.999939561,0.0062405793,-0.002267387,-0.00876494776
605,0,23658da8-233b-4b62-9d1d-336fb653ecb5,StartingBlock,60.5019531,5627.50977,,,,1,0,0,5,1,0,0,-119.089493,-2010.76355,655.929932,-0.99993968,0.00625902461,-0.00236288621,-0.0087114824
606,0,23658da8-233b-4b62-9d1d-336fb653ecb5,StartingBlock,60.6020508,5627.60986,F,F,,1,0,0,5,1,0,0,-119.523987,-2011.96716,701.366089,-0.999619722,0.0260264575,-0.00232630409,-0.00882099662
607,0,23658da8-233b-4b62-9d1d-336fb653ecb5,StartingBlock,60.7021484,5627.70996,,,,1,0,0,5,1,0,0,-119.96907,-2012.39624,746.730591,-0.983393669,0.181262404,-0.00103409949,-0.00894039124
608,0,23658da8-233b-4b62-9d1d-336fb653ecb5,StartingBlock,60.8022461,5627.81006,,,F,1,0,0,5,1,0,0,-120.426361,-2012.02478,791.791016,-0.972566307,0.232454956,-0.000690243498,-0.00888578594
609,0,23658da8-233b-4b62-9d1d-336fb653ecb5,StartingBlock,60.9018555,5627.90967,,,,1,0,0,5,1,0,0,-120.898033,-2010.7666,836.404419,-0.972530067,0.232613325,-0.000783128082,-0.00870121457
610,0,23658da8-233b-4b62-9d1d-336fb653ecb5,StartingBlock,61.0019531,5628.00977,F,F,,1,0,0,5,1,0,0,-121.382881,-2008.67944,880.591431,-0.957431018,0.288533449,-0.000399582001,-0.00861729123
611,0,23658da8-233b-4b62-9d1d-336fb653ecb5,StartingBlock,61.1020508,5628.10986,,,F,1,0,0,5,1,0,0,-121.878273,-2005.93311,924.322021,-0.925685048,0.37819761,0.000283365371,-0.00858504977
612,0,23658da8-233b-4b62-9d1d-336fb653ecb5,StartingBlock,61.2021484,5628.20996,,,,1,0,0,5,1,0,0,-122.386307,-2002.47388,967.377869,-0.925424576,0.378839523,0.000228074743,-0.0083708521
613,0,23658da8-233b-4b62-9d1d-336fb653ecb5,StartingBlock,61.3022461,5628.31006,,,,1,0,0,5,1,0,0,-122.906769,-1998.31201,1009.74939,-0.925403416,0.378890216,0.000103949016,-0.0084195286
614,0,23658da8-233b-4b62-9d1d-336fb653ecb5,StartingBlock,61.4018555,5628.40967,,,,1,0,0,5,1,0,0,-123.43985,-1993.44812,1051.43652,-0.925368726,0.378976405,-4.16035982E-05,-0.00834797323
615,0,23658da8-233b-4b62-9d1d-336fb653ecb5,StartingBlock,61.5019531,5628.50977,,,,1,0,0,5,1,0,0,-123.985603,-1987.88367,1092.43933,-0.925353587,0.379015595,-0.000117780983,-0.0082436027
616,0,23658da8-233b-4b62-9d1d-336fb653ecb5,StartingBlock,61.6020508,5628.60986,,,,1,0,0,5,1,0,0,-124.544037,-1981.61951,1132.75757,-0.925375879,0.378960609,-0.000234215695,-0.00826346222
617,0,23658da8-233b-4b62-9d1d-336fb653ecb5,StartingBlock,61.7021484,5628.70996,,,,1,0,0,5,1,0,0,-125.115219,-1974.65698,1172.39209,-0.925373852,0.378969491,-0.000294232159,-0.00808015931
618,0,23658da8-233b-4b62-9d1d-336fb653ecb5,StartingBlock,61.8022461,5628.81006,,,,1,0,0,5,1,0,0,-125.699028,-1966.99683,1211.34277,-0.925321102,0.379096299,-0.000446269434,-0.00817454793
619,0,23658da8-233b-4b62-9d1d-336fb653ecb5,StartingBlock,61.9018555,5628.90967,,,,1,0,0,5,1,0,0,-126.295784,-1958.63879,1249.60828,-0.925321519,0.379093528,-0.000623819011,-0.00823756121
620,0,23658da8-233b-4b62-9d1d-336fb653ecb5,StartingBlock,62.0019531,5629.00977,,,,1,0,0,5,1,0,0,-126.905731,-1949.58398,1287.18896,-0.925320089,0.379098833,-0.000714906142,-0.00814263802
621,0,23658da8-233b-4b62-9d1d-336fb653ecb5,StartingBlock,62.1020508,5629.10986,,,,1,0,0,5,1,0,0,-127.528763,-1939.83386,1324.08569,-0.925318003,0.379103601,-0.0008218328,-0.00815374311
622,0,23658da8-233b-4b62-9d1d-336fb653ecb5,StartingBlock,62.2021484,5629.20996,,,,1,0,0,5,1,0,0,-128.165039,-1929.38879,1360.29822,-0.925258338,0.379249156,-0.00097339059,-0.00813442096
623,0,23658da8-233b-4b62-9d1d-336fb653ecb5,StartingBlock,62.3022461,5629.31006,,,,1,0,0,5,1,0,0,-128.814621,-1918.24976,1395.82654,-0.92526865,0.379226774,-0.00102573959,-0.00800289586
624,0,23658da8-233b-4b62-9d1d-336fb653ecb5,StartingBlock,62.4018555,5629.40967,,,,1,0,0,5,1,0,0,-129.477371,-1906.41785,1430.67102,-0.92522037,0.37934652,-0.00111195561,-0.00789938588
625,0,23658da8-233b-4b62-9d1d-336fb653ecb5,StartingBlock,62.5019531,5629.50977,,,,1,0,0,5,1,0,0,-130.153366,-1893.89429,1464.83215,-0.925159752,0.379491448,-0.00135744491,-0.00799050275
626,0,23658da8-233b-4b62-9d1d-336fb653ecb5,StartingBlock,62.6020508,5629.60986,,,,1,0,0,5,1,0,0,-130.84288,-1880.67883,1498.30884,-0.925218403,0.379346073,-0.00151965104,-0.00807510316
627,0,23658da8-233b-4b62-9d1d-336fb653ecb5,StartingBlock,62.7021484,5629.70996,,,,1,0,0,5,1,0,0,-131.546036,-1866.77209,1531.10132,-0.925204456,0.379380852,-0.00168400898,-0.00800532382
628,0,23658da8-233b-4b62-9d1d-336fb653ecb5,StartingBlock,62.8022461,5629.81006,,,,1,0,0,5,1,0,0,-132.26297,-1852.17383,1563.20911,-0.925124884,0.379575074,-0.00183074444,-0.00796051603
629,0,23658da8-233b-4b62-9d1d-336fb653ecb5,StartingBlock,62.9018555,5629.90967,,,,1,0,0,5,1,0,0,-132.993683,-1836.88452,1594.63171,-0.925158024,0.379492104,-0.00195408426,-0.00803431682
630,0,23658da8-233b-4b62-9d1d-336fb653ecb5,StartingBlock,63.0019531,5630.00977,,,,1,0,0,5,1,0,0,-133.738403,-1820.90515,1625.37012,-0.9251858,0.379429549,-0.00194568711,-0.00778056541
631,0,23658da8-233b-4b62-9d1d-336fb653ecb5,StartingBlock,63.1020508,5630.10986,,,,1,0,0,5,1,0,0,-134.497009,-1804.23608,1655.42456,-0.925189376,0.379424572,-0.00201421906,-0.00758027239
632,0,23658da8-233b-4b62-9d1d-336fb653ecb5,StartingBlock,63.2021484,5630.20996,,,,1,0,0,5,1,0,0,-135.269226,-1786.87756,1684.79443,-0.925140798,0.379546672,-0.00209328462,-0.00738588814
633,0,23658da8-233b-4b62-9d1d-336fb653ecb5,StartingBlock,63.3022461,5630.31006,,,,1,0,0,5,1,0,0,-136.054779,-1768.82947,1713.47937,-0.925118327,0.379602373,-0.00221706461,-0.00730044162
634,0,23658da8-233b-4b62-9d1d-336fb653ecb5,StartingBlock,63.4018555,5630.40967,,,,1,0,0,5,1,0,0,-136.853714,-1750.09253,1741.47949,-0.925091505,0.379667312,-0.00237500248,-0.00726835104
635,0,23658da8-233b-4b62-9d1d-336fb653ecb5,StartingBlock,63.5019531,5630.50977,F,F,,1,0,0,5,1,0,0,-137.665863,-1730.67395,1768.80103,-0.920965254,0.389571756,-0.0023914685,-0.0071555241
636,0,23658da8-233b-4b62-9d1d-336fb653ecb5,StartingBlock,63.6020508,5630.60986,,,F,1,0,0,5,1,0,0,-138.489044,-1710.69678,1795.5061,-0.883153439,0.469024122,-0.00191379129,-0.00726199755
637,0,23658da8-233b-4b62-9d1d-336fb653ecb5,StartingBlock,63.7021484,5630.70996,,,,1,0,0,5,1,0,0,-139.324936,-1690.17163,1821.42249,-0.882639229,0.469991148,-0.00205159676,-0.00722189061
638,0,23658da8-233b-4b62-9d1d-336fb653ecb5,StartingBlock,63.8022461,5630.81006,F,F,,1,0,0,5,1,0,0,-140.173706,-1669.10583,1846.53296,-0.882622778,0.470024735,-0.0020886492,-0.00703373412
639,0,23658da8-233b-4b62-9d1d-336fb653ecb5,StartingBlock,63.9018555,5630.90967,,,F,1,0,0,5,1,0,0,-141.033203,-1647.5896,1870.93372,-0.827515781,0.561394811,-0.00142287789,-0.00716929184
640,0,23658da8-233b-4b62-9d1d-336fb653ecb5,StartingBlock,64.0019531,5631.00977,,,,1,0,0,5,1,0,0,-141.903824,-1625.71338,1894.49011,-0.821332932,0.570402622,-0.00152665516,-0.00712006586
641,0,23658da8-233b-4b62-9d1d-336fb653ecb5,StartingBlock,64.1020508,5631.10986,,,,1,0,0,5,1,0,0,-142.786163,-1603.49524,1917.1377,-0.821320355,0.57041955,-0.00170433603,-0.00718224607
642,0,23658da8-233b-4b62-9d1d-336fb653ecb5,StartingBlock,64.2021484,5631.20996,,,,1,0,0,5,1,0,0,-143.680496,-1580.93628,1938.87781,-0.821416795,0.570279717,-0.00190526573,-0.00720798224
643,0,23658da8-233b-4b62-9d1d-336fb653ecb5,StartingBlock,64.3022461,5631.31006,F,F,,1,0,0,5,1,0,0,-144.587006,-1558.03772,1959.7135,-0.819271863,0.573357582,-0.00195216993,-0.0071361931
644,0,23658da8-233b-4b62-9d1d-336fb653ecb5,StartingBlock,64.4018555,5631.40967,,,F,1,0,0,5,1,0,0,-145.503998,-1534.8689,1979.74121,-0.772089779,0.63546896,-0.00162040407,-0.00734684011
645,0,23658da8-233b-4b62-9d1d-336fb653ecb5,StartingBlock,64.5019531,5631.50977,,,,1,0,0,5,1,0,0,-146.432541,-1511.50049,1998.83545,-0.771218836,0.636524975,-0.00180102873,-0.00736894412
646,0,23658da8-233b-4b62-9d1d-336fb653ecb5,StartingBlock,64.6020508,5631.60986,,,,1,0,0,5,1,0,0,-147.372925,-1487.94446,2016.98083,-0.771101534,0.636668444,-0.0018760825,-0.00722749671
647,0,23658da8-233b-4b62-9d1d-336fb653ecb5,StartingBlock,64.7021484,5631.70996,,,,1,0,0,5,1,0,0,-148.325073,-1464.20117,2034.17554,-0.771166086,0.63659054,-0.00199687621,-0.00717189442
648,0,23658da8-233b-4b62-9d1d-336fb653ecb5,StartingBlock,64.8022461,5631.81006,,,,1,0,0,5,1,0,0,-149.288956,-1440.27075,2050.41992,-0.771166801,0.636589468,-0.00216632942,-0.00714495732
649,0,23658da8-233b-4b62-9d1d-336fb653ecb5,StartingBlock,64.9018555,5631.90967,,,,1,0,0,5,1,0,0,-150.264694,-1416.15381,2065.71533,-0.771052718,0.636724472,-0.00246524415,-0.00732705276
650,0,23658da8-233b-4b62-9d1d-336fb653ecb5,StartingBlock,65.0019531,5632.00977,,,,1,0,0,5,1,0,0,-151.252655,-1391.85205,2080.0686,-0.771063745,0.636713743,-0.00251737447,-0.00708068395
651,0,23658da8-233b-4b62-9d1d-336fb653ecb5,StartingBlock,65.1020508,5632.10986,,,,1,0,0,5,1,0,0,-152.252747,-1367.36584,2093.47852,-0.770771086,0.637068808,-0.00256796018,-0.00698098866
652,0,23658da8-233b-4b62-9d1d-336fb653ecb5,StartingBlock,65.2021484,5632.20996,F,F,,1,0,0,5,1,0,0,-153.264877,-1342.69531,2105.94287,-0.768296182,0.640053093,-0.00261498964,-0.00679243449
653,0,23658da8-233b-4b62-9d1d-336fb653ecb5,StartingBlock,65.3022461,5632.31006,,,F,1,0,0,5,1,0,0,-154.287292,-1317.89282,2117.56665,-0.716068625,0.697992682,-0.00216774782,-0.00687657017
654,0,23658da8-233b-4b62-9d1d-336fb653ecb5,StartingBlock,65.4018555,5632.40967,,,,1,0,0,5,1,0,0,-155.320419,-1293.04883,2128.23657,-0.715279341,0.698804498,-0.00211827643,-0.00658537215
655,0,23658da8-233b-4b62-9d1d-336fb653ecb5,StartingBlock,65.5019531,5632.50977,,,,1,0,0,5,1,0,0,-156.363983,-1268.17737,2137.9397,-0.715282321,0.698802412,-0.00219248794,-0.00645470899
656,0,23658da8-233b-4b62-9d1d-336fb653ecb5,StartingBlock,65.6020508,5632.60986,,,,1,0,0,5,1,0,0,-157.417999,-1243.27881,2146.6748,-0.715349436,0.69873184,-0.00250955834,-0.00654355483
657,0,23658da8-233b-4b62-9d1d-336fb653ecb5,StartingBlock,65.7021484,5632.70996,,,,1,0,0,5,1,0,0,-158.482834,-1218.35339,2154.44214,-0.715224624,0.698860705,-0.00261602993,-0.0063740816
658,0,23658da8-233b-4b62-9d1d-336fb653ecb5,StartingBlock,65.8022461,5632.81006,,,,1,0,0,5,1,0,0,-159.558487,-1193.40137,2161.24609,-0.715379119,0.698702931,-0.00264859735,-0.00632101111
659,0,23658da8-233b-4b62-9d1d-336fb653ecb5,StartingBlock,65.9018555,5632.90967,,,,1,0,0,5,1,0,0,-160.644821,-1168.42285,2167.08374,-0.715318739,0.69876653,-0.00267583551,-0.00611211546
660,0,23658da8-233b-4b62-9d1d-336fb653ecb5,StartingBlock,66.0019531,5633.00977,,,,1,0,0,5,1,0,0,-161.74205,-1143.41785,2171.94995,-0.715272427,0.698811948,-0.00295228115,-0.00621501636
661,0,23658da8-233b-4b62-9d1d-336fb653ecb5,StartingBlock,66.1020508,5633.10986,,,,1,0,0,5,1,0,0,-162.850433,-1118.3866,2175.84717,-0.715153515,0.698932469,-0.00319755916,-0.0062235198
662,0,23658da8-233b-4b62-9d1d-336fb653ecb5,StartingBlock,66.2021484,5633.20996,,,,1,0,0,5,1,0,0,-163.970215,-1093.32947,2178.77563,-0.715128005,0.698959529,-0.00323086488,-0.006089231
663,0,23658da8-233b-4b62-9d1d-336fb653ecb5,StartingBlock,66.3022461,5633.31006,,,,1,0,0,5,1,0,0,-165.101318,-1068.24646,2180.73633,-0.715146303,0.698939979,-0.00345678441,-0.00605943752
664,0,23658da8-233b-4b62-9d1d-336fb653ecb5,StartingBlock,66.4018555,5633.40967,,,,1,0,0,5,1,0,0,-166.243896,-1043.13806,2181.72778,-0.715176344,0.698908746,-0.00359431817,-0.00604164461
665,0,23658da8-233b-4b62-9d1d-336fb653ecb5,StartingBlock,66.5019531,5633.50977,,,,1,0,0,5,1,0,0,-167.398132,-1018.00403,2181.75,-0.715191126,0.698892653,-0.00377944717,-0.00604290934
666,0,23658da8-233b-4b62-9d1d-336fb653ecb5,StartingBlock,66.6020508,5633.60986,,,,1,0,0,5,1,0,0,-168.564209,-992.844543,2180.80273,-0.715344071,0.698737681,-0.00380769977,-0.00584044214
667,0,23658da8-233b-4b62-9d1d-336fb653ecb5,StartingBlock,66.7021484,5633.70996,,,,1,0,0,5,1,0,0,-169.741943,-967.659546,2178.88574,-0.715385616,0.698695898,-0.00387608563,-0.00570605882
668,0,23658da8-233b-4b62-9d1d-336fb653ecb5,StartingBlock,66.8022461,5633.81006,,,,1,0,0,5,1,0,0,-170.931366,-942.448975,2175.99878,-0.715421438,0.698658168,-0.00405671494,-0.00570137333
669,0,23658da8-233b-4b62-9d1d-336fb653ecb5,StartingBlock,66.9018555,5633.90967,,,,1,0,0,5,1,0,0,-172.132645,-917.213135,2172.14136,-0.715343654,0.698735952,-0.00427245721,-0.00577699766
670,0,23658da8-233b-4b62-9d1d-336fb653ecb5,StartingBlock,67.0019531,5634.00977,,,,1,0,0,5,1,0,0,-173.345871,-891.952393,2167.31421,-0.715435624,0.698644161,-0.0041875625,-0.00554248132
671,0,23658da8-233b-4b62-9d1d-336fb653ecb5,StartingBlock,67.1020508,5634.10986,,,,1,0,0,5,1,0,0,-174.570847,-866.666626,2161.51685,-0.715405762,0.698676169,-0.00419403799,-0.00535866339
672,0,23658da8-233b-4b62-9d1d-336fb653ecb5,StartingBlock,67.2021484,5634.20996,,,,1,0,0,5,1,0,0,-175.807327,-841.356018,2154.74976,-0.715328336,0.698757768,-0.00411730958,-0.00510065677
673,0,23658da8-233b-4b62-9d1d-336fb653ecb5,StartingBlock,67.3022461,5634.31006,,,,1,0,0,5,1,0,0,-177.054764,-816.020813,2147.01221,-0.715567172,0.698512673,-0.00425206823,-0.00505857356
674,0,23658da8-233b-4b62-9d1d-336fb653ecb5,StartingBlock,67.4018555,5634.40967,,,,1,0,0,5,1,0,0,-178.313232,-790.660828,2138.30396,-0.715426922,0.698655367,-0.00440346869,-0.00506719481
675,0,23658da8-233b-4b62-9d1d-336fb653ecb5,StartingBlock,67.5019531,5634.50977,,,,1,0,0,5,1,0,0,-179.582809,-765.276306,2128.62476,-0.715480745,0.698602319,-0.0043015969,-0.00486114249
676,0,23658da8-233b-4b62-9d1d-336fb653ecb5,StartingBlock,67.6020508,5634.60986,,,,1,0,0,5,1,0,0,-180.863205,-739.867493,2117.97339,-0.715427577,0.698656142,-0.00443717698,-0.00482614292
677,0,23658da8-233b-4b62-9d1d-336fb653ecb5,StartingBlock,67.7021484,5634.70996,,,,1,0,0,5,1,0,0,-182.154419,-714.434692,2106.34961,-0.71540761,0.698677123,-0.00448868936,-0.00471395766
678,0,23658da8-233b-4b62-9d1d-336fb653ecb5,StartingBlock,67.8022461,5634.81006,,,,1,0,0,5,1,0,0,-183.456192,-688.978149,2093.75439,-0.715435743,0.698649466,-0.00448155543,-0.00453360053
679,0,23658da8-233b-4b62-9d1d-336fb653ecb5,StartingBlock,67.9018555,5634.90967,,,,1,0,0,5,1,0,0,-184.768234,-663.498291,2080.20337,-0.715504527,0.698578954,-0.00458314549,-0.00444741361
680,0,23658da8-233b-4b62-9d1d-336fb653ecb5,StartingBlock,68.0019531,5635.00977,,,,1,0,0,5,1,0,0,-186.090469,-637.995422,2065.7002,-0.71552211,0.698560894,-0.00466027576,-0.00437985407
681,0,23658da8-233b-4b62-9d1d-336fb653ecb5,StartingBlock,68.1020508,5635.10986,,,,1,0,0,5,1,0,0,-187.422867,-612.469604,2050.2439,-0.715619385,0.698461175,-0.00475359336,-0.00428525172
682,0,23658da8-233b-4b62-9d1d-336fb653ecb5,StartingBlock,68.2021484,5635.20996,,,,1,0,0,5,1,0,0,-188.765564,-586.920837,2033.82178,-0.715560317,0.698521614,-0.00482300436,-0.00421892246
683,0,23658da8-233b-4b62-9d1d-336fb653ecb5,StartingBlock,68.3022461,5635.31006,,,,1,0,0,5,1,0,0,-190.118439,-561.349426,2016.42798,-0.715594888,0.698486209,-0.00489145285,-0.00414419547
684,0,23658da8-233b-4b62-9d1d-336fb653ecb5,StartingBlock,68.4018555,5635.40967,,,,1,0,0,5,1,0,0,-191.481461,-535.755432,1998.06042,-0.715586305,0.698494554,-0.00499922689,-0.00408882601
685,0,23658da8-233b-4b62-9d1d-336fb653ecb5,StartingBlock,68.5019531,5635.50977,,,,1,0,0,5,1,0,0,-192.854584,-510.139221,1978.71875,-0.715543926,0.698538065,-0.00505528413,-0.00400289707
686,0,23658da8-233b-4b62-9d1d-336fb653ecb5,StartingBlock,68.6020508,5635.60986,,,,1,0,0,5,1,0,0,-194.237717,-484.501099,1958.40234,-0.715536237,0.698545873,-0.00512770889,-0.00391243864
687,0,23658da8-233b-4b62-9d1d-336fb653ecb5,StartingBlock,68.7021484,5635.70996,,,,1,0,0,5,1,0,0,-195.630814,-458.841461,1937.11096,-0.71559149,0.698488474,-0.00525048189,-0.00389416376
688,0,23658da8-233b-4b62-9d1d-336fb653ecb5,StartingBlock,68.8022461,5635.81006,,,,1,0,0,5,1,0,0,-197.033844,-433.160553,1914.84387,-0.715641439,0.698436677,-0.00535568548,-0.00386128342
689,0,23658da8-233b-4b62-9d1d-336fb653ecb5,StartingBlock,68.9018555,5635.90967,,,,1,0,0,5,1,0,0,-198.446823,-407.458679,1891.60071,-0.715570867,0.698508441,-0.00545436377,-0.00380845019
690,0,23658da8-233b-4b62-9d1d-336fb653ecb5,StartingBlock,69.0019531,5636.00977,,,,1,0,0,5,1,0,0,-199.86969,-381.736237,1867.38171,-0.71553576,0.698544025,-0.005545008,-0.00376644195
691,0,23658da8-233b-4b62-9d1d-336fb653ecb5,StartingBlock,69.1020508,5636.10986,,,,1,0,0,5,1,0,0,-201.302338,-355.993713,1842.1864,-0.715543509,0.698536694,-0.00556721631,-0.00362272491
692,0,23658da8-233b-4b62-9d1d-336fb653ecb5,StartingBlock,69.2021484,5636.20996,,,,1,0,0,5,1,0,0,-202.744675,-330.231506,1816.0144,-0.715532601,0.698546708,-0.00571711827,-0.00361358142
693,0,23658da8-233b-4b62-9d1d-336fb653ecb5,StartingBlock,69.3022461,5636.31006,,,,1,0,0,5,1,0,0,-204.196609,-304.450104,1788.86475,-0.715534389,0.698544443,-0.00580559717,-0.00354862143
694,0,23658da8-233b-4b62-9d1d-336fb653ecb5,StartingBlock,69.4018555,5636.40967,,,,1,0,0,5,1,0,0,-205.658051,-278.650024,1760.73694,-0.715467751,0.698612988,-0.00584331527,-0.00342080323
695,0,23658da8-233b-4b62-9d1d-336fb653ecb5,StartingBlock,69.5019531,5636.50977,,,,1,0,0,5,1,0,0,-207.128799,-252.83197,1731.63013,-0.715456605,0.69862479,-0.00587882381,-0.00328957872
696,0,23658da8-233b-4b62-9d1d-336fb653ecb5,StartingBlock,69.6020508,5636.60986,,,,1,0,0,5,1,0,0,-208.608688,-226.99649,1701.54407,-0.715399861,0.698682606,-0.00595795922,-0.00318321912
697,0,23658da8-233b-4b62-9d1d-336fb653ecb5,StartingBlock,69.7021484,5636.70996,,,,1,0,0,5,1,0,0,-210.09758,-201.144379,1670.47778,-0.715448797,0.698631942,-0.00606253091,-0.00312257581
698,0,23658da8-233b-4b62-9d1d-336fb653ecb5,StartingBlock,69.8022461,5636.81006,,,,1,0,0,5,1,0,0,-211.595306,-175.276276,1638.43079,-0.71545285,0.698627472,-0.00614502002,-0.00303053227
699,0,23658da8-233b-4b62-9d1d-336fb653ecb5,StartingBlock,69.9018555,5636.90967,F,,,1,0,0,5,1,0,0,-213.1017,-149.392838,1605.40259,-0.715381801,0.698699594,-0.00625031302,-0.00296400976
700,0,23658da8-233b-4b62-9d1d-336fb653ecb5,StartingBlock,70.0019531,5637.00977,,F,,1,0,0,5,1,0,0,-214.615143,-123.511047,1571.50854,-0.637752891,0.770210028,-0.00598100387,-0.00346729392
701,0,23658da8-233b-4b62-9d1d-336fb653ecb5,StartingBlock,70.1020508,5637.10986,,,F,1,0,0,5,1,0,0,-216.135757,-97.7901688,1536.77307,-0.599857867,0.800077081,-0.00584788853,-0.00361726782
702,0,23658da8-233b-4b62-9d1d-336fb653ecb5,StartingBlock,70.2021484,5637.20996,,,,1,0,0,5,1,0,0,-217.665176,-72.3452301,1501.08435,-0.599901021,0.800044596,-0.00591854425,-0.00352192833
703,0,23658da8-233b-4b62-9d1d-336fb653ecb5,StartingBlock,70.3022461,5637.31006,,,,1,0,0,5,1,0,0,-219.203033,-47.1783447,1464.44971,-0.599896073,0.80004859,-0.00595187303,-0.00339538883
704,0,23658da8-233b-4b62-9d1d-336fb653ecb5,StartingBlock,70.4018555,5637.40967,,,,1,0,0,5,1,0,0,-220.74913,-22.2906227,1426.86829,-0.599855065,0.800077915,-0.00614177901,-0.00340205152
705,0,23658da8-233b-4b62-9d1d-336fb653ecb5,StartingBlock,70.5019531,5637.50977,,,,1,0,0,5,1,0,0,-222.30336,2.31673121,1388.33972,-0.599921465,0.800028384,-0.00618229713,-0.00327905803
706,0,23658da8-233b-4b62-9d1d-336fb653ecb5,StartingBlock,70.6020508,5637.60986,,,,1,0,0,5,1,0,0,-223.865479,26.6426163,1348.86304,-0.599891424,0.800050795,-0.00624749344,-0.00317526958
707,0,23658da8-233b-4b62-9d1d-336fb653ecb5,StartingBlock,70.7021484,5637.70996,,,,1,0,0,5,1,0,0,-225.435104,50.6855698,1308.43726,-0.599853098,0.80007869,-0.00636357302,-0.00313030719
708,0,23658da8-233b-4b62-9d1d-336fb653ecb5,StartingBlock,70.8022461,5637.81006,,,,1,0,0,5,1,0,0,-227.011963,74.4440994,1267.06213,-0.599822521,0.800100923,-0.00648424169,-0.00308376318
709,0,23658da8-233b-4b62-9d1d-336fb653ecb5,StartingBlock,70.9018555,5637.90967,,,,1,0,0,5,1,0,0,-228.595825,97.916481,1224.73682,-0.59975934,0.80014801,-0.00656006718,-0.00299240113
710,0,23658da8-233b-4b62-9d1d-336fb653ecb5,StartingBlock,71.0019531,5638.00977,,F,,1,0,0,5,1,0,0,-230.185089,121.118149,1181.55042,-0.526301205,0.850267649,-0.00634251069,-0.0034293409
711,0,23658da8-233b-4b62-9d1d-336fb653ecb5,StartingBlock,71.1020508,5638.10986,,,F,1,0,0,5,1,0,0,-231.779129,143.928757,1137.58484,-0.486131012,0.873856843,-0.00617917161,-0.00355870998
712,0,23658da8-233b-4b62-9d1d-336fb653ecb5,StartingBlock,71.2021484,5638.20996,,,,1,0,0,5,1,0,0,-233.379318,166.211609,1092.76489,-0.486146241,0.873847902,-0.00628918316,-0.00348444073
713,0,23658da8-233b-4b62-9d1d-336fb653ecb5,StartingBlock,71.3022461,5638.31006,,,,1,0,0,5,1,0,0,-234.985168,187.96553,1047.09753,-0.486143708,0.873849094,-0.00637614867,-0.00340412976
714,0,23658da8-233b-4b62-9d1d-336fb653ecb5,StartingBlock,71.4018555,5638.40967,,,,1,0,0,5,1,0,0,-236.596176,209.188339,1000.58258,-0.486111462,0.873867035,-0.00642660912,-0.00328794844
715,0,23658da8-233b-4b62-9d1d-336fb653ecb5,StartingBlock,71.5019531,5638.50977,,,,1,0,0,5,1,0,0,-238.211899,229.877533,953.219604,-0.486115456,0.873864472,-0.00651299115,-0.00320503628
716,0,23658da8-233b-4b62-9d1d-336fb653ecb5,StartingBlock,71.6020508,5638.60986,,,,1,0,0,5,1,0,0,-239.831818,250.030533,905.00824,-0.486097425,0.873874187,-0.0066050482,-0.00312178303
717,0,23658da8-233b-4b62-9d1d-336fb653ecb5,StartingBlock,71.7021484,5638.70996,F,F,,1,0,0,5,1,0,0,-241.454926,269.663544,855.982117,-0.447127342,0.894440591,-0.00652025966,-0.00328356773
718,0,23658da8-233b-4b62-9d1d-336fb653ecb5,StartingBlock,71.8022461,5638.81006,,,F,1,0,0,5,1,0,0,-243.07843,288.784698,806.31958,-0.348070979,0.937440753,-0.00610070396,-0.00379057485
719,0,23658da8-233b-4b62-9d1d-336fb653ecb5,StartingBlock,71.9018555,5638.90967,,,,1,0,0,5,1,0,0,-244.703979,307.158966,755.991882,-0.346453458,0.938039839,-0.00614680536,-0.00367027079
720,0,23658da8-233b-4b62-9d1d-336fb653ecb5,StartingBlock,72.0019531,5639.00977,F,F,,1,0,0,5,1,0,0,-246.330811,324.77594,705.017944,-0.327525467,0.944815516,-0.0061070607,-0.00367641635
721,0,23658da8-233b-4b62-9d1d-336fb653ecb5,StartingBlock,72.1020508,5639.10986,,,F,1,0,0,5,1,0,0,-247.955917,341.720459,653.5448,-0.219887882,0.975499451,-0.00570517732,-0.0041923956
722,0,23658da8-233b-4b62-9d1d-336fb653ecb5,StartingBlock,72.2021484,5639.20996,,,,1,0,0,5,1,0,0,-249.580124,357.780487,601.621216,-0.216339499,0.976292729,-0.00575147802,-0.00410201168
723,0,23658da8-233b-4b62-9d1d-336fb653ecb5,StartingBlock,72.3022461,5639.31006,,,,1,0,0,5,1,0,0,-251.202988,372.924133,549.262024,-0.216327891,0.976295471,-0.00579969911,-0.00399036473
724,0,23658da8-233b-4b62-9d1d-336fb653ecb5,StartingBlock,72.4018555,5639.40967,,,,1,0,0,5,1,0,0,-252.824051,387.148987,496.469116,-0.216327012,0.97629559,-0.00586861931,-0.0038905479
725,0,23658da8-233b-4b62-9d1d-336fb653ecb5,StartingBlock,72.5019531,5639.50977,,,,1,0,0,5,1,0,0,-254.44281,400.45224,443.244537,-0.21633561,0.976293981,-0.00590064796,-0.00377674541
726,0,23658da8-233b-4b62-9d1d-336fb653ecb5,StartingBlock,72.6020508,5639.60986,,,,1,0,0,5,1,0,0,-256.058838,412.831451,389.590607,-0.216308102,0.976300359,-0.00592093263,-0.00366507168
727,0,23658da8-233b-4b62-9d1d-336fb653ecb5,StartingBlock,72.7021484,5639.70996,,,,1,0,0,5,1,0,0,-257.671692,424.284485,335.51001,-0.216339856,0.976293385,-0.00596029358,-0.00357940793
728,0,23658da8-233b-4b62-9d1d-336fb653ecb5,StartingBlock,72.8022461,5639.81006,,,,1,0,0,5,1,0,0,-259.281006,434.80957,281.005646,-0.216350511,0.97629112,-0.00600335468,-0.00347477803
729,0,23658da8-233b-4b62-9d1d-336fb653ecb5,StartingBlock,72.9018555,5639.90967,,,,1,0,0,5,1,0,0,-260.886505,444.405151,226.080643,-0.216367513,0.976287425,-0.00604432682,-0.00338749285
730,0,23658da8-233b-4b62-9d1d-336fb653ecb5,StartingBlock,73.0019531,5640.00977,,,,1,0,0,5,1,0,0,-262.487915,453.070007,170.738449,-0.216357812,0.976290107,-0.00601609005,-0.00329405349
731,0,23658da8-233b-4b62-9d1d-336fb653ecb5,StartingBlock,73.1020508,5640.10986,,,,1,0,0,5,1,0,0,-264.084991,460.803314,114.983238,-0.216343418,0.976293325,-0.00604643673,-0.00322429906
732,0,23658da8-233b-4b62-9d1d-336fb653ecb5,StartingBlock,73.2021484,5640.20996,F,F,,1,0,0,5,1,0,0,-265.677612,467.611481,58.8214264,-0.205871657,0.978555083,-0.00603642454,-0.00322188786
733,0,23658da8-233b-4b62-9d1d-336fb653ecb5,StartingBlock,73.3022461,5640.31006,,,F,1,0,0,5,1,0,0,-267.263306,473.64447,2.36612034,-0.0601187795,0.998167872,-0.00553568499,-0.00400042487
734,0,23658da8-233b-4b62-9d1d-336fb653ecb5,StartingBlock,73.4018555,5640.40967,,,,1,0,0,5,1,0,0,-268.842224,478.763489,-54.2083778,-0.0272244234,0.999606311,-0.00540261855,-0.00411003409
735,0,23658da8-233b-4b62-9d1d-336fb653ecb5,StartingBlock,73.5019531,5640.50977,F,F,,1,0,0,5,1,0,0,-270.414642,482.896362,-110.830109,0.0166836716,0.999838173,-0.00520191016,-0.0042777895
736,0,23658da8-233b-4b62-9d1d-336fb653ecb5,StartingBlock,73.6020508,5640.60986,,,F,1,0,0,5,1,0,0,-271.978302,486.217102,-167.401367,0.140538424,0.99005276,-0.0046101003,-0.00482254056
737,0,23658da8-233b-4b62-9d1d-336fb653ecb5,StartingBlock,73.7021484,5640.70996,,,,1,0,0,5,1,0,0,-273.533417,488.572235,-223.720978,0.144535795,0.989477575,-0.00453850767,-0.00478908047
738,0,23658da8-233b-4b62-9d1d-336fb653ecb5,StartingBlock,73.8022461,5640.81006,F,F,,1,0,0,5,1,0,0,-275.080261,489.951599,-279.755249,0.144533187,0.98947835,-0.00455018505,-0.00470831152
739,0,23658da8-233b-4b62-9d1d-336fb653ecb5,StartingBlock,73.9018555,5640.90967,,,F,1,0,0,5,1,0,0,-276.618011,490.496948,-335.522125,0.258647501,0.965950012,-0.00397395995,-0.00513514411
740,0,23658da8-233b-4b62-9d1d-336fb653ecb5,StartingBlock,74.0019531,5641.00977,F,,,1,0,0,5,1,0,0,-278.145874,490.21283,-390.84845,0.276834756,0.960896134,-0.00384173053,-0.00514683546
741,0,23658da8-233b-4b62-9d1d-336fb653ecb5,StartingBlock,74.1020508,5641.10986,F,F,,1,0,0,5,1,0,0,-279.6633,489.169861,-445.697784,0.376588047,0.926359177,-0.003255883,-0.00543556828
742,0,23658da8-233b-4b62-9d1d-336fb653ecb5,StartingBlock,74.2021484,5641.20996,,,F,1,0,0,5,1,0,0,-281.168732,487.506866,-499.964233,0.437535822,0.899179459,-0.00282079307,-0.00555889821
743,0,23658da8-233b-4b62-9d1d-336fb653ecb5,StartingBlock,74.3022461,5641.31006,F,,,1,0,0,5,1,0,0,-282.661499,485.196503,-553.455139,0.437613219,0.899142325,-0.00280963117,-0.00547632482
744,0,23658da8-233b-4b62-9d1d-336fb653ecb5,StartingBlock,74.4018555,5641.40967,,F,F,1,0,0,5,1,0,0,-284.141968,482.33194,-606.253723,0.52981019,0.848094642,-0.00217716582,-0.00565319089
745,0,23658da8-233b-4b62-9d1d-336fb653ecb5,StartingBlock,74.5019531,5641.50977,,,,1,0,0,5,1,0,0,-285.608887,479.035187,-658.263916,0.555132091,0.831740737,-0.0019149296,-0.00566641986
746,0,23658da8-233b-4b62-9d1d-336fb653ecb5,StartingBlock,74.6020508,5641.60986,,,,1,0,0,5,1,0,0,-287.061615,475.327179,-709.364502,0.555140197,0.831735909,-0.00183073385,-0.00561108766
747,0,23658da8-233b-4b62-9d1d-336fb653ecb5,StartingBlock,74.7021484,5641.70996,,,,1,0,0,5,1,0,0,-288.500641,471.213562,-759.558289,0.555158854,0.831724048,-0.00177242176,-0.00553916302
748,0,23658da8-233b-4b62-9d1d-336fb653ecb5,StartingBlock,74.8022461,5641.81006,,,,1,0,0,5,1,0,0,-289.926483,466.696747,-808.845093,0.555138469,0.831738353,-0.00171307311,-0.00545223197
749,0,23658da8-233b-4b62-9d1d-336fb653ecb5,StartingBlock,74.9018555,5641.90967,,,,1,0,0,5,1,0,0,-291.339569,461.778839,-857.224609,0.555142999,0.831736088,-0.00168255134,-0.00533938361
750,0,23658da8-233b-4b62-9d1d-336fb653ecb5,StartingBlock,75.0019531,5642.00977,,,,1,0,0,5,1,0,0,-292.740448,456.461914,-904.696899,0.555138767,0.831739485,-0.00160297309,-0.00528003694
751,0,23658da8-233b-4b62-9d1d-336fb653ecb5,StartingBlock,75.1020508,5642.10986,,,,1,0,0,5,1,0,0,-294.129517,450.747833,-951.261841,0.555125535,0.831748843,-0.00151995709,-0.00521881087
752,0,23658da8-233b-4b62-9d1d-336fb653ecb5,StartingBlock,75.2021484,5642.20996,,,,1,0,0,5,1,0,0,-295.507141,444.638397,-996.919495,0.555143476,0.831737757,-0.00144925527,-0.00510555319
753,0,23658da8-233b-4b62-9d1d-336fb653ecb5,StartingBlock,75.3022461,5642.31006,,,,1,0,0,5,1,0,0,-296.873749,438.135376,-1041.67017,0.555204749,0.831697524,-0.00141132122,-0.00500496989
754,0,23658da8-233b-4b62-9d1d-336fb653ecb5,StartingBlock,75.4018555,5642.40967,,,,1,0,0,5,1,0,0,-298.229767,431.240417,-1085.51404,0.555135012,0.83174473,-0.00138527364,-0.00489279209
755,0,23658da8-233b-4b62-9d1d-336fb653ecb5,StartingBlock,75.5019531,5642.50977,,,,1,0,0,5,1,0,0,-299.575562,423.954987,-1128.45142,0.555161059,0.831727922,-0.00131870853,-0.0048058955
756,0,23658da8-233b-4b62-9d1d-336fb653ecb5,StartingBlock,75.6020508,5642.60986,,,,1,0,0,5,1,0,0,-300.911499,416.280487,-1170.48291,0.555073261,0.831787229,-0.00124860881,-0.0046989792
757,0,23658da8-233b-4b62-9d1d-336fb653ecb5,StartingBlock,75.7021484,5642.70996,,,,1,0,0,5,1,0,0,-302.237762,408.218292,-1211.60901,0.555155694,0.83173269,-0.00111089996,-0.0046663247
758,0,23658da8-233b-4b62-9d1d-336fb653ecb5,StartingBlock,75.8022461,5642.81006,,,,1,0,0,5,1,0,0,-303.554474,399.76947,-1251.82959,0.555129409,0.831750691,-0.00101837434,-0.00459361076
759,0,23658da8-233b-4b62-9d1d-336fb653ecb5,StartingBlock,75.9018555,5642.90967,,,,1,0,0,5,1,0,0,-304.861847,390.935333,-1291.14551,0.555068731,0.831791401,-0.000825192954,-0.00460600061
760,0,23658da8-233b-4b62-9d1d-336fb653ecb5,StartingBlock,76.0019531,5643.00977,,,,1,0,0,5,1,0,0,-306.159912,381.716797,-1329.55713,0.555138111,0.831745446,-0.000756571651,-0.00454374496
761,0,23658da8-233b-4b62-9d1d-336fb653ecb5,StartingBlock,76.1020508,5643.10986,,,,1,0,0,5,1,0,0,-307.448822,372.114899,-1367.06445,0.55523473,0.83168143,-0.000664566411,-0.00446535042
762,0,23658da8-233b-4b62-9d1d-336fb653ecb5,StartingBlock,76.2021484,5643.20996,,,,1,0,0,5,1,0,0,-308.728577,362.130859,-1403.66846,0.555306315,0.831633985,-0.000550638302,-0.0044169724
763,0,23658da8-233b-4b62-9d1d-336fb653ecb5,StartingBlock,76.3022461,5643.31006,,,,1,0,0,5,1,0,0,-309.999451,351.765411,-1439.36877,0.555167437,0.831727445,-0.000525929674,-0.00428309198
764,0,23658da8-233b-4b62-9d1d-336fb653ecb5,StartingBlock,76.4018555,5643.40967,,,,1,0,0,5,1,0,0,-311.261627,341.019135,-1474.16589,0.555125952,0.831755936,-0.000490369042,-0.00413400587
765,0,23658da8-233b-4b62-9d1d-336fb653ecb5,StartingBlock,76.5019531,5643.50977,,,,1,0,0,5,1,0,0,-312.515259,329.892822,-1508.0603,0.555091858,0.831779063,-0.00042430326,-0.00406749966
766,0,23658da8-233b-4b62-9d1d-336fb653ecb5,StartingBlock,76.6020508,5643.60986,,,,1,0,0,5,1,0,0,-313.760559,318.387207,-1541.05273,0.555147052,0.831742346,-0.000277229061,-0.00403758185
767,0,23658da8-233b-4b62-9d1d-336fb653ecb5,StartingBlock,76.7021484,5643.70996,,,,1,0,0,5,1,0,0,-314.997559,306.502869,-1573.14331,0.555142641,0.831745923,-0.000239318295,-0.00390896946
768,0,23658da8-233b-4b62-9d1d-336fb653ecb5,StartingBlock,76.8022461,5643.81006,,,,1,0,0,5,1,0,0,-316.226318,294.240479,-1604.33276,0.555129588,0.831754923,-0.000109649525,-0.00387421297
769,0,23658da8-233b-4b62-9d1d-336fb653ecb5,StartingBlock,76.9018555,5643.90967,,,,1,0,0,5,1,0,0,-317.446869,281.600433,-1634.62085,0.555139482,0.831748784,-4.79888986E-05,-0.00377044478
770,0,23658da8-233b-4b62-9d1d-336fb653ecb5,StartingBlock,77.0019531,5644.00977,,,,1,0,0,5,1,0,0,-318.659332,268.583435,-1664.0083,0.555095911,0.831777811,0.000150599095,-0.00377306878
771,0,23658da8-233b-4b62-9d1d-336fb653ecb5,StartingBlock,77.1020508,5644.10986,,,,1,0,0,5,1,0,0,-319.863586,255.189957,-1692.49512,0.555096567,0.831778049,0.000168480416,-0.00362861156
772,0,23658da8-233b-4b62-9d1d-336fb653ecb5,StartingBlock,77.2021484,5644.20996,,,,1,0,0,5,1,0,0,-321.059723,241.42041,-1720.08154,0.555090666,0.831781805,0.000369175104,-0.00365207717
773,0,23658da8-233b-4b62-9d1d-336fb653ecb5,StartingBlock,77.3022461,5644.31006,,,,1,0,0,5,1,0,0,-322.247559,227.275116,-1746.76746,0.555136263,0.831751823,0.000395962212,-0.00353222364
774,0,23658da8-233b-4b62-9d1d-336fb653ecb5,StartingBlock,77.4018555,5644.40967,,,,1,0,0,5,1,0,0,-323.427307,212.754501,-1772.55334,0.555137753,0.831751525,0.00038023293,-0.00337718334
775,0,23658da8-233b-4b62-9d1d-336fb653ecb5,StartingBlock,77.5019531,5644.50977,,,,1,0,0,5,1,0,0,-324.599152,197.859177,-1797.4397,0.555188,0.831718087,0.000488534453,-0.00332713965
776,0,23658da8-233b-4b62-9d1d-336fb653ecb5,StartingBlock,77.6020508,5644.60986,,,,1,0,0,5,1,0,0,-325.763184,182.589478,-1821.42627,0.555122793,0.831762254,0.0005140258,-0.00316417054
777,0,23658da8-233b-4b62-9d1d-336fb653ecb5,StartingBlock,77.7021484,5644.70996,,,,1,0,0,5,1,0,0,-326.919495,166.945526,-1844.51318,0.555105031,0.831774414,0.000559334585,-0.00307484996
778,0,23658da8-233b-4b62-9d1d-336fb653ecb5,StartingBlock,77.8022461,5644.81006,,,,1,0,0,5,1,0,0,-328.068115,150.92778,-1866.70105,0.55509299,0.831782281,0.000772744592,-0.003072388
779,0,23658da8-233b-4b62-9d1d-336fb653ecb5,StartingBlock,77.9018555,5644.90967,,,,1,0,0,5,1,0,0,-329.208923,134.536545,-1887.99011,0.555041671,0.831816852,0.000851639896,-0.00296720676
780,0,23658da8-233b-4b62-9d1d-336fb653ecb5,StartingBlock,78.0019531,5645.00977,,,,1,0,0,5,1,0,0,-330.341888,117.772049,-1908.38049,0.55501467,0.831835389,0.000886167167,-0.00281952717
781,0,23658da8-233b-4b62-9d1d-336fb653ecb5,StartingBlock,78.1020508,5645.10986,F,F,,1,0,0,5,1,0,0,-331.467133,100.637497,-1927.87927,0.563859999,0.825865149,0.00104822696,-0.00274604396
782,0,23658da8-233b-4b62-9d1d-336fb653ecb5,StartingBlock,78.2021484,5645.20996,,,F,1,0,0,5,1,0,0,-332.585266,83.234993,-1946.63013,0.666901767,0.74513948,0.00161379704,-0.00258025317
783,0,23658da8-233b-4b62-9d1d-336fb653ecb5,StartingBlock,78.3022461,5645.31006,,,,1,0,0,5,1,0,0,-333.695007,65.7044907,-1964.46899,0.675861418,0.737022877,0.00167134148,-0.00243074796
784,0,23658da8-233b-4b62-9d1d-336fb653ecb5,StartingBlock,78.4018555,5645.40967,,,,1,0,0,5,1,0,0,-334.796021,48.0847855,-1981.33826,0.675866783,0.737018108,0.0017410022,-0.00233909255
785,0,23658da8-233b-4b62-9d1d-336fb653ecb5,StartingBlock,78.5019531,5645.50977,,,,1,0,0,5,1,0,0,-335.888428,30.3766651,-1997.23926,0.675895631,0.736991763,0.00181351695,-0.00224101776
786,0,23658da8-233b-4b62-9d1d-336fb653ecb5,StartingBlock,78.6020508,5645.60986,,,,1,0,0,5,1,0,0,-336.972229,12.5804329,-2012.17224,0.675870717,0.737014711,0.00187030865,-0.00215702318
787,0,23658da8-233b-4b62-9d1d-336fb653ecb5,StartingBlock,78.7021484,5645.70996,,,,1,0,0,5,1,0,0,-338.047455,-5.30372524,-2026.13745,0.675860703,0.737023711,0.00198810152,-0.00211998611
788,0,23658da8-233b-4b62-9d1d-336fb653ecb5,StartingBlock,78.8022461,5645.81006,,,,1,0,0,5,1,0,0,-339.114044,-23.2755947,-2039.13489,0.675871432,0.737013996,0.00203834171,-0.002032405
789,0,23658da8-233b-4b62-9d1d-336fb653ecb5,StartingBlock,78.9018555,5645.90967,,,,1,0,0,5,1,0,0,-340.172119,-41.3349075,-2051.16479,0.675903559,0.736984313,0.00214503915,-0.00198048726
790,0,23658da8-233b-4b62-9d1d-336fb653ecb5,StartingBlock,79.0019531,5646.00977,,,,1,0,0,5,1,0,0,-341.221466,-59.4812775,-2062.22754,0.675990701,0.736903191,0.00242594094,-0.00209469767
791,0,23658da8-233b-4b62-9d1d-336fb653ecb5,StartingBlock,79.1020508,5646.10986,,,,1,0,0,5,1,0,0,-342.261688,-77.7143631,-2072.32275,0.676008284,0.736886144,0.00265205465,-0.00217096787
792,0,23658da8-233b-4b62-9d1d-336fb653ecb5,StartingBlock,79.2021484,5646.20996,,,,1,0,0,5,1,0,0,-343.292542,-96.0338898,-2081.4502,0.676150084,0.736756146,0.00268564676,-0.00205128943
793,0,23658da8-233b-4b62-9d1d-336fb653ecb5,StartingBlock,79.3022461,5646.31006,,,,1,0,0,5,1,0,0,-344.313995,-114.439537,-2089.6106,0.676073968,0.736825883,0.0027777208,-0.00197809376
794,0,23658da8-233b-4b62-9d1d-336fb653ecb5,StartingBlock,79.4018555,5646.40967,,,,1,0,0,5,1,0,0,-345.325714,-132.931076,-2096.80444,0.67608881,0.736810267,0.00313734799,-0.00217937003
795,0,23658da8-233b-4b62-9d1d-336fb653ecb5,StartingBlock,79.5019531,5646.50977,,,,1,0,0,5,1,0,0,-346.327332,-151.508453,-2103.03101,0.676134825,0.736768007,0.00322491652,-0.0020978672
796,0,23658da8-233b-4b62-9d1d-336fb653ecb5,StartingBlock,79.6020508,5646.60986,,,,1,0,0,5,1,0,0,-347.318756,-170.171295,-2108.29053,0.676208138,0.736699939,0.00337837311,-0.00208927481
797,0,23658da8-233b-4b62-9d1d-336fb653ecb5,StartingBlock,79.7021484,5646.70996,,,,1,0,0,5,1,0,0,-348.299713,-188.919342,-2112.58228,0.676267862,0.736644328,0.00353342178,-0.00211013015
798,0,23658da8-233b-4b62-9d1d-336fb653ecb5,StartingBlock,79.8022461,5646.81006,,,,1,0,0,5,1,0,0,-349.270172,-207.75235,-2115.90649,0.676195085,0.736711383,0.00355727738,-0.00197708514
799,0,23658da8-233b-4b62-9d1d-336fb653ecb5,StartingBlock,79.9018555,5646.90967,,,,1,0,0,5,1,0,0,-350.22995,-226.670151,-2118.26318,0.676288664,0.736624062,0.00379792275,-0.00207217108
800,0,23658da8-233b-4b62-9d1d-336fb653ecb5,StartingBlock,80.0019531,5647.00977,,,,1,0,0,5,1,0,0,-351.178864,-245.672363,-2119.65259,0.676299512,0.736613452,0.00393427303,-0.00205790205
801,0,23658da8-233b-4b62-9d1d-336fb653ecb5,StartingBlock,80.1020508,5647.10986,,,,1,0,0,5,1,0,0,-352.116638,-264.758759,-2120.07422,0.6763919,0.736528814,0.0039527826,-0.00193903642
802,0,23658da8-233b-4b62-9d1d-336fb653ecb5,StartingBlock,80.2021484,5647.20996,,,,1,0,0,5,1,0,0,-353.043182,-283.92923,-2119.52881,0.676365912,0.73655194,0.00409161905,-0.00192367332
803,0,23658da8-233b-4b62-9d1d-336fb653ecb5,StartingBlock,80.3022461,5647.31006,,,,1,0,0,5,1,0,0,-353.958466,-303.183472,-2118.01636,0.676326215,0.736586034,0.00442971662,-0.00209071906
804,0,23658da8-233b-4b62-9d1d-336fb653ecb5,StartingBlock,80.4018555,5647.40967,,,,1,0,0,5,1,0,0,-354.862274,-322.521423,-2115.53662,0.676450789,0.736470759,0.00457499409,-0.00206757011
805,0,23658da8-233b-4b62-9d1d-336fb653ecb5,StartingBlock,80.5019531,5647.50977,,,,1,0,0,5,1,0,0,-355.754211,-341.942596,-2112.09009,0.676501513,0.73642385,0.0046667261,-0.00199238979
806,0,23658da8-233b-4b62-9d1d-336fb653ecb5,StartingBlock,80.6020508,5647.60986,,,,1,0,0,5,1,0,0,-356.634216,-361.446564,-2107.67896,0.676548481,0.736380398,0.00472778128,-0.00191814033
807,0,23658da8-233b-4b62-9d1d-336fb653ecb5,StartingBlock,80.7021484,5647.70996,,,,1,0,0,5,1,0,0,-357.502411,-381.03299,-2102.3042,0.676472604,0.736448884,0.00491075637,-0.00193606154
808,0,23658da8-233b-4b62-9d1d-336fb653ecb5,StartingBlock,80.8022461,5647.81006,,,,1,0,0,5,1,0,0,-358.358368,-400.702057,-2095.96167,0.67647016,0.736449778,0.00511044078,-0.00195458927
809,0,23658da8-233b-4b62-9d1d-336fb653ecb5,StartingBlock,80.9018555,5647.90967,,,,1,0,0,5,1,0,0,-359.20166,-420.453857,-2088.65137,0.676355898,0.736553192,0.00530963158,-0.00199662941
810,0,23658da8-233b-4b62-9d1d-336fb653ecb5,StartingBlock,81.0019531,5648.00977,,,,1,0,0,5,1,0,0,-360.031982,-440.288452,-2080.37305,0.676279664,0.736621857,0.00548621453,-0.00199259212
811,0,23658da8-233b-4b62-9d1d-336fb653ecb5,StartingBlock,81.1020508,5648.10986,,,,1,0,0,5,1,0,0,-360.848999,-460.20575,-2071.12622,0.676348031,0.736558139,0.00561715383,-0.00197415566
812,0,23658da8-233b-4b62-9d1d-336fb653ecb5,StartingBlock,81.2021484,5648.20996,,,,1,0,0,5,1,0,0,-361.652527,-480.205505,-2060.9104,0.676489651,0.736427546,0.00570926536,-0.00192810083
813,0,23658da8-233b-4b62-9d1d-336fb653ecb5,StartingBlock,81.3022461,5648.31006,,,,1,0,0,5,1,0,0,-362.442505,-500.287323,-2049.7251,0.676417172,0.73649615,0.00554317283,-0.00159681763
814,0,23658da8-233b-4b62-9d1d-336fb653ecb5,StartingBlock,81.4018555,5648.40967,,,,1,0,0,5,1,0,0,-363.219055,-520.451294,-2037.56799,0.676381707,0.736527801,0.00567838782,-0.00157019123
815,0,23658da8-233b-4b62-9d1d-336fb653ecb5,StartingBlock,81.5019531,5648.50977,,,,1,0,0,5,1,0,0,-363.982056,-540.697144,-2024.44153,0.676397204,0.736513376,0.0057258741,-0.00146766612
816,0,23658da8-233b-4b62-9d1d-336fb653ecb5,StartingBlock,81.6020508,5648.60986,,,,1,0,0,5,1,0,0,-364.731415,-561.024719,-2010.34521,0.676357508,0.736548901,0.00584508479,-0.00143480999
817,0,23658da8-233b-4b62-9d1d-336fb653ecb5,StartingBlock,81.7021484,5648.70996,,,,1,0,0,5,1,0,0,-365.467041,-581.433777,-1995.2793,0.676376045,0.736531734,0.0058910097,-0.00134923402
818,0,23658da8-233b-4b62-9d1d-336fb653ecb5,StartingBlock,81.8022461,5648.81006,,,,1,0,0,5,1,0,0,-366.188873,-601.924255,-1979.24341,0.676410794,0.736499608,0.00594301103,-0.00123313547
819,0,23658da8-233b-4b62-9d1d-336fb653ecb5,StartingBlock,81.9018555,5648.90967,,,,1,0,0,5,1,0,0,-366.896759,-622.49585,-1962.23718,0.676449358,0.736463666,0.00601043971,-0.00118424813
820,0,23658da8-233b-4b62-9d1d-336fb653ecb5,StartingBlock,82.0019531,5649.00977,,,,1,0,0,5,1,0,0,-367.590607,-643.148071,-1944.26001,0.676417887,0.736492157,0.0060891402,-0.00109495083
821,0,23658da8-233b-4b62-9d1d-336fb653ecb5,StartingBlock,82.1020508,5649.10986,,,,1,0,0,5,1,0,0,-368.270264,-663.880798,-1925.31152,0.676418364,0.736490428,0.00623621466,-0.00112162367
822,0,23658da8-233b-4b62-9d1d-336fb653ecb5,StartingBlock,82.2021484,5649.20996,,,,1,0,0,5,1,0,0,-368.935547,-684.693848,-1905.39185,0.676397562,0.736509204,0.00628283806,-0.00107498583
823,0,23658da8-233b-4b62-9d1d-336fb653ecb5,StartingBlock,82.3022461,5649.31006,,,,1,0,0,5,1,0,0,-369.586304,-705.586975,-1884.50012,0.676362813,0.736540794,0.00633603241,-0.000971282483
824,0,23658da8-233b-4b62-9d1d-336fb653ecb5,StartingBlock,82.4018555,5649.40967,,,,1,0,0,5,1,0,0,-370.222229,-726.559998,-1862.63635,0.676314533,0.736584127,0.00644967146,-0.000955841155
825,0,23658da8-233b-4b62-9d1d-336fb653ecb5,StartingBlock,82.5019531,5649.50977,,,,1,0,0,5,1,0,0,-370.843292,-747.612732,-1839.79968,0.676241338,0.736651719,0.00642784359,-0.000818319386
826,0,23658da8-233b-4b62-9d1d-336fb653ecb5,StartingBlock,82.6020508,5649.60986,,,,1,0,0,5,1,0,0,-371.449432,-768.744934,-1815.99011,0.676271498,0.736623645,0.00647664396,-0.000795642613
827,0,23658da8-233b-4b62-9d1d-336fb653ecb5,StartingBlock,82.7021484,5649.70996,,,,1,0,0,5,1,0,0,-372.040436,-789.956299,-1791.20667,0.676269352,0.736625552,0.00649609277,-0.000660043966
828,0,23658da8-233b-4b62-9d1d-336fb653ecb5,StartingBlock,82.8022461,5649.81006,,,,1,0,0,5,1,0,0,-372.616211,-811.24646,-1765.44946,0.676196575,0.736691415,0.00660235062,-0.000661983213
829,0,23658da8-233b-4b62-9d1d-336fb653ecb5,StartingBlock,82.9018555,5649.90967,,,,1,0,0,5,1,0,0,-373.176453,-832.615173,-1738.71741,0.676156759,0.73672688,0.0067221811,-0.000661059166
830,0,23658da8-233b-4b62-9d1d-336fb653ecb5,StartingBlock,83.0019531,5650.00977,,,,1,0,0,5,1,0,0,-373.720825,-854.062134,-1711.01013,0.67615813,0.736724555,0.00683400175,-0.000616150501
831,0,23658da8-233b-4b62-9d1d-336fb653ecb5,StartingBlock,83.1020508,5650.10986,,,,1,0,0,5,1,0,0,-374.249023,-875.586914,-1682.32715,0.676190078,0.736695707,0.00680203177,-0.000464090466
832,0,23658da8-233b-4b62-9d1d-336fb653ecb5,StartingBlock,83.2021484,5650.20996,,,,1,0,0,5,1,0,0,-374.761017,-897.188843,-1652.66772,0.676213443,0.736674249,0.00681127096,-0.000386174652
833,0,23658da8-233b-4b62-9d1d-336fb653ecb5,StartingBlock,83.3022461,5650.31006,,,,1,0,0,5,1,0,0,-375.256531,-918.86731,-1622.03101,0.67626518,0.736626387,0.00684857927,-0.000366905646
834,0,23658da8-233b-4b62-9d1d-336fb653ecb5,StartingBlock,83.4018555,5650.40967,,,,1,0,0,5,1,0,0,-375.735321,-940.621704,-1590.41602,0.676239967,0.736648917,0.00691573555,-0.000288460258
835,0,23658da8-233b-4b62-9d1d-336fb653ecb5,StartingBlock,83.5019531,5650.50977,,,,1,0,0,5,1,0,0,-376.197083,-962.451294,-1557.8219,0.676239669,0.736649156,0.00692415237,-0.000246995187
836,0,23658da8-233b-4b62-9d1d-336fb653ecb5,StartingBlock,83.6020508,5650.60986,,,,1,0,0,5,1,0,0,-376.641449,-984.355347,-1524.24805,0.676261485,0.736628234,0.00701095304,-0.000228433797
837,0,23658da8-233b-4b62-9d1d-336fb653ecb5,StartingBlock,83.7021484,5650.70996,,,,1,0,0,5,1,0,0,-377.068024,-1006.33301,-1489.69385,0.676258385,0.736631036,0.0070223161,-0.000147890983
838,0,23658da8-233b-4b62-9d1d-336fb653ecb5,StartingBlock,83.8022461,5650.81006,,,,1,0,0,5,1,0,0,-377.476471,-1028.38354,-1454.15833,0.676256716,0.736631334,0.00715737278,-0.000147771512
839,0,23658da8-233b-4b62-9d1d-336fb653ecb5,StartingBlock,83.9018555,5650.90967,,,,1,0,0,5,1,0,0,-377.866425,-1050.50574,-1417.64233,0.676329732,0.736565828,0.00700140186,0.000116390191
840,0,23658da8-233b-4b62-9d1d-336fb653ecb5,StartingBlock,84.0019531,5651.00977,,,,1,0,0,5,1,0,0,-378.237793,-1072.69836,-1380.14575,0.676383138,0.736517906,0.00687300786,0.000224771706
841,0,23658da8-233b-4b62-9d1d-336fb653ecb5,StartingBlock,84.1020508,5651.10986,,,,1,0,0,5,1,0,0,-378.590271,-1094.96045,-1341.66541,0.67640084,0.736501098,0.00692139659,0.000278593623
842,0,23658da8-233b-4b62-9d1d-336fb653ecb5,StartingBlock,84.2021484,5651.20996,,,,1,0,0,5,1,0,0,-378.923431,-1117.29053,-1302.20056,0.676575243,0.736341417,0.00687022228,0.00039606943
843,0,23658da8-233b-4b62-9d1d-336fb653ecb5,StartingBlock,84.3022461,5651.31006,,,,1,0,0,5,1,0,0,-379.236816,-1139.68689,-1261.75085,0.676484525,0.736424029,0.00694395136,0.000436793722
844,0,23658da8-233b-4b62-9d1d-336fb653ecb5,StartingBlock,84.4018555,5651.40967,,,,1,0,0,5,1,0,0,-379.529816,-1162.14807,-1220.3158,0.676390052,0.736509919,0.00703825615,0.000368536334
845,0,23658da8-233b-4b62-9d1d-336fb653ecb5,StartingBlock,84.5019531,5651.50977,,,,1,0,0,5,1,0,0,-379.801514,-1184.67273,-1177.89319,0.676426113,0.736476779,0.00704143802,0.000443077937
846,0,23658da8-233b-4b62-9d1d-336fb653ecb5,StartingBlock,84.6020508,5651.60986,,F,F,1,0,0,5,1,0,0,-380.051453,-1207.25671,-1134.49817,0.689525485,0.724227428,0.00698003359,0.00072606717
847,0,23658da8-233b-4b62-9d1d-336fb653ecb5,StartingBlock,84.7021484,5651.70996,,,,1,0,0,5,1,0,0,-380.279297,-1229.87231,-1090.13708,0.691872418,0.721984923,0.00706608826,0.000709901389
848,0,23658da8-233b-4b62-9d1d-336fb653ecb5,StartingBlock,84.8022461,5651.81006,,,,1,0,0,5,1,0,0,-380.4841,-1252.50525,-1044.78357,0.691856742,0.721999288,0.0071300976,0.000747666927
849,0,23658da8-233b-4b62-9d1d-336fb653ecb5,StartingBlock,84.9018555,5651.90967,F,F,,1,0,0,5,1,0,0,-380.6651,-1275.15222,-998.451538,0.706023574,0.708151221,0.00720061967,0.000864556176
850,0,23658da8-233b-4b62-9d1d-336fb653ecb5,StartingBlock,85.0019531,5652.00977,,,F,1,0,0,5,1,0,0,-380.823578,-1297.75525,-951.331848,0.807514191,0.589802802,0.00703362422,0.00200778595
851,0,23658da8-233b-4b62-9d1d-336fb653ecb5,StartingBlock,85.1020508,5652.10986,,,,1,0,0,5,1,0,0,-380.96048,-1320.08362,-903.35083,0.826873243,0.562339783,0.00705615943,0.00220850366
852,0,23658da8-233b-4b62-9d1d-336fb653ecb5,StartingBlock,85.2021484,5652.20996,,,,1,0,0,5,1,0,0,-381.075226,-1342.02832,-854.436157,0.826931894,0.562252402,0.00715294573,0.00219050748
853,0,23658da8-233b-4b62-9d1d-336fb653ecb5,StartingBlock,85.3022461,5652.31006,,,,1,0,0,5,1,0,0,-381.166779,-1363.5863,-804.594116,0.826861382,0.562354922,0.00725593371,0.00216009701
854,0,23658da8-233b-4b62-9d1d-336fb653ecb5,StartingBlock,85.4018555,5652.40967,,,,1,0,0,5,1,0,0,-381.233826,-1384.75464,-753.824585,0.826823175,0.562410176,0.00734955585,0.00209188741
855,0,23658da8-233b-4b62-9d1d-336fb653ecb5,StartingBlock,85.5019531,5652.50977,,,,1,0,0,5,1,0,0,-381.275208,-1405.52979,-702.127502,0.826760769,0.562500238,0.00747581897,0.00207968499
856,0,23658da8-233b-4b62-9d1d-336fb653ecb5,StartingBlock,85.6020508,5652.60986,F,F,,1,0,0,5,1,0,0,-381.289734,-1425.91345,-649.517212,0.837752223,0.545994639,0.00748449285,0.00227063964
857,0,23658da8-233b-4b62-9d1d-336fb653ecb5,StartingBlock,85.7021484,5652.70996,,,F,1,0,0,5,1,0,0,-381.277832,-1445.89856,-596.132141,0.878559172,0.477567911,0.00735107157,0.00295793987
858,0,23658da8-233b-4b62-9d1d-336fb653ecb5,StartingBlock,85.8022461,5652.81006,,,,1,0,0,5,1,0,0,-381.239838,-1465.32227,-541.907898,0.87877053,0.477178335,0.00740082376,0.00290342118
859,0,23658da8-233b-4b62-9d1d-336fb653ecb5,StartingBlock,85.9018555,5652.90967,,F,,1,0,0,5,1,0,0,-381.17514,-1484.20239,-486.918182,0.911258399,0.411756933,0.00724761095,0.00344940997
860,0,23658da8-233b-4b62-9d1d-336fb653ecb5,StartingBlock,86.0019531,5653.00977,,,F,1,0,0,5,1,0,0,-381.084961,-1502.46631,-431.28299,0.928667843,0.370825201,0.00712364586,0.00375010818
861,0,23658da8-233b-4b62-9d1d-336fb653ecb5,StartingBlock,86.1020508,5653.10986,,,,1,0,0,5,1,0,0,-380.970093,-1519.96753,-374.975159,0.928628027,0.370922714,0.00717495102,0.00386630301
862,0,23658da8-233b-4b62-9d1d-336fb653ecb5,StartingBlock,86.2021484,5653.20996,,,,1,0,0,5,1,0,0,-380.830109,-1536.70581,-318.009979,0.928664267,0.370830655,0.0072808126,0.00378686469
863,0,23658da8-233b-4b62-9d1d-336fb653ecb5,StartingBlock,86.3022461,5653.31006,,,,1,0,0,5,1,0,0,-380.664551,-1552.67859,-260.39444,0.928701043,0.370737284,0.00737525662,0.00372079294
864,0,23658da8-233b-4b62-9d1d-336fb653ecb5,StartingBlock,86.4018555,5653.40967,,,,1,0,0,5,1,0,0,-380.473206,-1567.88403,-202.133987,0.92871803,0.370694399,0.00741723133,0.00368149322
865,0,23658da8-233b-4b62-9d1d-336fb653ecb5,StartingBlock,86.5019531,5653.50977,,,,1,0,0,5,1,0,0,-380.256134,-1582.32202,-143.232422,0.928704619,0.370725811,0.00752920471,0.00366702816
866,0,23658da8-233b-4b62-9d1d-336fb653ecb5,StartingBlock,86.6020508,5653.60986,F,,,1,0,0,5,1,0,0,-380.013428,-1595.99304,-83.6916351,0.928717613,0.370691746,0.00760435546,0.00367163331
867,0,23658da8-233b-4b62-9d1d-336fb653ecb5,StartingBlock,86.7021484,5653.70996,,F,,1,0,0,5,1,0,0,-379.745605,-1608.97375,-23.6009998,0.962614655,0.270742595,0.00724839885,0.00436929427
868,0,23658da8-233b-4b62-9d1d-336fb653ecb5,StartingBlock,86.8022461,5653.81006,,,F,1,0,0,5,1,0,0,-379.455872,-1621.17908,36.9078789,0.97453618,0.224068865,0.00711519876,0.00467931479
869,0,23658da8-233b-4b62-9d1d-336fb653ecb5,StartingBlock,86.9018555,5653.90967,F,F,,1,0,0,5,1,0,0,-379.146881,-1632.45374,97.8296204,0.974540591,0.224046692,0.00718759559,0.00470417598
870,0,23658da8-233b-4b62-9d1d-336fb653ecb5,StartingBlock,87.0019531,5654.00977,,,F,1,0,0,5,1,0,0,-378.819275,-1642.91382,159.085052,0.992856324,0.118995853,0.00670419214,0.00560779963
871,0,23658da8-233b-4b62-9d1d-336fb653ecb5,StartingBlock,87.1020508,5654.10986,,,,1,0,0,5,1,0,0,-378.477142,-1652.44067,220.563431,0.994094551,0.10815794,0.00671910727,0.00573457778
872,0,23658da8-233b-4b62-9d1d-336fb653ecb5,StartingBlock,87.2021484,5654.20996,F,,,1,0,0,5,1,0,0,-378.122742,-1660.97473,282.235168,0.994088471,0.108205236,0.00679202517,0.005806142
873,0,23658da8-233b-4b62-9d1d-336fb653ecb5,StartingBlock,87.3022461,5654.31006,,F,F,1,0,0,5,1,0,0,-377.756439,-1668.62939,344.059448,0.999954939,0.0031870883,0.00623220112,0.00641739462
874,0,23658da8-233b-4b62-9d1d-336fb653ecb5,StartingBlock,87.4018555,5654.40967,,,,1,0,0,5,1,0,0,-377.381592,-1675.37378,405.885315,0.99959296,-0.0270683561,0.00610012561,0.00664260332
875,0,23658da8-233b-4b62-9d1d-336fb653ecb5,StartingBlock,87.5019531,5654.50977,F,F,,1,0,0,5,1,0,0,-377.000885,-1681.16382,467.641724,0.996349216,-0.0848895162,0.00576910377,0.00698062824
876,0,23658da8-233b-4b62-9d1d-336fb653ecb5,StartingBlock,87.6020508,5654.60986,,,F,1,0,0,5,1,0,0,-376.614868,-1686.14868,529.230164,0.983774722,-0.179176927,0.00517186522,0.00749922264
877,0,23658da8-233b-4b62-9d1d-336fb653ecb5,StartingBlock,87.7021484,5654.70996,,,,1,0,0,5,1,0,0,-376.228699,-1690.19263,590.471741,0.983645976,-0.179881424,0.00524832774,0.00747667393
878,0,23658da8-233b-4b62-9d1d-336fb653ecb5,StartingBlock,87.8022461,5654.81006,F,F,,1,0,0,5,1,0,0,-375.842712,-1693.35376,651.369202,0.971597731,-0.236461639,0.00490329042,0.00773061346
879,0,23658da8-233b-4b62-9d1d-336fb653ecb5,StartingBlock,87.9018555,5654.90967,,,F,1,0,0,5,1,0,0,-375.455627,-1695.84192,711.897888,0.927658558,-0.373317838,0.00380615471,0.0082998937
880,0,23658da8-233b-4b62-9d1d-336fb653ecb5,StartingBlock,88.0019531,5655.00977,,,,1,0,0,5,1,0,0,-375.072479,-1697.61401,771.781738,0.924788117,-0.38037467,0.00384227838,0.00820245966
881,0,23658da8-233b-4b62-9d1d-336fb653ecb5,StartingBlock,88.1020508,5655.10986,F,F,,1,0,0,5,1,0,0,-374.693054,-1698.74475,831.028259,0.887356281,-0.460994899,0.00318641076,0.00850425567
882,0,23658da8-233b-4b62-9d1d-336fb653ecb5,StartingBlock,88.2021484,5655.20996,,,F,1,0,0,5,1,0,0,-374.316223,-1699.42126,889.62439,0.836289942,-0.548212409,0.00245289714,0.00873983186
883,0,23658da8-233b-4b62-9d1d-336fb653ecb5,StartingBlock,88.3022461,5655.31006,F,F,,1,0,0,5,1,0,0,-373.944519,-1699.70984,947.389771,0.793534398,-0.608459115,0.00189728045,0.00878392439
884,0,23658da8-233b-4b62-9d1d-336fb653ecb5,StartingBlock,88.4018555,5655.40967,,,F,1,0,0,5,1,0,0,-373.576416,-1699.76855,1004.34894,0.753902256,-0.656925797,0.00142732495,0.00882969145
885,0,23658da8-233b-4b62-9d1d-336fb653ecb5,StartingBlock,88.5019531,5655.50977,,,,1,0,0,5,1,0,0,-373.21402,-1699.66492,1060.33472,0.753907263,-0.656921804,0.0014165676,0.00869028177
886,0,23658da8-233b-4b62-9d1d-336fb653ecb5,StartingBlock,88.6020508,5655.60986,,,,1,0,0,5,1,0,0,-372.857635,-1699.40686,1115.35364,0.7539047,-0.656925797,0.00152481662,0.00859462284
887,0,23658da8-233b-4b62-9d1d-336fb653ecb5,StartingBlock,88.7021484,5655.70996,,,,1,0,0,5,1,0,0,-372.507874,-1698.99597,1169.40613,0.753979385,-0.65684092,0.00169012055,0.00850349758
888,0,23658da8-233b-4b62-9d1d-336fb653ecb5,StartingBlock,88.8022461,5655.81006,,,,1,0,0,5,1,0,0,-372.165314,-1698.43384,1222.49268,0.753930748,-0.656896114,0.00180746592,0.00852615852
889,0,23658da8-233b-4b62-9d1d-336fb653ecb5,StartingBlock,88.9018555,5655.90967,,,,1,0,0,5,1,0,0,-371.830597,-1697.72205,1274.61475,0.753906906,-0.656922877,0.00203942508,0.00852199271
890,0,23658da8-233b-4b62-9d1d-336fb653ecb5,StartingBlock,89.0019531,5656.00977,,,,1,0,0,5,1,0,0,-371.504425,-1696.86157,1325.77258,0.75390023,-0.656933486,0.00197324622,0.00830323249
891,0,23658da8-233b-4b62-9d1d-336fb653ecb5,StartingBlock,89.1020508,5656.10986,,,,1,0,0,5,1,0,0,-371.18692,-1695.85364,1375.96643,0.753955722,-0.656868219,0.0022295611,0.00836204551
892,0,23658da8-233b-4b62-9d1d-336fb653ecb5,StartingBlock,89.2021484,5656.20996,,,,1,0,0,5,1,0,0,-370.878571,-1694.69946,1425.19751,0.753968537,-0.656854331,0.00224311068,0.0082919756
893,0,23658da8-233b-4b62-9d1d-336fb653ecb5,StartingBlock,89.3022461,5656.31006,,,,1,0,0,5,1,0,0,-370.579773,-1693.39966,1473.46606,0.754078507,-0.656729877,0.00227270904,0.00814096071
894,0,23658da8-233b-4b62-9d1d-336fb653ecb5,StartingBlock,89.4018555,5656.40967,H,H,,1,0,0,5,1,0,0,-370.289917,-1691.95911,1520.82471,0.790784776,-0.612037718,0.00272911345,0.00786297768
895,0,23658da8-233b-4b62-9d1d-336fb653ecb5,StartingBlock,89.5019531,5656.50977,,,H,1,0,0,5,1,0,0,-370.008057,-1690.29285,1567.40186,0.835818172,-0.548943222,0.00348498859,0.00756726786
896,0,23658da8-233b-4b62-9d1d-336fb653ecb5,StartingBlock,89.6020508,5656.60986,,,,1,0,0,5,1,0,0,-369.737457,-1688.2417,1613.07971,0.835870266,-0.548863351,0.00360691128,0.00754660601
897,0,23658da8-233b-4b62-9d1d-336fb653ecb5,StartingBlock,89.7021484,5656.70996,H,H,,1,0,0,5,1,0,0,-369.4776,-1685.81799,1657.91589,0.866238832,-0.499561846,0.00408970844,0.00718738697
898,0,23658da8-233b-4b62-9d1d-336fb653ecb5,StartingBlock,89.8022461,5656.81006,,,H,1,0,0,5,1,0,0,-369.227264,-1682.96655,1702.03308,0.894555807,-0.446883112,0.00449002581,0.00673446804
899,0,23658da8-233b-4b62-9d1d-336fb653ecb5,StartingBlock,89.9018555,5656.90967,,,,1,0,0,5,1,0,0,-368.988617,-1679.53284,1745.36365,0.894526064,-0.446941048,0.00461215433,0.00676037697
900,0,23658da8-233b-4b62-9d1d-336fb653ecb5,StartingBlock,90.0019531,5657.00977,,,,1,0,0,5,1,0,0,-368.761749,-1675.51758,1787.91675,0.894543827,-0.446906358,0.0046570464,0.00667098537
901,0,23658da8-233b-4b62-9d1d-336fb653ecb5,StartingBlock,90.1020508,5657.10986,,,,1,0,0,5,1,0,0,-368.546753,-1670.92151,1829.69348,0.894580007,-0.446836859,0.00464180717,0.00647574198
902,0,23658da8-233b-4b62-9d1d-336fb653ecb5,StartingBlock,90.2021484,5657.20996,,,,1,0,0,5,1,0,0,-368.343597,-1665.745,1870.69409,0.894678831,-0.446638167,0.0047495747,0.00645875325
903,0,23658da8-233b-4b62-9d1d-336fb653ecb5,StartingBlock,90.3022461,5657.31006,H,H,,1,0,0,5,1,0,0,-368.152191,-1659.99207,1910.92419,0.899336159,-0.437183529,0.00493895961,0.00638167839
904,0,23658da8-233b-4b62-9d1d-336fb653ecb5,StartingBlock,90.4018555,5657.40967,,,H,1,0,0,5,1,0,0,-367.970032,-1653.73499,1950.54419,0.948709786,-0.316042155,0.00586005906,0.00572175113
905,0,23658da8-233b-4b62-9d1d-336fb653ecb5,StartingBlock,90.5019531,5657.50977,,,,1,0,0,5,1,0,0,-367.79834,-1646.76233,1989.59155,0.952473104,-0.304509252,0.0060760905,0.00568257971
906,0,23658da8-233b-4b62-9d1d-336fb653ecb5,StartingBlock,90.6020508,5657.60986,,,,1,0,0,5,1,0,0,-367.637573,-1639.00623,2028.07166,0.952468097,-0.304525405,0.00613788981,0.00558107765
907,0,23658da8-233b-4b62-9d1d-336fb653ecb5,StartingBlock,90.7021484,5657.70996,,,,1,0,0,5,1,0,0,-367.487915,-1630.46802,2065.98584,0.952445209,-0.304595411,0.00619856315,0.00559411943
908,0,23658da8-233b-4b62-9d1d-336fb653ecb5,StartingBlock,90.8022461,5657.81006,,,,1,0,0,5,1,0,0,-367.349396,-1621.15283,2103.33765,0.952447891,-0.304579735,0.00637664972,0.00579184433
909,0,23658da8-233b-4b62-9d1d-336fb653ecb5,StartingBlock,90.9018555,5657.90967,,,,1,0,0,5,1,0,0,-367.222443,-1611.06128,2140.1272,0.952460766,-0.304537535,0.0064740302,0.00578711322
910,0,23658da8-233b-4b62-9d1d-336fb653ecb5,StartingBlock,91.0019531,5658.00977,,,,1,0,0,5,1,0,0,-367.107269,-1600.19409,2176.35571,0.952464402,-0.304523259,0.00659070583,0.00581726711
911,0,23658da8-233b-4b62-9d1d-336fb653ecb5,StartingBlock,91.1020508,5658.10986,,,,1,0,0,5,1,0,0,-367.004028,-1588.5509,2212.02271,0.952459097,-0.304537058,0.00676340098,0.00575788785
912,0,23658da8-233b-4b62-9d1d-336fb653ecb5,StartingBlock,91.2021484,5658.20996,,,,1,0,0,5,1,0,0,-366.912872,-1576.13147,2247.12769,0.952441692,-0.304586172,0.00692995638,0.00583875971
913,0,23658da8-233b-4b62-9d1d-336fb653ecb5,StartingBlock,91.3022461,5658.31006,,,,1,0,0,5,1,0,0,-366.834045,-1562.93665,2281.67163,0.952415287,-0.304667354,0.00699076662,0.0058440594
914,0,23658da8-233b-4b62-9d1d-336fb653ecb5,StartingBlock,91.4018555,5658.40967,,,,1,0,0,5,1,0,0,-366.767578,-1548.96338,2315.65234,0.952371359,-0.304805458,0.00705192983,0.00571922585
915,0,23658da8-233b-4b62-9d1d-336fb653ecb5,StartingBlock,91.5019531,5658.50977,,,,1,0,0,5,1,0,0,-366.713379,-1534.21484,2349.07153,0.952388704,-0.304754943,0.00708751148,0.00547339255
916,0,23658da8-233b-4b62-9d1d-336fb653ecb5,StartingBlock,91.6020508,5658.60986,F,F,,1,0,0,5,1,0,0,-366.67099,-1518.71069,2381.94214,0.942406595,-0.33434689,0.00700375438,0.00574024813
917,0,23658da8-233b-4b62-9d1d-336fb653ecb5,StartingBlock,91.7021484,5658.70996,,,F,1,0,0,5,1,0,0,-366.639404,-1502.59644,2414.28345,0.910230517,-0.41400066,0.00658538565,0.00636565406
918,0,23658da8-233b-4b62-9d1d-336fb653ecb5,StartingBlock,91.8022461,5658.81006,,,,1,0,0,5,1,0,0,-366.622253,-1485.84546,2445.90381,0.910065353,-0.414358914,0.0067802323,0.00646256423
919,0,23658da8-233b-4b62-9d1d-336fb653ecb5,StartingBlock,91.9018555,5658.90967,,,,1,0,0,5,1,0,0,-366.619629,-1468.46936,2476.79956,0.909995079,-0.414515197,0.00679961964,0.00632019993
920,0,23658da8-233b-4b62-9d1d-336fb653ecb5,StartingBlock,92.0019531,5659.00977,F,F,,1,0,0,5,1,0,0,-366.631195,-1450.48425,2506.9873,0.896600664,-0.442747802,0.00657212408,0.0062031378
921,0,23658da8-233b-4b62-9d1d-336fb653ecb5,StartingBlock,92.1020508,5659.10986,,,F,1,0,0,5,1,0,0,-366.655273,-1432.01257,2536.50488,0.863994062,-0.503422081,0.00612202054,0.00655848905
922,0,23658da8-233b-4b62-9d1d-336fb653ecb5,StartingBlock,92.2021484,5659.20996,,,,1,0,0,5,1,0,0,-366.694122,-1413.06042,2565.1853,0.86408937,-0.503263593,0.00604212098,0.00623305049
923,0,23658da8-233b-4b62-9d1d-336fb653ecb5,StartingBlock,92.3022461,5659.31006,,,,1,0,0,5,1,0,0,-366.747467,-1393.63525,2593.0271,0.864115834,-0.503219306,0.00607579155,0.00610420946
924,0,23658da8-233b-4b62-9d1d-336fb653ecb5,StartingBlock,92.4018555,5659.40967,,,,1,0,0,5,1,0,0,-366.815002,-1373.73877,2620.03369,0.864140749,-0.503178775,0.00602893764,0.00596087007
925,0,23658da8-233b-4b62-9d1d-336fb653ecb5,StartingBlock,92.5019531,5659.50977,,,,1,0,0,5,1,0,0,-366.896698,-1353.37122,2646.20483,0.864059925,-0.503313661,0.00621249946,0.00611350872
926,0,23658da8-233b-4b62-9d1d-336fb653ecb5,StartingBlock,92.6020508,5659.60986,,,,1,0,0,5,1,0,0,-366.992889,-1332.53235,2671.54004,0.864066541,-0.503296316,0.00643268367,0.00636246474
927,0,23658da8-233b-4b62-9d1d-336fb653ecb5,StartingBlock,92.7021484,5659.70996,,,,1,0,0,5,1,0,0,-367.103943,-1311.22302,2696.04102,0.864025891,-0.503368437,0.00644408725,0.00616327301
928,0,23658da8-233b-4b62-9d1d-336fb653ecb5,StartingBlock,92.8022461,5659.81006,,,,1,0,0,5,1,0,0,-367.229706,-1289.44312,2719.70703,0.864128411,-0.503191233,0.00652816473,0.00617162883
929,0,23658da8-233b-4b62-9d1d-336fb653ecb5,StartingBlock,92.9018555,5659.90967,,,,1,0,0,5,1,0,0,-367.370361,-1267.19373,2742.53979,0.864092112,-0.503255427,0.00654364564,0.00600491138
930,0,23658da8-233b-4b62-9d1d-336fb653ecb5,StartingBlock,93.0019531,5660.00977,,,,1,0,0,5,1,0,0,-367.526001,-1244.47302,2764.53687,0.864061058,-0.503309786,0.00655095279,0.00590838399
931,0,23658da8-233b-4b62-9d1d-336fb653ecb5,StartingBlock,93.1020508,5660.10986,,,,1,0,0,5,1,0,0,-367.696381,-1221.28235,2785.69922,0.863976061,-0.503454804,0.00664300658,0.00587962102
932,0,23658da8-233b-4b62-9d1d-336fb653ecb5,StartingBlock,93.2021484,5660.20996,,,,1,0,0,5,1,0,0,-367.881348,-1197.62085,2806.02515,0.863941789,-0.503511667,0.00677281711,0.00590209942
933,0,23658da8-233b-4b62-9d1d-336fb653ecb5,StartingBlock,93.3022461,5660.31006,F,F,,1,0,0,5,1,0,0,-368.080597,-1173.50208,2825.53613,0.847812951,-0.530217707,0.00669486821,0.00612498308
934,0,23658da8-233b-4b62-9d1d-336fb653ecb5,StartingBlock,93.4018555,5660.40967,,,F,1,0,0,5,1,0,0,-368.292389,-1149.05151,2844.31396,0.799215376,-0.600977898,0.00614328589,0.00652807998
935,0,23658da8-233b-4b62-9d1d-336fb653ecb5,StartingBlock,93.5019531,5660.50977,,,,1,0,0,5,1,0,0,-368.519745,-1124.32495,2862.17139,0.799008727,-0.601255417,0.00605188683,0.00636064447
936,0,23658da8-233b-4b62-9d1d-336fb653ecb5,StartingBlock,93.6020508,5660.60986,,,,1,0,0,5,1,0,0,-368.762329,-1099.3335,2879.10645,0.798925102,-0.601372659,0.00584420562,0.00596045656
937,0,23658da8-233b-4b62-9d1d-336fb653ecb5,StartingBlock,93.7021484,5660.70996,,,,1,0,0,5,1,0,0,-369.019623,-1074.07837,2895.12256,0.798872352,-0.601441562,0.00592252845,0.00599599304
938,0,23658da8-233b-4b62-9d1d-336fb653ecb5,StartingBlock,93.8022461,5660.81006,,,,1,0,0,5,1,0,0,-369.291565,-1048.55884,2910.21509,0.798916042,-0.601383448,0.00601156196,0.00590829737
939,0,23658da8-233b-4b62-9d1d-336fb653ecb5,StartingBlock,93.9018555,5660.90967,,,,1,0,0,5,1,0,0,-369.578033,-1022.7749,2924.38525,0.799120963,-0.601112545,0.00604945328,0.00573742017
940,0,23658da8-233b-4b62-9d1d-336fb653ecb5,StartingBlock,94.0019531,5661.00977,,,,1,0,0,5,1,0,0,-369.878876,-996.725952,2937.63184,0.799185753,-0.601026535,0.00607157685,0.00568985566
941,0,23658da8-233b-4b62-9d1d-336fb653ecb5,StartingBlock,94.1020508,5661.10986,,,,1,0,0,5,1,0,0,-370.194122,-970.411194,2949.95288,0.799293876,-0.600881338,0.00619757175,0.00570057752
942,0,23658da8-233b-4b62-9d1d-336fb653ecb5,StartingBlock,94.2021484,5661.20996,,,,1,0,0,5,1,0,0,-370.523804,-943.831421,2961.35132,0.799046099,-0.60121119,0.00623868825,0.00562211871
943,0,23658da8-233b-4b62-9d1d-336fb653ecb5,StartingBlock,94.3022461,5661.31006,,,,1,0,0,5,1,0,0,-370.86792,-916.987,2971.8269,0.79901284,-0.601256728,0.0062407786,0.00546924444
944,0,23658da8-233b-4b62-9d1d-336fb653ecb5,StartingBlock,94.4018555,5661.40967,,,,1,0,0,5,1,0,0,-371.22641,-889.878479,2981.38184,0.799157679,-0.601065814,0.00621283846,0.00532450061
945,0,23658da8-233b-4b62-9d1d-336fb653ecb5,StartingBlock,94.5019531,5661.50977,,,,1,0,0,5,1,0,0,-371.598969,-862.505615,2990.01538,0.799166918,-0.601056993,0.00609672628,0.00506825373
946,0,23658da8-233b-4b62-9d1d-336fb653ecb5,StartingBlock,94.6020508,5661.60986,F,F,,1,0,0,5,1,0,0,-371.984772,-834.875793,2997.75122,0.779955029,-0.625788093,0.00584127242,0.00503137801
947,0,23658da8-233b-4b62-9d1d-336fb653ecb5,StartingBlock,94.7021484,5661.70996,,,F,1,0,0,5,1,0,0,-372.381439,-807.0979,3004.71509,0.711620331,-0.702522159,0.00534490682,0.00552644907
948,0,23658da8-233b-4b62-9d1d-336fb653ecb5,StartingBlock,94.8022461,5661.81006,,,,1,0,0,5,1,0,0,-372.791626,-779.29248,3010.72656,0.710538328,-0.703615546,0.00545742363,0.00554818753
949,0,23658da8-233b-4b62-9d1d-336fb653ecb5,StartingBlock,94.9018555,5661.90967,,,,1,0,0,5,1,0,0,-373.215698,-751.477234,3015.77612,0.710522234,-0.703629673,0.0056405561,0.00562898302
950,0,23658da8-233b-4b62-9d1d-336fb653ecb5,StartingBlock,95.0019531,5662.00977,F,F,,1,0,0,5,1,0,0,-373.652771,-723.656006,3019.91772,0.66840446,-0.743757904,0.00519395154,0.00571869221
951,0,23658da8-233b-4b62-9d1d-336fb653ecb5,StartingBlock,95.1020508,5662.10986,,,F,1,0,0,5,1,0,0,-374.100525,-695.933228,3023.2854,0.594549119,-0.804019809,0.00484710978,0.00633655302
952,0,23658da8-233b-4b62-9d1d-336fb653ecb5,StartingBlock,95.2021484,5662.20996,,,,1,0,0,5,1,0,0,-374.561584,-668.477661,3025.73022,0.59386003,-0.804525614,0.00513228029,0.00651750667
953,0,23658da8-233b-4b62-9d1d-336fb653ecb5,StartingBlock,95.3022461,5662.31006,,,,1,0,0,5,1,0,0,-375.03656,-641.30249,3027.25562,0.593907535,-0.804491401,0.00512184342,0.00642880611
954,0,23658da8-233b-4b62-9d1d-336fb653ecb5,StartingBlock,95.4018555,5662.40967,,,,1,0,0,5,1,0,0,-375.525482,-614.407776,3027.86108,0.594115794,-0.804338694,0.00506478362,0.00633123284
955,0,23658da8-233b-4b62-9d1d-336fb653ecb5,StartingBlock,95.5019531,5662.50977,,,,1,0,0,5,1,0,0,-376.028351,-587.793091,3027.54761,0.593852282,-0.804529846,0.00536930608,0.00650462927
956,0,23658da8-233b-4b62-9d1d-336fb653ecb5,StartingBlock,95.6020508,5662.60986,,,,1,0,0,5,1,0,0,-376.545593,-561.458557,3026.31567,0.593801796,-0.804562747,0.00573302805,0.00673218677
957,0,23658da8-233b-4b62-9d1d-336fb653ecb5,StartingBlock,95.7021484,5662.70996,,,,1,0,0,5,1,0,0,-377.077942,-535.404602,3024.16455,0.593592882,-0.804716051,0.0058415751,0.00674701435
958,0,23658da8-233b-4b62-9d1d-336fb653ecb5,StartingBlock,95.8022461,5662.81006,,,,1,0,0,5,1,0,0,-377.62558,-509.631348,3021.09546,0.593713343,-0.804630637,0.00564144924,0.00650089746
959,0,23658da8-233b-4b62-9d1d-336fb653ecb5,StartingBlock,95.9018555,5662.90967,,,,1,0,0,5,1,0,0,-378.188171,-484.138794,3017.10791,0.593791962,-0.804574013,0.00557581941,0.0063807331
960,0,23658da8-233b-4b62-9d1d-336fb653ecb5,StartingBlock,96.0019531,5663.00977,,,,1,0,0,5,1,0,0,-378.765717,-458.927032,3012.20142,0.593584895,-0.804724693,0.00576762157,0.00648015924
961,0,23658da8-233b-4b62-9d1d-336fb653ecb5,StartingBlock,96.1020508,5663.10986,,,,1,0,0,5,1,0,0,-379.358551,-433.996307,3006.37622,0.593517005,-0.804776132,0.00570598245,0.00636460306
962,0,23658da8-233b-4b62-9d1d-336fb653ecb5,StartingBlock,96.2021484,5663.20996,,,,1,0,0,5,1,0,0,-379.96637,-409.34613,2999.6355,0.593566775,-0.804740429,0.00569261471,0.00624262821
963,0,23658da8-233b-4b62-9d1d-336fb653ecb5,StartingBlock,96.3022461,5663.31006,,,,1,0,0,5,1,0,0,-380.58905,-384.976013,2991.98047,0.593666852,-0.804663777,0.00594617613,0.00637279218
964,0,23658da8-233b-4b62-9d1d-336fb653ecb5,StartingBlock,96.4018555,5663.40967,,,,1,0,0,5,1,0,0,-381.227051,-360.887482,2983.40601,0.593423307,-0.804841876,0.00607501389,0.00643930864
965,0,23658da8-233b-4b62-9d1d-336fb653ecb5,StartingBlock,96.5019531,5663.50977,,,,1,0,0,5,1,0,0,-381.880493,-337.081085,2973.91211,0.593453884,-0.804821074,0.00598998694,0.00629787333
966,0,23658da8-233b-4b62-9d1d-336fb653ecb5,StartingBlock,96.6020508,5663.60986,,,,1,0,0,5,1,0,0,-382.549225,-313.556793,2963.49927,0.593384087,-0.804872394,0.00605281722,0.00625432469
967,0,23658da8-233b-4b62-9d1d-336fb653ecb5,StartingBlock,96.7021484,5663.70996,,,,1,0,0,5,1,0,0,-383.233276,-290.314514,2952.16821,0.593339324,-0.804906249,0.00602999423,0.00616677525
968,0,23658da8-233b-4b62-9d1d-336fb653ecb5,StartingBlock,96.8022461,5663.81006,,,,1,0,0,5,1,0,0,-383.932587,-267.354462,2939.91846,0.593241513,-0.804978371,0.00609588064,0.00610143924
969,0,23658da8-233b-4b62-9d1d-336fb653ecb5,StartingBlock,96.9018555,5663.90967,,,,1,0,0,5,1,0,0,-384.647308,-244.6772,2926.74927,0.593191147,-0.805010796,0.00644838018,0.00634924928
970,0,23658da8-233b-4b62-9d1d-336fb653ecb5,StartingBlock,97.0019531,5664.00977,,,,1,0,0,5,1,0,0,-385.378235,-222.282654,2912.66113,0.593226016,-0.804982007,0.00672148867,0.00646379264
971,0,23658da8-233b-4b62-9d1d-336fb653ecb5,StartingBlock,97.1020508,5664.10986,,,,1,0,0,5,1,0,0,-386.126007,-200.170853,2897.65405,0.593243897,-0.804964364,0.00704110973,0.00667223427
972,0,23658da8-233b-4b62-9d1d-336fb653ecb5,StartingBlock,97.2021484,5664.20996,,,,1,0,0,5,1,0,0,-386.891174,-178.341919,2881.72754,0.593358755,-0.804880083,0.00705530215,0.00661651138
973,0,23658da8-233b-4b62-9d1d-336fb653ecb5,StartingBlock,97.3022461,5664.31006,,,,1,0,0,5,1,0,0,-387.673767,-156.796112,2864.88159,0.592859745,-0.805247724,0.00709366053,0.00657392386
974,0,23658da8-233b-4b62-9d1d-336fb653ecb5,StartingBlock,97.4018555,5664.40967,,,,1,0,0,5,1,0,0,-388.473694,-135.533722,2847.11694,0.592940032,-0.80518949,0.00706490967,0.00649023755
975,0,23658da8-233b-4b62-9d1d-336fb653ecb5,StartingBlock,97.5019531,5664.50977,,,,1,0,0,5,1,0,0,-389.290802,-114.555038,2828.43359,0.592718959,-0.805351138,0.00717270095,0.00651913369
976,0,23658da8-233b-4b62-9d1d-336fb653ecb5,StartingBlock,97.6020508,5664.60986,,,,1,0,0,5,1,0,0,-390.125366,-93.8606873,2808.83081,0.592705727,-0.805361927,0.00712765707,0.00642742123
977,0,23658da8-233b-4b62-9d1d-336fb653ecb5,StartingBlock,97.7021484,5664.70996,,,,1,0,0,5,1,0,0,-390.977295,-73.4512939,2788.30811,0.592574,-0.805456519,0.00731247338,0.00651661772
978,0,23658da8-233b-4b62-9d1d-336fb653ecb5,StartingBlock,97.8022461,5664.81006,,F,F,1,0,0,5,1,0,0,-391.846588,-53.3244667,2766.87769,0.585510373,-0.810606956,0.00722302822,0.00646987557
979,0,23658da8-233b-4b62-9d1d-336fb653ecb5,StartingBlock,97.9018555,5664.90967,,,,1,0,0,5,1,0,0,-392.733063,-33.4922256,2744.54126,0.585312128,-0.81075114,0.00717552798,0.00638912059
980,0,23658da8-233b-4b62-9d1d-336fb653ecb5,StartingBlock,98.0019531,5665.00977,,,,1,0,0,5,1,0,0,-393.636871,-13.9615784,2721.29077,0.585115075,-0.810895383,0.00709490897,0.00622246554
981,0,23658da8-233b-4b62-9d1d-336fb653ecb5,StartingBlock,98.1020508,5665.10986,,,,1,0,0,5,1,0,0,-394.557617,5.26908207,2697.13184,0.585135758,-0.810881674,0.00702952873,0.00613813149
982,0,23658da8-233b-4b62-9d1d-336fb653ecb5,StartingBlock,98.2021484,5665.20996,,,,1,0,0,5,1,0,0,-395.495239,24.1964417,2672.05518,0.584989965,-0.810983121,0.0073278374,0.00628268113
983,0,23658da8-233b-4b62-9d1d-336fb653ecb5,StartingBlock,98.3022461,5665.31006,,,,1,0,0,5,1,0,0,-396.449921,42.8215523,2646.06421,0.585300028,-0.810760677,0.00726669747,0.00618032739
984,0,23658da8-233b-4b62-9d1d-336fb653ecb5,StartingBlock,98.4018555,5665.40967,,,,1,0,0,5,1,0,0,-397.421539,61.1452293,2619.15991,0.585413575,-0.810680032,0.00722953351,0.00605651736
985,0,23658da8-233b-4b62-9d1d-336fb653ecb5,StartingBlock,98.5019531,5665.50977,,F,F,1,0,0,5,1,0,0,-398.408356,79.1877975,2591.43188,0.511056006,-0.859496176,0.00663250964,0.00664365012
986,0,23658da8-233b-4b62-9d1d-336fb653ecb5,StartingBlock,98.6020508,5665.60986,,,,1,0,0,5,1,0,0,-399.40976,96.8289795,2562.93335,0.486180753,-0.873809159,0.0063746823,0.00672504585
987,0,23658da8-233b-4b62-9d1d-336fb653ecb5,StartingBlock,98.7021484,5665.70996,,,,1,0,0,5,1,0,0,-400.427032,113.965057,2533.61133,0.486074954,-0.873867989,0.00646024989,0.00665364834
988,0,23658da8-233b-4b62-9d1d-336fb653ecb5,StartingBlock,98.8022461,5665.81006,,,,1,0,0,5,1,0,0,-401.4599,130.59668,2503.47046,0.485926867,-0.87395364,0.00620927615,0.00644463487
989,0,23658da8-233b-4b62-9d1d-336fb653ecb5,StartingBlock,98.9018555,5665.90967,,,,1,0,0,5,1,0,0,-402.507843,146.723282,2472.51025,0.48613885,-0.873833239,0.00646046363,0.0065472126
990,0,23658da8-233b-4b62-9d1d-336fb653ecb5,StartingBlock,99.0019531,5666.00977,,,,1,0,0,5,1,0,0,-403.571045,162.344788,2440.72998,0.486294717,-0.873748422,0.00640303409,0.00633947831
991,0,23658da8-233b-4b62-9d1d-336fb653ecb5,StartingBlock,99.1020508,5666.10986,,,,1,0,0,5,1,0,0,-404.649231,177.461792,2408.13013,0.485981315,-0.873924613,0.00627000071,0.00621708669
992,0,23658da8-233b-4b62-9d1d-336fb653ecb5,StartingBlock,99.2021484,5666.20996,,,,1,0,0,5,1,0,0,-405.742065,192.073563,2374.71069,0.486317068,-0.873737633,0.00633746153,0.00617765775
993,0,23658da8-233b-4b62-9d1d-336fb653ecb5,StartingBlock,99.3022461,5666.31006,F,F,,1,0,0,5,1,0,0,-406.849091,206.181168,2340.47314,0.482649326,-0.875769079,0.00634485902,0.00614808314
994,0,23658da8-233b-4b62-9d1d-336fb653ecb5,StartingBlock,99.4018555,5666.40967,,,F,1,0,0,5,1,0,0,-407.968018,219.819031,2305.53223,0.41309604,-0.910645247,0.00586683024,0.00651518488
995,0,23658da8-233b-4b62-9d1d-336fb653ecb5,StartingBlock,99.5019531,5666.50977,,,,1,0,0,5,1,0,0,-409.099823,232.843811,2269.86523,0.412319481,-0.91099745,0.00588558149,0.00645458745
996,0,23658da8-233b-4b62-9d1d-336fb653ecb5,StartingBlock,99.6020508,5666.60986,,,,1,0,0,5,1,0,0,-410.244659,245.23642,2233.47119,0.412715584,-0.910813689,0.00632213894,0.0066481391
997,0,23658da8-233b-4b62-9d1d-336fb653ecb5,StartingBlock,99.7021484,5666.70996,,,,1,0,0,5,1,0,0,-411.403015,256.997833,2196.35034,0.412677318,-0.910833061,0.00619713962,0.00650501018
998,0,23658da8-233b-4b62-9d1d-336fb653ecb5,StartingBlock,99.8022461,5666.81006,,,,1,0,0,5,1,0,0,-412.574646,268.129089,2158.50342,0.412841856,-0.910761714,0.00592068397,0.00629837438
999,0,23658da8-233b-4b62-9d1d-336fb653ecb5,StartingBlock,99.9018555,5666.90967,,,,1,0,0,5,1,0,0,-413.758972,278.628326,2119.92847,0.412584066,-0.910879731,0.00586374104,0.00616877992
1000,0,23658da8-233b-4b62-9d1d-336fb653ecb5,StartingBlock,100.001953,5667.00977,,,,1,0,0,5,1,0,0,-414.955627,288.497162,2080.62744,0.412480623,-0.91092664,0.00590621214,0.00613279128
1001,0,23658da8-233b-4b62-9d1d-336fb653ecb5,StartingBlock,100.102051,5667.10986,,,,1,0,0,5,1,0,0,-416.164398,297.733215,2040.59839,0.412387788,-0.910968482,0.00593243446,0.00613620365
1002,0,23658da8-233b-4b62-9d1d-336fb653ecb5,StartingBlock,100.202148,5667.20996,,,,1,0,0,5,1,0,0,-417.385071,306.336548,1999.84143,0.41234982,-0.910986364,0.00590829924,0.00604704907
1003,0,23658da8-233b-4b62-9d1d-336fb653ecb5,StartingBlock,100.302246,5667.31006,,,,1,0,0,5,1,0,0,-418.617523,314.304199,1958.35339,0.412388891,-0.910968363,0.00598007301,0.00602617068
1004,0,23658da8-233b-4b62-9d1d-336fb653ecb5,StartingBlock,100.401855,5667.40967,,,,1,0,0,5,1,0,0,-419.861603,321.635376,1916.13293,0.412437201,-0.910946727,0.00602005422,0.00595666468
1005,0,23658da8-233b-4b62-9d1d-336fb653ecb5,StartingBlock,100.501953,5667.50977,,,,1,0,0,5,1,0,0,-421.117218,328.329742,1873.18005,0.412357807,-0.91098243,0.00609142473,0.00591275236
1006,0,23658da8-233b-4b62-9d1d-336fb653ecb5,StartingBlock,100.602051,5667.60986,,,,1,0,0,5,1,0,0,-422.384216,334.387024,1829.49463,0.412373841,-0.910975456,0.00614151265,0.00581226032
1007,0,23658da8-233b-4b62-9d1d-336fb653ecb5,StartingBlock,100.702148,5667.70996,,,,1,0,0,5,1,0,0,-423.662506,339.807068,1785.07617,0.412442744,-0.910945177,0.006103653,0.00571292127
1008,0,23658da8-233b-4b62-9d1d-336fb653ecb5,StartingBlock,100.802246,5667.81006,,,,1,0,0,5,1,0,0,-424.951721,344.589417,1739.92456,0.412382275,-0.910972595,0.00616572984,0.00563533325
1009,0,23658da8-233b-4b62-9d1d-336fb653ecb5,StartingBlock,100.901855,5667.90967,,,,1,0,0,5,1,0,0,-426.251526,348.734253,1694.04004,0.412446737,-0.910942554,0.00633345544,0.00559153687
1010,0,23658da8-233b-4b62-9d1d-336fb653ecb5,StartingBlock,101.001953,5668.00977,,,,1,0,0,5,1,0,0,-427.561951,352.240295,1647.42114,0.41237399,-0.910975397,0.00639369152,0.00553578418
1011,0,23658da8-233b-4b62-9d1d-336fb653ecb5,StartingBlock,101.102051,5668.10986,,,,1,0,0,5,1,0,0,-428.882935,355.106659,1600.06738,0.412341297,-0.910988927,0.00654735975,0.00556671014
1012,0,23658da8-233b-4b62-9d1d-336fb653ecb5,StartingBlock,101.202148,5668.20996,,,,1,0,0,5,1,0,0,-430.214294,357.332794,1551.97839,0.412390649,-0.91096741,0.0065435362,0.0054379683
1013,0,23658da8-233b-4b62-9d1d-336fb653ecb5,StartingBlock,101.302246,5668.31006,,,,1,0,0,5,1,0,0,-431.555603,358.917969,1503.15332,0.412362933,-0.910980165,0.00656049652,0.00538013596
1014,0,23658da8-233b-4b62-9d1d-336fb653ecb5,StartingBlock,101.401855,5668.40967,,,,1,0,0,5,1,0,0,-432.906464,359.861176,1453.59155,0.41226083,-0.911027133,0.00653224625,0.00529292924
1015,0,23658da8-233b-4b62-9d1d-336fb653ecb5,StartingBlock,101.501953,5668.50977,,,,1,0,0,5,1,0,0,-434.266479,360.161102,1403.29236,0.412162453,-0.91107142,0.00658350298,0.00526710832
1016,0,23658da8-233b-4b62-9d1d-336fb653ecb5,StartingBlock,101.602051,5668.60986,H,H,,1,0,0,5,1,0,0,-435.634918,359.821564,1352.2605,0.421987802,-0.90656358,0.00655341381,0.00508323684
1017,0,23658da8-233b-4b62-9d1d-336fb653ecb5,StartingBlock,101.702148,5668.70996,,,H,1,0,0,5,1,0,0,-437.009552,358.94754,1300.55359,0.486018538,-0.873909652,0.00689563202,0.0045197471
1018,0,23658da8-233b-4b62-9d1d-336fb653ecb5,StartingBlock,101.802246,5668.81006,,,,1,0,0,5,1,0,0,-438.391724,357.548401,1248.02332,0.486439139,-0.873676062,0.00690142019,0.0044288584
1019,0,23658da8-233b-4b62-9d1d-336fb653ecb5,StartingBlock,101.901855,5668.90967,F,F,,1,0,0,5,1,0,0,-439.780792,355.629913,1194.66101,0.482967257,-0.875599802,0.00694664521,0.00440673809
1020,0,23658da8-233b-4b62-9d1d-336fb653ecb5,StartingBlock,102.001953,5669.00977,F,,,1,0,0,5,1,0,0,-441.173431,353.254242,1140.61975,0.359593421,-0.933073759,0.00627986062,0.00516109727
1021,0,23658da8-233b-4b62-9d1d-336fb653ecb5,StartingBlock,102.102051,5669.10986,,,F,1,0,0,5,1,0,0,-442.567841,350.278656,1086.04175,0.276131213,-0.961085916,0.00580091495,0.00563139375
1022,0,23658da8-233b-4b62-9d1d-336fb653ecb5,StartingBlock,102.202148,5669.20996,F,F,,1,0,0,5,1,0,0,-443.963989,346.530762,1030.96326,0.205146804,-0.978697598,0.00545474002,0.00601975387
1023,0,23658da8-233b-4b62-9d1d-336fb653ecb5,StartingBlock,102.302246,5669.31006,,,F,1,0,0,5,1,0,0,-445.357758,342.071564,975.574585,0.0907568038,-0.995840847,0.00474796072,0.00646193558
1024,0,23658da8-233b-4b62-9d1d-336fb653ecb5,StartingBlock,102.401855,5669.40967,,,,1,0,0,5,1,0,0,-446.748657,336.657959,919.97113,0.0888151005,-0.996016681,0.00472597498,0.00635954645
1025,0,23658da8-233b-4b62-9d1d-336fb653ecb5,StartingBlock,102.501953,5669.50977,F,F,,1,0,0,5,1,0,0,-448.134888,330.313232,864.178223,0.0448613539,-0.998962402,0.00445181411,0.00646213582
1026,0,23658da8-233b-4b62-9d1d-336fb653ecb5,StartingBlock,102.602051,5669.60986,,,F,1,0,0,5,1,0,0,-449.512207,323.203674,808.307068,-0.0943075567,-0.995513141,0.00350713101,0.00688016275
1027,0,23658da8-233b-4b62-9d1d-336fb653ecb5,StartingBlock,102.702148,5669.70996,F,F,,1,0,0,5,1,0,0,-450.877899,315.153961,752.555969,-0.105672002,-0.994372189,0.00338946399,0.00678657135
1028,0,23658da8-233b-4b62-9d1d-336fb653ecb5,StartingBlock,102.802246,5669.81006,,,F,1,0,0,5,1,0,0,-452.228729,306.269592,696.970093,-0.197728842,-0.980228484,0.00269233645,0.00694954908
1029,0,23658da8-233b-4b62-9d1d-336fb653ecb5,StartingBlock,102.901855,5669.90967,F,F,,1,0,0,5,1,0,0,-453.561493,296.492615,641.693359,-0.220093697,-0.975451052,0.0025140869,0.00690335035
1030,0,23658da8-233b-4b62-9d1d-336fb653ecb5,StartingBlock,103.001953,5670.00977,,,F,1,0,0,5,1,0,0,-454.87262,285.987518,586.733826,-0.341715485,-0.939775884,0.00159510749,0.00701730605
1031,0,23658da8-233b-4b62-9d1d-336fb653ecb5,StartingBlock,103.102051,5670.10986,F,F,,1,0,0,5,1,0,0,-456.157318,274.727661,532.306702,-0.36698243,-0.930200994,0.00133747119,0.00694506848
1032,0,23658da8-233b-4b62-9d1d-336fb653ecb5,StartingBlock,103.202148,5670.20996,F,,,1,0,0,5,1,0,0,-457.412384,262.88266,478.369659,-0.507140636,-0.861835063,0.000115208051,0.00697093597
1033,0,23658da8-233b-4b62-9d1d-336fb653ecb5,StartingBlock,103.302246,5670.31006,,,F,1,0,0,5,1,0,0,-458.631653,250.615875,425.087769,-0.582543671,-0.812770307,-0.000606252346,0.00685312739
1034,0,23658da8-233b-4b62-9d1d-336fb653ecb5,StartingBlock,103.401855,5670.40967,,,,1,0,0,5,1,0,0,-459.808655,237.9776,372.710541,-0.582768917,-0.812609434,-0.000693199225,0.00677273609
1035,0,23658da8-233b-4b62-9d1d-336fb653ecb5,StartingBlock,103.501953,5670.50977,,,,1,0,0,5,1,0,0,-460.939789,224.98024,321.257294,-0.58278662,-0.812597513,-0.000761083211,0.00667216117
1036,0,23658da8-233b-4b62-9d1d-336fb653ecb5,StartingBlock,103.602051,5670.60986,,,,1,0,0,5,1,0,0,-462.021545,211.624985,270.74942,-0.582787097,-0.812597752,-0.000839198125,0.00659002969
1037,0,23658da8-233b-4b62-9d1d-336fb653ecb5,StartingBlock,103.702148,5670.70996,,,,1,0,0,5,1,0,0,-463.05014,197.913177,221.207642,-0.582812071,-0.812580585,-0.000889260671,0.00649196515
1038,0,23658da8-233b-4b62-9d1d-336fb653ecb5,StartingBlock,103.802246,5670.81006,F,F,,1,0,0,5,1,0,0,-464.022339,183.860123,172.616501,-0.618027508,-0.786130011,-0.00125271874,0.00633147312
1039,0,23658da8-233b-4b62-9d1d-336fb653ecb5,StartingBlock,103.901855,5670.90967,F,,,1,0,0,5,1,0,0,-464.935791,169.603348,124.823372,-0.741380095,-0.671054542,-0.0024299561,0.00596058602
1040,0,23658da8-233b-4b62-9d1d-336fb653ecb5,StartingBlock,104.001953,5671.00977,,,F,1,0,0,5,1,0,0,-465.784698,155.383881,77.9156723,-0.799380302,-0.600790441,-0.00310250674,0.00568587799
1041,0,23658da8-233b-4b62-9d1d-336fb653ecb5,StartingBlock,104.102051,5671.10986,,,,1,0,0,5,1,0,0,-466.562958,141.376205,32.0691261,-0.799556792,-0.600555658,-0.00319549628,0.00562479068
1042,0,23658da8-233b-4b62-9d1d-336fb653ecb5,StartingBlock,104.202148,5671.20996,,,,1,0,0,5,1,0,0,-467.267822,127.58876,-12.7109451,-0.799556494,-0.600556314,-0.00329687726,0.00553891202
1043,0,23658da8-233b-4b62-9d1d-336fb653ecb5,StartingBlock,104.302246,5671.31006,,,,1,0,0,5,1,0,0,-467.89682,114.021881,-56.4124489,-0.799549937,-0.600565195,-0.00339754438,0.00547332643
1044,0,23658da8-233b-4b62-9d1d-336fb653ecb5,StartingBlock,104.401855,5671.40967,,,,1,0,0,5,1,0,0,-468.448059,100.675949,-99.0253906,-0.79954654,-0.600569725,-0.0034917153,0.00540413335
1045,0,23658da8-233b-4b62-9d1d-336fb653ecb5,StartingBlock,104.501953,5671.50977,,,,1,0,0,5,1,0,0,-468.920166,87.5513992,-140.542114,-0.799546301,-0.600569904,-0.00359175587,0.00534680998
1046,0,23658da8-233b-4b62-9d1d-336fb653ecb5,StartingBlock,104.602051,5671.60986,,,,1,0,0,5,1,0,0,-469.312195,74.6487961,-180.957169,-0.799537599,-0.600581408,-0.00369477435,0.00529345078
1047,0,23658da8-233b-4b62-9d1d-336fb653ecb5,StartingBlock,104.702148,5671.70996,,,,1,0,0,5,1,0,0,-469.623779,61.968853,-220.266953,-0.799540818,-0.600577235,-0.00379915116,0.005209486
1048,0,23658da8-233b-4b62-9d1d-336fb653ecb5,StartingBlock,104.802246,5671.81006,,,,1,0,0,5,1,0,0,-469.855133,49.5124397,-258.46994,-0.799554825,-0.600558639,-0.00389540126,0.00513986032
1049,0,23658da8-233b-4b62-9d1d-336fb653ecb5,StartingBlock,104.901855,5671.90967,,,,1,0,0,5,1,0,0,-470.006836,37.2805252,-295.566437,-0.799569309,-0.600539327,-0.00398566434,0.0050627375
1050,0,23658da8-233b-4b62-9d1d-336fb653ecb5,StartingBlock,105.001953,5672.00977,,,,1,0,0,5,1,0,0,-470.079803,25.2741642,-331.55838,-0.799585223,-0.600517929,-0.00409771968,0.00499618473
1051,0,23658da8-233b-4b62-9d1d-336fb653ecb5,StartingBlock,105.102051,5672.10986,,,,1,0,0,5,1,0,0,-470.07547,13.4945087,-366.448944,-0.799603522,-0.600493193,-0.00420364831,0.00494890474
1052,0,23658da8-233b-4b62-9d1d-336fb653ecb5,StartingBlock,105.202148,5672.20996,,,,1,0,0,5,1,0,0,-469.995331,1.94263506,-400.242676,-0.799598932,-0.600499392,-0.00429683458,0.0048657083
1053,0,23658da8-233b-4b62-9d1d-336fb653ecb5,StartingBlock,105.302246,5672.31006,,,,1,0,0,5,1,0,0,-469.841156,-9.38038635,-432.944977,-0.799594998,-0.600504935,-0.00437418232,0.00475337449
1054,0,23658da8-233b-4b62-9d1d-336fb653ecb5,StartingBlock,105.401855,5672.40967,,,,1,0,0,5,1,0,0,-469.61496,-20.4735622,-464.562073,-0.799596429,-0.600502789,-0.00446899747,0.00468948949
1055,0,23658da8-233b-4b62-9d1d-336fb653ecb5,StartingBlock,105.501953,5672.50977,,,,1,0,0,5,1,0,0,-469.318695,-31.335968,-495.100739,-0.799607754,-0.600487769,-0.00456475606,0.00459320471
1056,0,23658da8-233b-4b62-9d1d-336fb653ecb5,StartingBlock,105.602051,5672.60986,,,,1,0,0,5,1,0,0,-468.954498,-41.9666405,-524.567993,-0.799639046,-0.600445867,-0.00466701295,0.00452341186
1057,0,23658da8-233b-4b62-9d1d-336fb653ecb5,StartingBlock,105.702148,5672.70996,,,,1,0,0,5,1,0,0,-468.524414,-52.3647079,-552.971069,-0.799628139,-0.600460529,-0.00474615954,0.00442063157
1058,0,23658da8-233b-4b62-9d1d-336fb653ecb5,StartingBlock,105.802246,5672.81006,,,,1,0,0,5,1,0,0,-468.030518,-62.5294342,-580.3172,-0.79962194,-0.600468457,-0.00484722666,0.00435457332
1059,0,23658da8-233b-4b62-9d1d-336fb653ecb5,StartingBlock,105.901855,5672.90967,,,,1,0,0,5,1,0,0,-467.47464,-72.4601288,-606.613647,-0.799627006,-0.600461423,-0.00495196274,0.00428588642
1060,0,23658da8-233b-4b62-9d1d-336fb653ecb5,StartingBlock,106.001953,5673.00977,,,,1,0,0,5,1,0,0,-466.858704,-82.1562271,-631.867493,-0.799621701,-0.600467861,-0.00506758504,0.00422253087
1061,0,23658da8-233b-4b62-9d1d-336fb653ecb5,StartingBlock,106.102051,5673.10986,,,,1,0,0,5,1,0,0,-466.184479,-91.617218,-656.085571,-0.799597681,-0.60049957,-0.00517972186,0.00412920071
1062,0,23658da8-233b-4b62-9d1d-336fb653ecb5,StartingBlock,106.202148,5673.20996,,,,1,0,0,5,1,0,0,-465.453583,-100.842575,-679.27417,-0.799590766,-0.600507557,-0.00534481509,0.0040980815
1063,0,23658da8-233b-4b62-9d1d-336fb653ecb5,StartingBlock,106.302246,5673.31006,,,,1,0,0,5,1,0,0,-464.667603,-109.831856,-701.439575,-0.799624622,-0.600462079,-0.00545430696,0.00401728135
1064,0,23658da8-233b-4b62-9d1d-336fb653ecb5,StartingBlock,106.401855,5673.40967,,,,1,0,0,5,1,0,0,-463.827942,-118.584595,-722.587402,-0.799629211,-0.600455225,-0.0055765952,0.00395409344
1065,0,23658da8-233b-4b62-9d1d-336fb653ecb5,StartingBlock,106.501953,5673.50977,,,,1,0,0,5,1,0,0,-462.936005,-127.100372,-742.723206,-0.799673259,-0.600396097,-0.00568767963,0.00386593584
1066,0,23658da8-233b-4b62-9d1d-336fb653ecb5,StartingBlock,106.602051,5673.60986,,,,1,0,0,5,1,0,0,-461.993042,-135.378784,-761.85199,-0.799684048,-0.600381017,-0.00580163533,0.00380287203
1067,0,23658da8-233b-4b62-9d1d-336fb653ecb5,StartingBlock,106.702148,5673.70996,,,,1,0,0,5,1,0,0,-461.000214,-143.419327,-779.977966,-0.799698174,-0.600361943,-0.0058890353,0.00370700611
1068,0,23658da8-233b-4b62-9d1d-336fb653ecb5,StartingBlock,106.802246,5673.81006,,,,1,0,0,5,1,0,0,-459.958649,-151.221634,-797.105347,-0.799709201,-0.600346625,-0.00600542082,0.00362273399
1069,0,23658da8-233b-4b62-9d1d-336fb653ecb5,StartingBlock,106.901855,5673.90967,H,H,,1,0,0,5,1,0,0,-458.869385,-158.785339,-813.237854,-0.799739063,-0.600306034,-0.00612571323,0.00355937448
1070,0,23658da8-233b-4b62-9d1d-336fb653ecb5,StartingBlock,107.001953,5674.00977,,,H,1,0,0,5,1,0,0,-457.734253,-166.151596,-828.448792,-0.768612921,-0.639674783,-0.00602518627,0.00375685957
1071,0,23658da8-233b-4b62-9d1d-336fb653ecb5,StartingBlock,107.102051,5674.10986,,,,1,0,0,5,1,0,0,-456.552765,-173.365646,-842.656067,-0.768593073,-0.63969785,-0.00615141541,0.0036895636
1072,0,23658da8-233b-4b62-9d1d-336fb653ecb5,StartingBlock,107.202148,5674.20996,H,H,,1,0,0,5,1,0,0,-455.326294,-180.445908,-855.905823,-0.730190217,-0.683206022,-0.00601843372,0.00395597378
1073,0,23658da8-233b-4b62-9d1d-336fb653ecb5,StartingBlock,107.302246,5674.31006,,,H,1,0,0,5,1,0,0,-454.057831,-187.516312,-868.386169,-0.60115093,-0.799102604,-0.00535670761,0.00490429066
1074,0,23658da8-233b-4b62-9d1d-336fb653ecb5,StartingBlock,107.401855,5674.40967,,,,1,0,0,5,1,0,0,-452.745514,-194.83165,-879.973755,-0.573073566,-0.819471776,-0.00528498041,0.00498559885
1075,0,23658da8-233b-4b62-9d1d-336fb653ecb5,StartingBlock,107.501953,5674.50977,,,,1,0,0,5,1,0,0,-451.388489,-202.498901,-890.595154,-0.573008478,-0.819517672,-0.00535538094,0.00484661339
1076,0,23658da8-233b-4b62-9d1d-336fb653ecb5,StartingBlock,107.602051,5674.60986,H,H,,1,0,0,5,1,0,0,-449.987823,-210.506851,-900.29248,-0.536531866,-0.843849003,-0.00526668085,0.00497749774
1077,0,23658da8-233b-4b62-9d1d-336fb653ecb5,StartingBlock,107.702148,5674.70996,,,H,1,0,0,5,1,0,0,-448.546997,-218.855927,-909.282776,-0.392578006,-0.919690371,-0.0044694026,0.00567457266
1078,0,23658da8-233b-4b62-9d1d-336fb653ecb5,StartingBlock,107.802246,5674.81006,,,,1,0,0,5,1,0,0,-447.065155,-227.821014,-917.558777,-0.372656524,-0.92794168,-0.00441733934,0.00563918054
1079,0,23658da8-233b-4b62-9d1d-336fb653ecb5,StartingBlock,107.901855,5674.90967,,,,1,0,0,5,1,0,0,-445.542053,-237.4991,-925.110901,-0.372615188,-0.927958965,-0.00447540497,0.00548939267
1080,0,23658da8-233b-4b62-9d1d-336fb653ecb5,StartingBlock,108.001953,5675.00977,,,,1,0,0,5,1,0,0,-443.977997,-247.888397,-931.942139,-0.372692287,-0.927928448,-0.00454773428,0.00535522401
1081,0,23658da8-233b-4b62-9d1d-336fb653ecb5,StartingBlock,108.102051,5675.10986,,,,1,0,0,5,1,0,0,-442.373199,-258.988068,-938.052612,-0.372693211,-0.927928686,-0.00458697276,0.00521376589
1082,0,23658da8-233b-4b62-9d1d-336fb653ecb5,StartingBlock,108.202148,5675.20996,,,,1,0,0,5,1,0,0,-440.727905,-270.797272,-943.442383,-0.372677386,-0.927935421,-0.00465013925,0.00509036519
1083,0,23658da8-233b-4b62-9d1d-336fb653ecb5,StartingBlock,108.302246,5675.31006,,,,1,0,0,5,1,0,0,-439.042175,-283.315247,-948.111145,-0.37259692,-0.927968264,-0.00469390443,0.00495129777
1084,0,23658da8-233b-4b62-9d1d-336fb653ecb5,StartingBlock,108.401855,5675.40967,,,,1,0,0,5,1,0,0,-437.316132,-296.541107,-952.058838,-0.372600913,-0.927966833,-0.0047875382,0.0048276782
1085,0,23658da8-233b-4b62-9d1d-336fb653ecb5,StartingBlock,108.501953,5675.50977,,,,1,0,0,5,1,0,0,-435.549805,-310.473907,-955.284851,-0.372685999,-0.927933812,-0.00473956531,0.00464141462
1086,0,23658da8-233b-4b62-9d1d-336fb653ecb5,StartingBlock,108.602051,5675.60986,,,,1,0,0,5,1,0,0,-433.743347,-325.112335,-957.788757,-0.372668505,-0.927941263,-0.00479342928,0.00450544572
1087,0,23658da8-233b-4b62-9d1d-336fb653ecb5,StartingBlock,108.702148,5675.70996,,,,1,0,0,5,1,0,0,-431.89679,-340.4552,-959.569763,-0.372689813,-0.927933276,-0.0048207026,0.00435680663
1088,0,23658da8-233b-4b62-9d1d-336fb653ecb5,StartingBlock,108.802246,5675.81006,,,,1,0,0,5,1,0,0,-430.010132,-356.500946,-960.627258,-0.372663051,-0.927944243,-0.00487344572,0.00425121421
1089,0,23658da8-233b-4b62-9d1d-336fb653ecb5,StartingBlock,108.901855,5675.90967,,,,1,0,0,5,1,0,0,-428.083282,-373.247589,-960.960999,-0.372688919,-0.927933872,-0.00495922007,0.00414701132
1090,0,23658da8-233b-4b62-9d1d-336fb653ecb5,StartingBlock,109.001953,5676.00977,,,,1,0,0,5,1,0,0,-426.116089,-390.693298,-960.57019,-0.372632831,-0.92795676,-0.00500415266,0.00401194999
1091,0,23658da8-233b-4b62-9d1d-336fb653ecb5,StartingBlock,109.102051,5676.10986,,,,1,0,0,5,1,0,0,-424.10849,-408.835754,-959.454407,-0.372650087,-0.927949727,-0.00510735018,0.00389685272
1092,0,23658da8-233b-4b62-9d1d-336fb653ecb5,StartingBlock,109.202148,5676.20996,,,,1,0,0,5,1,0,0,-422.060211,-427.672516,-957.612915,-0.372635722,-0.927955806,-0.00514057186,0.00377389393
1093,0,23658da8-233b-4b62-9d1d-336fb653ecb5,StartingBlock,109.302246,5676.31006,,,,1,0,0,5,1,0,0,-419.971161,-447.200775,-955.045288,-0.372649848,-0.927950382,-0.00519870361,0.00363788242
1094,0,23658da8-233b-4b62-9d1d-336fb653ecb5,StartingBlock,109.401855,5676.40967,,,,1,0,0,5,1,0,0,-417.841095,-467.417236,-951.751282,-0.372693628,-0.92793268,-0.00527180685,0.00354864239
1095,0,23658da8-233b-4b62-9d1d-336fb653ecb5,StartingBlock,109.501953,5676.50977,,,,1,0,0,5,1,0,0,-415.669739,-488.318115,-947.730652,-0.372716814,-0.927923501,-0.00534797972,0.00342096295
1096,0,23658da8-233b-4b62-9d1d-336fb653ecb5,StartingBlock,109.602051,5676.60986,,,,1,0,0,5,1,0,0,-413.456818,-509.900024,-942.982788,-0.372723907,-0.927921057,-0.00535036484,0.00327892089
1097,0,23658da8-233b-4b62-9d1d-336fb653ecb5,StartingBlock,109.702148,5676.70996,,,,1,0,0,5,1,0,0,-411.202209,-532.158569,-937.507751,-0.372671038,-0.927942216,-0.00544000417,0.0031666283
1098,0,23658da8-233b-4b62-9d1d-336fb653ecb5,StartingBlock,109.802246,5676.81006,,,,1,0,0,5,1,0,0,-408.905579,-555.089233,-931.305725,-0.372655123,-0.927948296,-0.00555328792,0.0030478863
1099,0,23658da8-233b-4b62-9d1d-336fb653ecb5,StartingBlock,109.901855,5676.90967,,,,1,0,0,5,1,0,0,-406.566528,-578.686951,-924.377014,-0.372704804,-0.92792803,-0.00566500612,0.00294932071
1100,0,23658da8-233b-4b62-9d1d-336fb653ecb5,StartingBlock,110.001953,5677.00977,,,,1,0,0,5,1,0,0,-404.184662,-602.946655,-916.721741,-0.372716814,-0.927923441,-0.00568504306,0.00280801253
1101,0,23658da8-233b-4b62-9d1d-336fb653ecb5,StartingBlock,110.102051,5677.10986,,,,1,0,0,5,1,0,0,-401.759735,-627.862488,-908.340454,-0.372794777,-0.92789197,-0.00576546649,0.00269859447
1102,0,23658da8-233b-4b62-9d1d-336fb653ecb5,StartingBlock,110.202148,5677.20996,,,,1,0,0,5,1,0,0,-399.291443,-653.428101,-899.234009,-0.372775048,-0.927899659,-0.00587918749,0.00255562994
1103,0,23658da8-233b-4b62-9d1d-336fb653ecb5,StartingBlock,110.302246,5677.31006,,,,1,0,0,5,1,0,0,-396.779388,-679.636963,-889.403625,-0.372831762,-0.927877009,-0.00590973115,0.00243207347
1104,0,23658da8-233b-4b62-9d1d-336fb653ecb5,StartingBlock,110.401855,5677.40967,,,,1,0,0,5,1,0,0,-394.223328,-706.481934,-878.850647,-0.372791588,-0.927892864,-0.00599365309,0.00230813795
1105,0,23658da8-233b-4b62-9d1d-336fb653ecb5,StartingBlock,110.501953,5677.50977,,,,1,0,0,5,1,0,0,-391.622894,-733.956116,-867.576538,-0.37272805,-0.927918673,-0.00602359185,0.00214287732
1106,0,23658da8-233b-4b62-9d1d-336fb653ecb5,StartingBlock,110.602051,5677.60986,,,,1,0,0,5,1,0,0,-388.977966,-762.052246,-855.583008,-0.372759879,-0.92790556,-0.00611392269,0.00202318584
1107,0,23658da8-233b-4b62-9d1d-336fb653ecb5,StartingBlock,110.702148,5677.70996,,,,1,0,0,5,1,0,0,-386.288239,-790.762695,-842.872009,-0.372758985,-0.927906334,-0.0060991901,0.00186897744
1108,0,23658da8-233b-4b62-9d1d-336fb653ecb5,StartingBlock,110.802246,5677.81006,,,,1,0,0,5,1,0,0,-383.553589,-820.07959,-829.445984,-0.372796267,-0.927891016,-0.00617595436,0.00174821075
1109,0,23658da8-233b-4b62-9d1d-336fb653ecb5,StartingBlock,110.901855,5677.90967,,,,1,0,0,5,1,0,0,-380.773895,-849.99469,-815.307739,-0.372817069,-0.927882791,-0.00620994763,0.00158591243
1110,0,23658da8-233b-4b62-9d1d-336fb653ecb5,StartingBlock,111.001953,5678.00977,,,,1,0,0,5,1,0,0,-377.949188,-880.500183,-800.459961,-0.37278527,-0.927896082,-0.0061826692,0.00138183939
1111,0,23658da8-233b-4b62-9d1d-336fb653ecb5,StartingBlock,111.102051,5678.10986,,,,1,0,0,5,1,0,0,-375.079559,-911.588196,-784.906006,-0.372783303,-0.927897334,-0.0061458745,0.00118406815
1112,0,23658da8-233b-4b62-9d1d-336fb653ecb5,StartingBlock,111.202148,5678.20996,F,F,,1,0,0,5,1,0,0,-372.165222,-943.250793,-768.649353,-0.372799546,-0.92789042,-0.00624530995,0.000997120747
1113,0,23658da8-233b-4b62-9d1d-336fb653ecb5,StartingBlock,111.302246,5678.31006,,,,1,0,0,5,1,0,0,-369.20816,-975.364441,-751.778381,-0.483318806,-0.875420868,-0.00642211828,6.06169197E-05
1114,0,23658da8-233b-4b62-9d1d-336fb653ecb5,StartingBlock,111.401855,5678.40967,,,F,1,0,0,5,1,0,0,-366.209229,-1007.79358,-734.174255,-0.526062608,-0.850420177,-0.00660734857,-0.000369737128
1115,0,23658da8-233b-4b62-9d1d-336fb653ecb5,StartingBlock,111.501953,5678.50977,F,F,,1,0,0,5,1,0,0,-363.168243,-1040.49597,-715.725403,-0.574525952,-0.81845963,-0.00655083358,-0.000962289225
1116,0,23658da8-233b-4b62-9d1d-336fb653ecb5,StartingBlock,111.602051,5678.60986,,,F,1,0,0,5,1,0,0,-360.088715,-1073.28967,-696.582275,-0.702859104,-0.711295962,-0.00651890133,-0.00217456487
1117,0,23658da8-233b-4b62-9d1d-336fb653ecb5,StartingBlock,111.702148,5678.70996,,,,1,0,0,5,1,0,0,-356.972015,-1105.97705,-676.53656,-0.718190849,-0.695810139,-0.00667819194,-0.0023731296
1118,0,23658da8-233b-4b62-9d1d-336fb653ecb5,StartingBlock,111.802246,5678.81006,,,,1,0,0,5,1,0,0,-353.818848,-1138.49255,-655.516968,-0.718197286,-0.695800543,-0.00696468772,-0.00238977675
1119,0,23658da8-233b-4b62-9d1d-336fb653ecb5,StartingBlock,111.901855,5678.90967,F,F,,1,0,0,5,1,0,0,-350.630005,-1170.83032,-633.602417,-0.767031133,-0.641564667,-0.00700246869,-0.00300966064
1120,0,23658da8-233b-4b62-9d1d-336fb653ecb5,StartingBlock,112.001953,5679.00977,F,,,1,0,0,5,1,0,0,-347.408691,-1202.89233,-610.998169,-0.868146718,-0.496246219,-0.00647050235,-0.00436959602
1121,0,23658da8-233b-4b62-9d1d-336fb653ecb5,StartingBlock,112.102051,5679.10986,,,F,1,0,0,5,1,0,0,-344.159393,-1234.43347,-587.766296,-0.92450422,-0.381088793,-0.00612912187,-0.00508007733
1122,0,23658da8-233b-4b62-9d1d-336fb653ecb5,StartingBlock,112.202148,5679.20996,,,,1,0,0,5,1,0,0,-340.886047,-1265.17322,-563.851807,-0.925387144,-0.37893647,-0.00638090819,-0.00502026267
1123,0,23658da8-233b-4b62-9d1d-336fb653ecb5,StartingBlock,112.302246,5679.31006,,,,1,0,0,5,1,0,0,-337.589508,-1295.09436,-539.267944,-0.925395906,-0.378910154,-0.00662824279,-0.00506887026
1124,0,23658da8-233b-4b62-9d1d-336fb653ecb5,StartingBlock,112.401855,5679.40967,,,,1,0,0,5,1,0,0,-334.270233,-1324.20032,-514.017456,-0.925437748,-0.378804207,-0.00686980458,-0.00503293704
1125,0,23658da8-233b-4b62-9d1d-336fb653ecb5,StartingBlock,112.501953,5679.50977,,,,1,0,0,5,1,0,0,-330.928802,-1352.49414,-488.102814,-0.925456762,-0.378751874,-0.00709463237,-0.00514621893
1126,0,23658da8-233b-4b62-9d1d-336fb653ecb5,StartingBlock,112.602051,5679.60986,,,,1,0,0,5,1,0,0,-327.565918,-1379.97949,-461.525879,-0.92544961,-0.378763527,-0.00734695606,-0.00522444677
1127,0,23658da8-233b-4b62-9d1d-336fb653ecb5,StartingBlock,112.702148,5679.70996,,,,1,0,0,5,1,0,0,-324.182312,-1406.66052,-434.2883,-0.925427854,-0.378811449,-0.00755264005,-0.00531183556
1128,0,23658da8-233b-4b62-9d1d-336fb653ecb5,StartingBlock,112.802246,5679.81006,,,,1,0,0,5,1,0,0,-320.778595,-1432.54138,-406.391266,-0.925416708,-0.378832459,-0.00778031768,-0.0054227286
1129,0,23658da8-233b-4b62-9d1d-336fb653ecb5,StartingBlock,112.901855,5679.90967,,,,1,0,0,5,1,0,0,-317.355499,-1457.62634,-377.835632,-0.925422132,-0.378813267,-0.00803533383,-0.00547474157
1130,0,23658da8-233b-4b62-9d1d-336fb653ecb5,StartingBlock,113.001953,5680.00977,H,H,,1,0,0,5,1,0,0,-313.913635,-1481.9209,-348.62262,-0.925425529,-0.378798157,-0.00826121401,-0.00560240354
1131,0,23658da8-233b-4b62-9d1d-336fb653ecb5,StartingBlock,113.102051,5680.10986,H,,,1,0,0,5,1,0,0,-310.452606,-1505.54431,-318.838379,-0.87217474,-0.489088297,-0.00912426878,-0.00454546744
1132,0,23658da8-233b-4b62-9d1d-336fb653ecb5,StartingBlock,113.202148,5680.20996,,,H,1,0,0,5,1,0,0,-306.969299,-1528.71484,-288.478821,-0.771443129,-0.636213124,-0.0100084813,-0.00287380163
1133,0,23658da8-233b-4b62-9d1d-336fb653ecb5,StartingBlock,113.302246,5680.31006,,,,1,0,0,5,1,0,0,-303.458191,-1551.5957,-257.269592,-0.757012963,-0.653312206,-0.0103493817,-0.00274847914
1134,0,23658da8-233b-4b62-9d1d-336fb653ecb5,StartingBlock,113.401855,5680.40967,,,,1,0,0,5,1,0,0,-299.917816,-1574.24243,-225.124542,-0.756960869,-0.653369308,-0.0105030313,-0.00293138111
1135,0,23658da8-233b-4b62-9d1d-336fb653ecb5,StartingBlock,113.501953,5680.50977,,,,1,0,0,5,1,0,0,-296.348694,-1596.6615,-192.044403,-0.756993771,-0.653327346,-0.0106908213,-0.00309971161
1136,0,23658da8-233b-4b62-9d1d-336fb653ecb5,StartingBlock,113.602051,5680.60986,,,,1,0,0,5,1,0,0,-292.751343,-1618.85828,-158.026352,-0.757012427,-0.653301775,-0.0108987484,-0.00320016872
1137,0,23658da8-233b-4b62-9d1d-336fb653ecb5,StartingBlock,113.702148,5680.70996,,,,1,0,0,5,1,0,0,-289.126068,-1640.83801,-123.06813,-0.757015467,-0.653293431,-0.0111627886,-0.00328326225
1138,0,23658da8-233b-4b62-9d1d-336fb653ecb5,StartingBlock,113.802246,5680.81006,F,F,,1,0,0,5,1,0,0,-285.474152,-1662.61157,-87.2578735,-0.812008858,-0.583523393,-0.0110641541,-0.0044459831
1139,0,23658da8-233b-4b62-9d1d-336fb653ecb5,StartingBlock,113.901855,5680.90967,,,F,1,0,0,5,1,0,0,-281.800507,-1684.06897,-50.7508583,-0.875314355,-0.483401716,-0.0107452078,-0.00567845535
1140,0,23658da8-233b-4b62-9d1d-336fb653ecb5,StartingBlock,114.001953,5681.00977,,,,1,0,0,5,1,0,0,-278.109131,-1704.9718,-13.4325895,-0.876308262,-0.48159036,-0.0109481895,-0.0059017716
1141,0,23658da8-233b-4b62-9d1d-336fb653ecb5,StartingBlock,114.102051,5681.10986,,,,1,0,0,5,1,0,0,-274.40152,-1725.30066,24.6905766,-0.876323223,-0.481556326,-0.0111934561,-0.00598100014
1142,0,23658da8-233b-4b62-9d1d-336fb653ecb5,StartingBlock,114.202148,5681.20996,,,,1,0,0,5,1,0,0,-270.678558,-1745.05786,63.6159592,-0.87629658,-0.481598288,-0.0113860732,-0.00614614179
1143,0,23658da8-233b-4b62-9d1d-336fb653ecb5,StartingBlock,114.302246,5681.31006,,,,1,0,0,5,1,0,0,-266.941254,-1764.245,103.342171,-0.876314759,-0.481559724,-0.0115671009,-0.00624328339
1144,0,23658da8-233b-4b62-9d1d-336fb653ecb5,StartingBlock,114.401855,5681.40967,,,,1,0,0,5,1,0,0,-263.190582,-1782.86414,143.867584,-0.876336813,-0.481512845,-0.011744217,-0.00643168297
1145,0,23658da8-233b-4b62-9d1d-336fb653ecb5,StartingBlock,114.501953,5681.50977,F,F,,1,0,0,5,1,0,0,-259.427734,-1800.95898,185.108429,-0.915660024,-0.401723623,-0.0113938292,-0.00742763374
1146,0,23658da8-233b-4b62-9d1d-336fb653ecb5,StartingBlock,114.602051,5681.60986,,,F,1,0,0,5,1,0,0,-255.656982,-1818.50378,226.860077,-0.961436272,-0.274679542,-0.0105476473,-0.0089650806
1147,0,23658da8-233b-4b62-9d1d-336fb653ecb5,StartingBlock,114.702148,5681.70996,,,,1,0,0,5,1,0,0,-251.885635,-1835.21521,269.112579,-0.962652802,-0.270372987,-0.0107636712,-0.00906995218
1148,0,23658da8-233b-4b62-9d1d-336fb653ecb5,StartingBlock,114.802246,5681.81006,,,,1,0,0,5,1,0,0,-248.115265,-1851.06421,311.851074,-0.962631464,-0.270439327,-0.0110037336,-0.00906612724
1149,0,23658da8-233b-4b62-9d1d-336fb653ecb5,StartingBlock,114.901855,5681.90967,,,,1,0,0,5,1,0,0,-244.346451,-1866.0531,355.074463,-0.962611616,-0.270500064,-0.0112517495,-0.0090580862
1150,0,23658da8-233b-4b62-9d1d-336fb653ecb5,StartingBlock,115.001953,5682.00977,,,,1,0,0,5,1,0,0,-240.579697,-1880.18384,398.781921,-0.962627351,-0.270434707,-0.0114841247,-0.00904925447
1151,0,23658da8-233b-4b62-9d1d-336fb653ecb5,StartingBlock,115.102051,5682.10986,,,,1,0,0,5,1,0,0,-236.815521,-1893.45862,442.972534,-0.962607086,-0.270494163,-0.0117359227,-0.00909940433
1152,0,23658da8-233b-4b62-9d1d-336fb653ecb5,StartingBlock,115.202148,5682.20996,,,,1,0,0,5,1,0,0,-233.054321,-1905.87939,487.645538,-0.962629378,-0.270406574,-0.0119836517,-0.00902145915
1153,0,23658da8-233b-4b62-9d1d-336fb653ecb5,StartingBlock,115.302246,5682.31006,,,,1,0,0,5,1,0,0,-229.296356,-1917.44763,532.800354,-0.962649584,-0.270327866,-0.0122297751,-0.00889547262
1154,0,23658da8-233b-4b62-9d1d-336fb653ecb5,StartingBlock,115.401855,5682.40967,,,,1,0,0,5,1,0,0,-225.541824,-1928.16528,578.436218,-0.962631047,-0.270383745,-0.0124536436,-0.00889258552
1155,0,23658da8-233b-4b62-9d1d-336fb653ecb5,StartingBlock,115.501953,5682.50977,F,F,,1,0,0,5,1,0,0,-221.790421,-1938.09119,624.511536,-0.979800224,-0.19938232,-0.0120488815,-0.00964887626
1156,0,23658da8-233b-4b62-9d1d-336fb653ecb5,StartingBlock,115.602051,5682.60986,,,F,1,0,0,5,1,0,0,-218.044769,-1947.25684,670.865479,-0.992675722,-0.119786799,-0.0114948601,-0.0106728394
1157,0,23658da8-233b-4b62-9d1d-336fb653ecb5,StartingBlock,115.702148,5682.70996,,,,1,0,0,5,1,0,0,-214.311172,-1955.46216,717.439514,-0.992691875,-0.119620033,-0.0117407981,-0.0107753761
1158,0,23658da8-233b-4b62-9d1d-336fb653ecb5,StartingBlock,115.802246,5682.81006,F,F,,1,0,0,5,1,0,0,-210.589859,-1962.73572,764.21698,-0.995933771,-0.088627167,-0.011619159,-0.0112403296
1159,0,23658da8-233b-4b62-9d1d-336fb653ecb5,StartingBlock,115.901855,5682.90967,,,F,1,0,0,5,1,0,0,-206.880035,-1969.22607,811.092163,-0.999415278,0.030035682,-0.0104850698,-0.0125347003
1160,0,23658da8-233b-4b62-9d1d-336fb653ecb5,StartingBlock,116.001953,5683.00977,,,,1,0,0,5,1,0,0,-203.189438,-1974.75586,857.913147,-0.999287069,0.0339616276,-0.0106772184,-0.0125667499
1161,0,23658da8-233b-4b62-9d1d-336fb653ecb5,StartingBlock,116.102051,5683.10986,,,,1,0,0,5,1,0,0,-199.519424,-1979.30786,904.653442,-0.999288559,0.0338368341,-0.0109396363,-0.0125612393
1162,0,23658da8-233b-4b62-9d1d-336fb653ecb5,StartingBlock,116.202148,5683.20996,F,F,,1,0,0,5,1,0,0,-195.870193,-1982.88611,951.312988,-0.999147773,0.03767436,-0.0111311525,-0.0126658361
1163,0,23658da8-233b-4b62-9d1d-336fb653ecb5,StartingBlock,116.302246,5683.31006,,,F,1,0,0,5,1,0,0,-192.238434,-1985.65662,997.875916,-0.98477447,0.173000753,-0.0095814243,-0.0140791824
1164,0,23658da8-233b-4b62-9d1d-336fb653ecb5,StartingBlock,116.401855,5683.40967,,,,1,0,0,5,1,0,0,-188.629684,-1987.59509,1044.14587,-0.978673458,0.204707757,-0.00940115005,-0.014304406
1165,0,23658da8-233b-4b62-9d1d-336fb653ecb5,StartingBlock,116.501953,5683.50977,,,,1,0,0,5,1,0,0,-185.048264,-1988.63464,1090.01819,-0.978679895,0.204669625,-0.0096636666,-0.014234609
1166,0,23658da8-233b-4b62-9d1d-336fb653ecb5,StartingBlock,116.602051,5683.60986,,,,1,0,0,5,1,0,0,-181.49411,-1988.78223,1135.49341,-0.97868818,0.204633579,-0.00985027011,-0.0140546309
1167,0,23658da8-233b-4b62-9d1d-336fb653ecb5,StartingBlock,116.702148,5683.70996,,,,1,0,0,5,1,0,0,-177.96727,-1988.03772,1180.57104,-0.978682458,0.204668343,-0.0100257806,-0.0138240904
1168,0,23658da8-233b-4b62-9d1d-336fb653ecb5,StartingBlock,116.802246,5683.81006,,,,1,0,0,5,1,0,0,-174.467606,-1986.40259,1225.25146,-0.978637099,0.204889446,-0.0102188159,-0.0136146527
1169,0,23658da8-233b-4b62-9d1d-336fb653ecb5,StartingBlock,116.901855,5683.90967,,,,1,0,0,5,1,0,0,-170.994965,-1983.87683,1269.5343,-0.978657722,0.204794943,-0.0104364036,-0.013389891
1170,0,23658da8-233b-4b62-9d1d-336fb653ecb5,StartingBlock,117.001953,5684.00977,,,,1,0,0,5,1,0,0,-167.549133,-1980.46204,1313.41968,-0.978638887,0.204878256,-0.0106273843,-0.0133434031
1171,0,23658da8-233b-4b62-9d1d-336fb653ecb5,StartingBlock,117.102051,5684.10986,,,,1,0,0,5,1,0,0,-164.130112,-1976.15857,1356.90784,-0.978599072,0.205057606,-0.010888475,-0.0132904211
1172,0,23658da8-233b-4b62-9d1d-336fb653ecb5,StartingBlock,117.202148,5684.20996,,,,1,0,0,5,1,0,0,-160.738007,-1970.96741,1399.99841,-0.978617907,0.204956234,-0.0111118937,-0.0132869286
1173,0,23658da8-233b-4b62-9d1d-336fb653ecb5,StartingBlock,117.302246,5684.31006,,,,1,0,0,5,1,0,0,-157.373123,-1964.88892,1442.69189,-0.978603423,0.205017686,-0.0113101639,-0.0132393595
1174,0,23658da8-233b-4b62-9d1d-336fb653ecb5,StartingBlock,117.401855,5684.40967,,,,1,0,0,5,1,0,0,-154.035629,-1957.9248,1484.98865,-0.978596032,0.205031842,-0.0115607316,-0.0133435028
1175,0,23658da8-233b-4b62-9d1d-336fb653ecb5,StartingBlock,117.501953,5684.50977,F,F,,1,0,0,5,1,0,0,-150.7258,-1950.07593,1526.88879,-0.978592694,0.205015317,-0.0118823769,-0.0135612013
1176,0,23658da8-233b-4b62-9d1d-336fb653ecb5,StartingBlock,117.602051,5684.60986,,,F,1,0,0,5,1,0,0,-147.440186,-1941.47717,1568.42957,-0.948099375,0.317451596,-0.0104994606,-0.014892444
1177,0,23658da8-233b-4b62-9d1d-336fb653ecb5,StartingBlock,117.702148,5684.70996,,,,1,0,0,5,1,0,0,-144.183548,-1932.15112,1609.44128,-0.941953003,0.335248947,-0.0104004359,-0.0149839651
1178,0,23658da8-233b-4b62-9d1d-336fb653ecb5,StartingBlock,117.802246,5684.81006,,,,1,0,0,5,1,0,0,-140.959122,-1922.07251,1649.83582,-0.941971302,0.335194081,-0.010590882,-0.0149296047
1179,0,23658da8-233b-4b62-9d1d-336fb653ecb5,StartingBlock,117.901855,5684.90967,,,,1,0,0,5,1,0,0,-137.766769,-1911.24609,1689.61597,-0.941951871,0.335242718,-0.0108365407,-0.0148907462
1180,0,23658da8-233b-4b62-9d1d-336fb653ecb5,StartingBlock,118.001953,5685.00977,,,,1,0,0,5,1,0,0,-134.606644,-1899.672,1728.78149,-0.941938519,0.335277408,-0.0110376254,-0.0148018049
1181,0,23658da8-233b-4b62-9d1d-336fb653ecb5,StartingBlock,118.102051,5685.10986,,,,1,0,0,5,1,0,0,-131.47879,-1887.35107,1767.33264,-0.941964746,0.335197061,-0.0112872198,-0.0147685986
1182,0,23658da8-233b-4b62-9d1d-336fb653ecb5,StartingBlock,118.202148,5685.20996,,,,1,0,0,5,1,0,0,-128.383423,-1874.2821,1805.2688,-0.941979885,0.335152328,-0.0114847003,-0.0146585116
1183,0,23658da8-233b-4b62-9d1d-336fb653ecb5,StartingBlock,118.302246,5685.31006,,,,1,0,0,5,1,0,0,-125.320641,-1860.4657,1842.58997,-0.941937506,0.335257411,-0.0117666116,-0.0147544825
1184,0,23658da8-233b-4b62-9d1d-336fb653ecb5,StartingBlock,118.401855,5685.40967,,,,1,0,0,5,1,0,0,-122.290672,-1845.90295,1879.29675,-0.94193697,0.335251719,-0.0119824233,-0.014747153
1185,0,23658da8-233b-4b62-9d1d-336fb653ecb5,StartingBlock,118.501953,5685.50977,F,F,,1,0,0,5,1,0,0,-119.293137,-1830.60742,1915.39966,-0.93495661,0.354248196,-0.0119525567,-0.0148872882
1186,0,23658da8-233b-4b62-9d1d-336fb653ecb5,StartingBlock,118.602051,5685.60986,,,F,1,0,0,5,1,0,0,-116.323151,-1814.73621,1950.95667,-0.889512897,0.456506401,-0.0104968557,-0.0160782188
1187,0,23658da8-233b-4b62-9d1d-336fb653ecb5,StartingBlock,118.702148,5685.70996,,,,1,0,0,5,1,0,0,-113.387794,-1798.29932,1985.75391,-0.887874603,0.459677458,-0.0107091125,-0.0161472149
1188,0,23658da8-233b-4b62-9d1d-336fb653ecb5,StartingBlock,118.802246,5685.81006,,,,1,0,0,5,1,0,0,-110.488152,-1781.30505,2019.76111,-0.887808919,0.459803879,-0.0108657917,-0.0160534326
1189,0,23658da8-233b-4b62-9d1d-336fb653ecb5,StartingBlock,118.901855,5685.90967,,,,1,0,0,5,1,0,0,-107.624229,-1763.75415,2052.97876,-0.887747765,0.45992437,-0.0109874457,-0.0159035195
1190,0,23658da8-233b-4b62-9d1d-336fb653ecb5,StartingBlock,119.001953,5686.00977,,,,1,0,0,5,1,0,0,-104.795982,-1745.64746,2085.40698,-0.887775183,0.459867239,-0.0112548228,-0.015829999
1191,0,23658da8-233b-4b62-9d1d-336fb653ecb5,StartingBlock,119.102051,5686.10986,,,,1,0,0,5,1,0,0,-102.003448,-1726.98633,2117.04761,-0.887902915,0.459617406,-0.0114341192,-0.0158008523
1192,0,23658da8-233b-4b62-9d1d-336fb653ecb5,StartingBlock,119.202148,5686.20996,,,,1,0,0,5,1,0,0,-99.2466125,-1707.77197,2147.90283,-0.887905478,0.459616184,-0.0115828775,-0.015579964
1193,0,23658da8-233b-4b62-9d1d-336fb653ecb5,StartingBlock,119.302246,5686.31006,,,,1,0,0,5,1,0,0,-96.5255661,-1688.005,2177.97339,-0.887909949,0.459602147,-0.0117969485,-0.0155806234
1194,0,23658da8-233b-4b62-9d1d-336fb653ecb5,StartingBlock,119.401855,5686.40967,,,,1,0,0,5,1,0,0,-93.8404922,-1667.68555,2207.25952,-0.888013542,0.459403038,-0.0119647253,-0.015414278
1195,0,23658da8-233b-4b62-9d1d-336fb653ecb5,StartingBlock,119.501953,5686.50977,,,,1,0,0,5,1,0,0,-91.191185,-1646.8158,2235.76367,-0.8879475,0.459515899,-0.0123094097,-0.0155868921
1196,0,23658da8-233b-4b62-9d1d-336fb653ecb5,StartingBlock,119.602051,5686.60986,,,,1,0,0,5,1,0,0,-88.5783234,-1625.39429,2263.48413,-0.887987196,0.459429234,-0.0125103984,-0.0157186631
1197,0,23658da8-233b-4b62-9d1d-336fb653ecb5,StartingBlock,119.702148,5686.70996,F,F,,1,0,0,5,1,0,0,-86.0009308,-1603.44238,2290.448,-0.866822481,0.498212695,-0.0119347367,-0.0161405429
1198,0,23658da8-233b-4b62-9d1d-336fb653ecb5,StartingBlock,119.802246,5686.81006,,,F,1,0,0,5,1,0,0,-83.4544296,-1581.10803,2316.71606,-0.817996264,0.574869692,-0.0107204439,-0.0170905795
1199,0,23658da8-233b-4b62-9d1d-336fb653ecb5,StartingBlock,119.901855,5686.90967,,,,1,0,0,5,1,0,0,-80.9456863,-1558.43738,2342.08447,-0.817445636,0.575654209,-0.0108180381,-0.0169636067
1200,0,23658da8-233b-4b62-9d1d-336fb653ecb5,StartingBlock,120.001953,5687.00977,,,,1,0,0,5,1,0,0,-78.4746704,-1535.44238,2366.54834,-0.817559659,0.575497329,-0.0109177912,-0.0167294797
1201,0,23658da8-233b-4b62-9d1d-336fb653ecb5,StartingBlock,120.102051,5687.10986,,,,1,0,0,5,1,0,0,-76.041275,-1512.12341,2390.10815,-0.817452252,0.575644255,-0.0111684809,-0.016760679
1202,0,23658da8-233b-4b62-9d1d-336fb653ecb5,StartingBlock,120.202148,5687.20996,,,,1,0,0,5,1,0,0,-73.6456299,-1488.47998,2412.76245,-0.81746614,0.575622022,-0.0113535849,-0.0167185739
1203,0,23658da8-233b-4b62-9d1d-336fb653ecb5,StartingBlock,120.302246,5687.31006,,,,1,0,0,5,1,0,0,-71.2877274,-1464.51294,2434.51465,-0.817622662,0.575403094,-0.0114545794,-0.0165302306
1204,0,23658da8-233b-4b62-9d1d-336fb653ecb5,StartingBlock,120.401855,5687.40967,,,,1,0,0,5,1,0,0,-68.9675903,-1440.22375,2455.36743,-0.817661822,0.575333416,-0.0118810488,-0.0167184882
1205,0,23658da8-233b-4b62-9d1d-336fb653ecb5,StartingBlock,120.501953,5687.50977,,,,1,0,0,5,1,0,0,-66.6860428,-1415.60925,2475.31299,-0.817614138,0.575401187,-0.0120442277,-0.0166003648
1206,0,23658da8-233b-4b62-9d1d-336fb653ecb5,StartingBlock,120.602051,5687.60986,,,,1,0,0,5,1,0,0,-64.4432297,-1390.67078,2494.354,-0.817629158,0.575377464,-0.0122532388,-0.0165275801
1207,0,23658da8-233b-4b62-9d1d-336fb653ecb5,StartingBlock,120.702148,5687.70996,,,,1,0,0,5,1,0,0,-62.2392197,-1365.40857,2512.49097,-0.817666411,0.575315356,-0.0125818532,-0.0166001841
1208,0,23658da8-233b-4b62-9d1d-336fb653ecb5,StartingBlock,120.802246,5687.81006,,,,1,0,0,5,1,0,0,-60.0741692,-1339.82275,2529.72363,-0.817664921,0.575315952,-0.0127576906,-0.0165179316
1209,0,23658da8-233b-4b62-9d1d-336fb653ecb5,StartingBlock,120.901855,5687.90967,,,,1,0,0,5,1,0,0,-57.9483109,-1313.91235,2546.04956,-0.817672372,0.575306237,-0.0129072294,-0.0163715463
1210,0,23658da8-233b-4b62-9d1d-336fb653ecb5,StartingBlock,121.001953,5688.00977,,,,1,0,0,5,1,0,0,-55.8616142,-1287.67822,2561.47021,-0.81761086,0.575394928,-0.0130338045,-0.0162283611
1211,0,23658da8-233b-4b62-9d1d-336fb653ecb5,StartingBlock,121.102051,5688.10986,,,,1,0,0,5,1,0,0,-53.8139725,-1261.12158,2575.98999,-0.817768335,0.575175405,-0.0131387785,-0.0159886759
1212,0,23658da8-233b-4b62-9d1d-336fb653ecb5,StartingBlock,121.202148,5688.20996,,,,1,0,0,5,1,0,0,-51.8052826,-1234.24121,2589.60474,-0.817831516,0.575083435,-0.0133330142,-0.0159054864
1213,0,23658da8-233b-4b62-9d1d-336fb653ecb5,StartingBlock,121.302246,5688.31006,,,,1,0,0,5,1,0,0,-49.8355446,-1207.03772,2602.31714,-0.817770481,0.575167,-0.0135773271,-0.0158132184
1214,0,23658da8-233b-4b62-9d1d-336fb653ecb5,StartingBlock,121.401855,5688.40967,,,,1,0,0,5,1,0,0,-47.9049187,-1179.51025,2614.12476,-0.817799389,0.575126886,-0.0137335211,-0.0156385638
1215,0,23658da8-233b-4b62-9d1d-336fb653ecb5,StartingBlock,121.501953,5688.50977,,,,1,0,0,5,1,0,0,-46.0132828,-1151.66003,2625.02954,-0.817653716,0.575334191,-0.0138864918,-0.0154925417
1216,0,23658da8-233b-4b62-9d1d-336fb653ecb5,StartingBlock,121.602051,5688.60986,,,,1,0,0,5,1,0,0,-44.160656,-1123.48743,2635.03101,-0.817629635,0.575356007,-0.0142681021,-0.0156121803
1217,0,23658da8-233b-4b62-9d1d-336fb653ecb5,StartingBlock,121.702148,5688.70996,,,,1,0,0,5,1,0,0,-42.3473434,-1094.99268,2644.12939,-0.81765008,0.575327396,-0.0144040221,-0.0154695977
1218,0,23658da8-233b-4b62-9d1d-336fb653ecb5,StartingBlock,121.802246,5688.81006,,,,1,0,0,5,1,0,0,-40.5735512,-1066.17493,2652.32178,-0.817642987,0.575328887,-0.0147254346,-0.0154826343
1219,0,23658da8-233b-4b62-9d1d-336fb653ecb5,StartingBlock,121.901855,5688.90967,,,,1,0,0,5,1,0,0,-38.8393974,-1037.03564,2659.61206,-0.817529023,0.575489938,-0.0149300899,-0.0153245479
1220,0,23658da8-233b-4b62-9d1d-336fb653ecb5,StartingBlock,122.001953,5689.00977,,,,1,0,0,5,1,0,0,-37.1449738,-1007.57556,2666.00195,-0.817566633,0.57543391,-0.015117744,-0.0152355442
1221,0,23658da8-233b-4b62-9d1d-336fb653ecb5,StartingBlock,122.102051,5689.10986,,,,1,0,0,5,1,0,0,-35.490551,-977.794678,2671.49097,-0.817535162,0.575473487,-0.0153472964,-0.0152025959
1222,0,23658da8-233b-4b62-9d1d-336fb653ecb5,StartingBlock,122.202148,5689.20996,,,,1,0,0,5,1,0,0,-33.876606,-947.691406,2676.07422,-0.817553759,0.575444877,-0.0155300768,-0.0150984097
1223,0,23658da8-233b-4b62-9d1d-336fb653ecb5,StartingBlock,122.302246,5689.31006,,,,1,0,0,5,1,0,0,-32.3031616,-917.265991,2679.7522,-0.817510962,0.575493217,-0.015884893,-0.0152052743
1224,0,23658da8-233b-4b62-9d1d-336fb653ecb5,StartingBlock,122.401855,5689.40967,,,,1,0,0,5,1,0,0,-30.7704506,-886.518921,2682.52637,-0.817570806,0.57539922,-0.0161891431,-0.0152224526
1225,0,23658da8-233b-4b62-9d1d-336fb653ecb5,StartingBlock,122.501953,5689.50977,,,,1,0,0,5,1,0,0,-29.2786541,-855.450317,2684.39551,-0.817641914,0.575301468,-0.0162778329,-0.0149962083
1226,0,23658da8-233b-4b62-9d1d-336fb653ecb5,StartingBlock,122.602051,5689.60986,,,,1,0,0,5,1,0,0,-27.8277378,-824.060242,2685.35986,-0.817548513,0.575426459,-0.0165521801,-0.0149987908
1227,0,23658da8-233b-4b62-9d1d-336fb653ecb5,StartingBlock,122.702148,5689.70996,,,,1,0,0,5,1,0,0,-26.4181252,-792.347534,2685.41528,-0.817619324,0.575322032,-0.0167542864,-0.014915565
1228,0,23658da8-233b-4b62-9d1d-336fb653ecb5,StartingBlock,122.802246,5689.81006,,,,1,0,0,5,1,0,0,-25.0499401,-760.312927,2684.56421,-0.81738627,0.575658023,-0.016813295,-0.0146612339
1229,0,23658da8-233b-4b62-9d1d-336fb653ecb5,StartingBlock,122.901855,5689.90967,,,,1,0,0,5,1,0,0,-23.722929,-727.957214,2682.80664,-0.817326665,0.575744748,-0.0169119705,-0.0144573618
1230,0,23658da8-233b-4b62-9d1d-336fb653ecb5,StartingBlock,123.001953,5690.00977,,,,1,0,0,5,1,0,0,-22.4366379,-695.280212,2680.14087,-0.817204237,0.57593298,-0.0168229192,-0.0139805237
1231,0,23658da8-233b-4b62-9d1d-336fb653ecb5,StartingBlock,123.102051,5690.10986,,,,1,0,0,5,1,0,0,-21.1905098,-662.282776,2676.56787,-0.817189574,0.575957954,-0.0168813914,-0.0137359062
1232,0,23658da8-233b-4b62-9d1d-336fb653ecb5,StartingBlock,123.202148,5690.20996,,,,1,0,0,5,1,0,0,-19.9842625,-628.966064,2672.09009,-0.817154169,0.576002777,-0.0171101354,-0.0136838239
1233,0,23658da8-233b-4b62-9d1d-336fb653ecb5,StartingBlock,123.302246,5690.31006,,,,1,0,0,5,1,0,0,-18.8179359,-595.330322,2666.70679,-0.817057133,0.576127708,-0.0174610764,-0.0137707824
1234,0,23658da8-233b-4b62-9d1d-336fb653ecb5,StartingBlock,123.401855,5690.40967,,,,1,0,0,5,1,0,0,-17.6917477,-561.376404,2660.41943,-0.817074001,0.576106787,-0.0175452754,-0.0135339219
1235,0,23658da8-233b-4b62-9d1d-336fb653ecb5,StartingBlock,123.501953,5690.50977,,,,1,0,0,5,1,0,0,-16.6054802,-527.105347,2653.23096,-0.817191601,0.575947106,-0.0175463408,-0.0132304579
1236,0,23658da8-233b-4b62-9d1d-336fb653ecb5,StartingBlock,123.602051,5690.60986,,,,1,0,0,5,1,0,0,-15.558938,-492.51532,2645.13647,-0.817181647,0.575963795,-0.0176302437,-0.0130065233
1237,0,23658da8-233b-4b62-9d1d-336fb653ecb5,StartingBlock,123.702148,5690.70996,,,,1,0,0,5,1,0,0,-14.5519619,-457.60498,2636.13232,-0.817346871,0.575733423,-0.0176917817,-0.0127355671
1238,0,23658da8-233b-4b62-9d1d-336fb653ecb5,StartingBlock,123.802246,5690.81006,,,,1,0,0,5,1,0,0,-13.5843906,-422.374542,2626.21973,-0.81734097,0.57574147,-0.0178495925,-0.0125321876
1239,0,23658da8-233b-4b62-9d1d-336fb653ecb5,StartingBlock,123.901855,5690.90967,,,,1,0,0,5,1,0,0,-12.6559963,-386.824615,2615.39966,-0.817232192,0.575897455,-0.0179298744,-0.0123376697
1240,0,23658da8-233b-4b62-9d1d-336fb653ecb5,StartingBlock,124.001953,5691.00977,,,,1,0,0,5,1,0,0,-11.7667036,-350.955139,2603.67114,-0.817265034,0.575842619,-0.0182184074,-0.0123022906
1241,0,23658da8-233b-4b62-9d1d-336fb653ecb5,StartingBlock,124.102051,5691.10986,,,,1,0,0,5,1,0,0,-10.9164152,-314.766479,2591.03418,-0.817283213,0.575826883,-0.0181519128,-0.0119226705
1242,0,23658da8-233b-4b62-9d1d-336fb653ecb5,StartingBlock,124.202148,5691.20996,,,,1,0,0,5,1,0,0,-10.1047411,-278.259583,2577.49121,-0.817216337,0.575923145,-0.0182454977,-0.0117119299
1243,0,23658da8-233b-4b62-9d1d-336fb653ecb5,StartingBlock,124.302246,5691.31006,,,,1,0,0,5,1,0,0,-9.3314209,-241.434677,2563.04102,-0.817117035,0.576061428,-0.0184175838,-0.0115712937
1244,0,23658da8-233b-4b62-9d1d-336fb653ecb5,StartingBlock,124.401855,5691.40967,,,,1,0,0,5,1,0,0,-8.59613037,-204.291107,2547.68164,-0.817274034,0.575852334,-0.0182993021,-0.0110683376
1245,0,23658da8-233b-4b62-9d1d-336fb653ecb5,StartingBlock,124.501953,5691.50977,,,,1,0,0,5,1,0,0,-7.89840078,-166.828857,2531.41309,-0.817330897,0.575772285,-0.018403152,-0.010855102
1246,0,23658da8-233b-4b62-9d1d-336fb653ecb5,StartingBlock,124.602051,5691.60986,,,,1,0,0,5,1,0,0,-7.23796654,-129.048203,2514.23584,-0.817315698,0.575793505,-0.0185218789,-0.0106670726
1247,0,23658da8-233b-4b62-9d1d-336fb653ecb5,StartingBlock,124.702148,5691.70996,,,,1,0,0,5,1,0,0,-6.61468601,-90.9492035,2496.14917,-0.817330956,0.575768173,-0.0187139809,-0.0105323065
1248,0,23658da8-233b-4b62-9d1d-336fb653ecb5,StartingBlock,124.802246,5691.81006,,,,1,0,0,5,1,0,0,-6.02855015,-52.5320702,2477.15356,-0.817384422,0.575680494,-0.0190279633,-0.0106159328
1249,0,23658da8-233b-4b62-9d1d-336fb653ecb5,StartingBlock,124.901855,5691.90967,,,,1,0,0,5,1,0,0,-5.47954798,-13.7972374,2457.24951,-0.817358732,0.575717509,-0.0191181321,-0.0104158483
1250,0,23658da8-233b-4b62-9d1d-336fb653ecb5,StartingBlock,125.001953,5692.00977,F,F,,1,0,0,5,1,0,0,-4.96747684,25.2545128,2436.43823,-0.815024734,0.579015553,-0.0192015283,-0.0103502311
1251,0,23658da8-233b-4b62-9d1d-336fb653ecb5,StartingBlock,125.102051,5692.10986,F,,,1,0,0,5,1,0,0,-4.48642015,64.5421448,2414.86548,-0.728827238,0.684354961,-0.0176470969,-0.0125622079
1252,0,23658da8-233b-4b62-9d1d-336fb653ecb5,StartingBlock,125.202148,5692.20996,,,F,1,0,0,5,1,0,0,-4.03908682,103.872353,2392.48584,-0.679559231,0.733308911,-0.0166675039,-0.0134004941
1253,0,23658da8-233b-4b62-9d1d-336fb653ecb5,StartingBlock,125.302246,5692.31006,,,,1,0,0,5,1,0,0,-3.63280034,143.131927,2369.13525,-0.679294527,0.733548999,-0.0169148277,-0.0133714955
1254,0,23658da8-233b-4b62-9d1d-336fb653ecb5,StartingBlock,125.401855,5692.40967,,,,1,0,0,5,1,0,0,-3.2672658,182.314896,2344.82642,-0.679379225,0.733467638,-0.0171113256,-0.0132794119
1255,0,23658da8-233b-4b62-9d1d-336fb653ecb5,StartingBlock,125.501953,5692.50977,F,F,,1,0,0,5,1,0,0,-2.94186854,221.422104,2319.57642,-0.664638042,0.746849,-0.0170332566,-0.013518787
1256,0,23658da8-233b-4b62-9d1d-336fb653ecb5,StartingBlock,125.602051,5692.60986,,,F,1,0,0,5,1,0,0,-2.64899826,260.417725,2293.57178,-0.554149628,0.832134485,-0.0150887575,-0.0155817699
1257,0,23658da8-233b-4b62-9d1d-336fb653ecb5,StartingBlock,125.702148,5692.70996,,,,1,0,0,5,1,0,0,-2.39431334,299.082825,2266.71655,-0.543690443,0.839008689,-0.0149807502,-0.0155159188
1258,0,23658da8-233b-4b62-9d1d-336fb653ecb5,StartingBlock,125.802246,5692.81006,,,,1,0,0,5,1,0,0,-2.1796608,337.353577,2238.97754,-0.543807864,0.838931561,-0.0151573615,-0.0153980097
1259,0,23658da8-233b-4b62-9d1d-336fb653ecb5,StartingBlock,125.901855,5692.90967,,,,1,0,0,5,1,0,0,-2.00503898,375.230103,2210.35669,-0.543645501,0.839042187,-0.0151375681,-0.0151244216
1260,0,23658da8-233b-4b62-9d1d-336fb653ecb5,StartingBlock,126.001953,5693.00977,F,,,1,0,0,5,1,0,0,-1.87032759,412.71225,2180.85474,-0.543690741,0.839016795,-0.0151642589,-0.0148769533
1261,0,23658da8-233b-4b62-9d1d-336fb653ecb5,StartingBlock,126.102051,5693.10986,F,F,,1,0,0,5,1,0,0,-1.77039754,449.835144,2150.5835,-0.452610254,0.891457915,-0.0135642141,-0.0162119921
1262,0,23658da8-233b-4b62-9d1d-336fb653ecb5,StartingBlock,126.202148,5693.20996,,,F,1,0,0,5,1,0,0,-1.69953465,486.497284,2119.70117,-0.358275026,0.933381259,-0.0118388375,-0.0172746386
1263,0,23658da8-233b-4b62-9d1d-336fb653ecb5,StartingBlock,126.302246,5693.31006,,,,1,0,0,5,1,0,0,-1.6618576,522.453857,2088.16016,-0.357322186,0.933751345,-0.0118165482,-0.0170191601
1264,0,23658da8-233b-4b62-9d1d-336fb653ecb5,StartingBlock,126.401855,5693.40967,,,,1,0,0,5,1,0,0,-1.65673113,557.696899,2055.97266,-0.357260168,0.933782339,-0.0117736207,-0.0166493151
1265,0,23658da8-233b-4b62-9d1d-336fb653ecb5,StartingBlock,126.501953,5693.50977,,,,1,0,0,5,1,0,0,-1.68403518,592.225098,2023.13818,-0.357303143,0.933764577,-0.0120319109,-0.0165363401
1266,0,23658da8-233b-4b62-9d1d-336fb653ecb5,StartingBlock,126.602051,5693.60986,,,,1,0,0,5,1,0,0,-1.74395216,626.037659,1989.65613,-0.357241452,0.933791518,-0.0121357469,-0.0162730217
1267,0,23658da8-233b-4b62-9d1d-336fb653ecb5,StartingBlock,126.702148,5693.70996,,,,1,0,0,5,1,0,0,-1.8366015,659.132996,1955.52539,-0.35708043,0.933857083,-0.0121477051,-0.0160322115
1268,0,23658da8-233b-4b62-9d1d-336fb653ecb5,StartingBlock,126.802246,5693.81006,,,,1,0,0,5,1,0,0,-1.96196616,691.510254,1920.74646,-0.357147187,0.933832228,-0.0123404674,-0.0158455838
1269,0,23658da8-233b-4b62-9d1d-336fb653ecb5,StartingBlock,126.901855,5693.90967,,,,1,0,0,5,1,0,0,-2.12017465,723.169739,1885.3197,-0.357167184,0.933824778,-0.0125295073,-0.0156841949
1270,0,23658da8-233b-4b62-9d1d-336fb653ecb5,StartingBlock,127.001953,5694.00977,,,,1,0,0,5,1,0,0,-2.31137466,754.110962,1849.24463,-0.357131034,0.933842599,-0.012578073,-0.0154043129
1271,0,23658da8-233b-4b62-9d1d-336fb653ecb5,StartingBlock,127.102051,5694.10986,F,,,1,0,0,5,1,0,0,-2.5355134,784.334106,1812.52209,-0.35706532,0.933870673,-0.0126119014,-0.0151938638
1272,0,23658da8-233b-4b62-9d1d-336fb653ecb5,StartingBlock,127.202148,5694.20996,,F,F,1,0,0,5,1,0,0,-2.78897452,813.898071,1775.22607,-0.283595741,0.958743751,-0.0114592928,-0.0158942528
1273,0,23658da8-233b-4b62-9d1d-336fb653ecb5,StartingBlock,127.302246,5694.31006,,,,1,0,0,5,1,0,0,-3.07126427,842.693054,1737.40588,-0.278608233,0.960210085,-0.0113658635,-0.0156519916
1274,0,23658da8-233b-4b62-9d1d-336fb653ecb5,StartingBlock,127.401855,5694.40967,,,,1,0,0,5,1,0,0,-3.38282681,870.672668,1699.06323,-0.278511137,0.960239053,-0.0115497764,-0.0154671734
1275,0,23658da8-233b-4b62-9d1d-336fb653ecb5,StartingBlock,127.501953,5694.50977,,,,1,0,0,5,1,0,0,-3.72370124,897.836914,1660.1991,-0.278611869,0.960214019,-0.0115293162,-0.015214256
1276,0,23658da8-233b-4b62-9d1d-336fb653ecb5,StartingBlock,127.602051,5694.60986,,,,1,0,0,5,1,0,0,-4.09386683,924.185242,1620.81311,-0.278630704,0.960211813,-0.0115763731,-0.0149723385
1277,0,23658da8-233b-4b62-9d1d-336fb653ecb5,StartingBlock,127.702148,5694.70996,,,,1,0,0,5,1,0,0,-4.49323845,949.717102,1580.90527,-0.278574258,0.960233033,-0.0115322564,-0.0146942055
1278,0,23658da8-233b-4b62-9d1d-336fb653ecb5,StartingBlock,127.802246,5694.81006,,,,1,0,0,5,1,0,0,-4.92165709,974.43219,1540.47571,-0.278532326,0.960247219,-0.011584878,-0.0145234121
1279,0,23658da8-233b-4b62-9d1d-336fb653ecb5,StartingBlock,127.901855,5694.90967,,,,1,0,0,5,1,0,0,-5.3790679,998.330322,1499.5249,-0.278548062,0.960246682,-0.0115740597,-0.0142644113
1280,0,23658da8-233b-4b62-9d1d-336fb653ecb5,StartingBlock,128.001953,5695.00977,,,,1,0,0,5,1,0,0,-5.86540699,1021.41199,1458.05359,-0.278386444,0.960294127,-0.0117571736,-0.0140673788
1281,0,23658da8-233b-4b62-9d1d-336fb653ecb5,StartingBlock,128.102051,5695.10986,,,,1,0,0,5,1,0,0,-6.38079166,1043.67688,1416.06201,-0.278440237,0.960281074,-0.0118301651,-0.0138350027
1282,0,23658da8-233b-4b62-9d1d-336fb653ecb5,StartingBlock,128.202148,5695.20996,,,,1,0,0,5,1,0,0,-6.92521572,1065.125,1373.55078,-0.278504372,0.960263193,-0.0119778086,-0.0136566609
1283,0,23658da8-233b-4b62-9d1d-336fb653ecb5,StartingBlock,128.302246,5695.31006,,,,1,0,0,5,1,0,0,-7.49882984,1085.75513,1330.51917,-0.278467327,0.960276544,-0.012070409,-0.0133914202
1284,0,23658da8-233b-4b62-9d1d-336fb653ecb5,StartingBlock,128.401855,5695.40967,,,,1,0,0,5,1,0,0,-8.10167789,1105.56665,1286.96765,-0.278427303,0.960289598,-0.0121872388,-0.0131755751
1285,0,23658da8-233b-4b62-9d1d-336fb653ecb5,StartingBlock,128.501953,5695.50977,F,F,,1,0,0,5,1,0,0,-8.73269558,1124.59119,1242.91833,-0.235774085,0.971641898,-0.0118029024,-0.0135366069
1286,0,23658da8-233b-4b62-9d1d-336fb653ecb5,StartingBlock,128.602051,5695.60986,,,F,1,0,0,5,1,0,0,-9.38770771,1142.86096,1198.48914,-0.180839092,0.983352005,-0.0109989336,-0.0139711769
1287,0,23658da8-233b-4b62-9d1d-336fb653ecb5,StartingBlock,128.702148,5695.70996,,,,1,0,0,5,1,0,0,-10.0684853,1160.22095,1153.70398,-0.180991769,0.983326197,-0.0110637816,-0.0137590328
1288,0,23658da8-233b-4b62-9d1d-336fb653ecb5,StartingBlock,128.802246,5695.81006,,,,1,0,0,5,1,0,0,-10.7747231,1176.67615,1108.56995,-0.180867314,0.983353496,-0.0109897777,-0.0134963105
1289,0,23658da8-233b-4b62-9d1d-336fb653ecb5,StartingBlock,128.901855,5695.90967,F,F,,1,0,0,5,1,0,0,-11.5062037,1192.22571,1063.08716,-0.180742651,0.983380437,-0.0108985975,-0.0132750431
1290,0,23658da8-233b-4b62-9d1d-336fb653ecb5,StartingBlock,129.001953,5696.00977,,,F,1,0,0,5,1,0,0,-12.259181,1206.96399,1017.31647,-0.101281561,0.994716108,-0.0095187379,-0.0138337873
1291,0,23658da8-233b-4b62-9d1d-336fb653ecb5,StartingBlock,129.102051,5696.10986,,,,1,0,0,5,1,0,0,-13.0327806,1220.77881,971.334839,-0.0987446532,0.994974494,-0.00946478639,-0.0136287846
1292,0,23658da8-233b-4b62-9d1d-336fb653ecb5,StartingBlock,129.202148,5696.20996,,,,1,0,0,5,1,0,0,-13.8268576,1233.64282,925.157166,-0.0987559259,0.994977057,-0.00940993801,-0.0133919753
1293,0,23658da8-233b-4b62-9d1d-336fb653ecb5,StartingBlock,129.302246,5696.31006,,,,1,0,0,5,1,0,0,-14.6412888,1245.5553,878.783691,-0.0988151655,0.994976401,-0.00924060121,-0.0131227151
1294,0,23658da8-233b-4b62-9d1d-336fb653ecb5,StartingBlock,129.401855,5696.40967,,,,1,0,0,5,1,0,0,-15.4757376,1256.51599,832.2146,-0.098874718,0.9949736,-0.00921518821,-0.0129038338
1295,0,23658da8-233b-4b62-9d1d-336fb653ecb5,StartingBlock,129.501953,5696.50977,,,,1,0,0,5,1,0,0,-16.3300247,1266.52368,785.450073,-0.0989649221,0.994967341,-0.00920184795,-0.0126994755
1296,0,23658da8-233b-4b62-9d1d-336fb653ecb5,StartingBlock,129.602051,5696.60986,,,,1,0,0,5,1,0,0,-17.2041016,1275.578,738.490173,-0.0989268571,0.994973958,-0.00922432262,-0.012459984
1297,0,23658da8-233b-4b62-9d1d-336fb653ecb5,StartingBlock,129.702148,5696.70996,,,,1,0,0,5,1,0,0,-18.0980167,1283.67871,691.335388,-0.0989144221,0.994976878,-0.00932737254,-0.0122466423
1298,0,23658da8-233b-4b62-9d1d-336fb653ecb5,StartingBlock,129.802246,5696.81006,,,,1,0,0,5,1,0,0,-19.0119762,1290.82544,643.986267,-0.0986869782,0.995001078,-0.0094545735,-0.0120145958
1299,0,23658da8-233b-4b62-9d1d-336fb653ecb5,StartingBlock,129.901855,5696.90967,,,,1,0,0,5,1,0,0,-19.9460278,1297.01709,596.443359,-0.0986913294,0.995004475,-0.00937339198,-0.0117624206
1300,0,23658da8-233b-4b62-9d1d-336fb653ecb5,StartingBlock,130.001953,5697.00977,,,,1,0,0,5,1,0,0,-20.9000149,1302.25366,548.707031,-0.0986567736,0.995010555,-0.00933982804,-0.0115592368
1301,0,23658da8-233b-4b62-9d1d-336fb653ecb5,StartingBlock,130.102051,5697.10986,,,,1,0,0,5,1,0,0,-21.8737316,1306.53479,500.777832,-0.0987125263,0.995007932,-0.00931685511,-0.0113307033
1302,0,23658da8-233b-4b62-9d1d-336fb653ecb5,StartingBlock,130.202148,5697.20996,,,,1,0,0,5,1,0,0,-22.8670979,1309.86047,452.656158,-0.0986748487,0.995014071,-0.00930688996,-0.0111183776
1303,0,23658da8-233b-4b62-9d1d-336fb653ecb5,StartingBlock,130.302246,5697.31006,,,,1,0,0,5,1,0,0,-23.8800659,1312.2301,404.342468,-0.0986808464,0.995015919,-0.00929163583,-0.0109147616
1304,0,23658da8-233b-4b62-9d1d-336fb653ecb5,StartingBlock,130.401855,5697.40967,,,,1,0,0,5,1,0,0,-24.9125748,1313.64343,355.837311,-0.0987126157,0.995015264,-0.00927628949,-0.01070044
1305,0,23658da8-233b-4b62-9d1d-336fb653ecb5,StartingBlock,130.501953,5697.50977,,,,1,0,0,5,1,0,0,-25.9645805,1314.1001,307.141022,-0.0987106487,0.995016694,-0.00937559828,-0.0104937023
1306,0,23658da8-233b-4b62-9d1d-336fb653ecb5,StartingBlock,130.602051,5697.60986,,,,1,0,0,5,1,0,0,-27.0360966,1313.59998,258.25415,-0.0987768248,0.995012403,-0.00937258452,-0.0102834785
1307,0,23658da8-233b-4b62-9d1d-336fb653ecb5,StartingBlock,130.702148,5697.70996,,F,F,1,0,0,5,1,0,0,-28.1255798,1312.21204,209.196686,-0.0257618316,0.999573469,-0.00858467817,-0.0107544046
1308,0,23658da8-233b-4b62-9d1d-336fb653ecb5,StartingBlock,130.802246,5697.81006,,,,1,0,0,5,1,0,0,-29.2303886,1309.9397,160.081253,0.00107562961,0.999906898,-0.00828211289,-0.0107955337
1309,0,23658da8-233b-4b62-9d1d-336fb653ecb5,StartingBlock,130.901855,5697.90967,,,,1,0,0,5,1,0,0,-30.3507977,1306.68713,110.964668,0.00112319528,0.999908924,-0.00827463064,-0.0106023569
1310,0,23658da8-233b-4b62-9d1d-336fb653ecb5,StartingBlock,131.001953,5698.00977,,,,1,0,0,5,1,0,0,-31.48666,1302.45825,61.8488846,0.00116821448,0.999911427,-0.00822405331,-0.0104035074
1311,0,23658da8-233b-4b62-9d1d-336fb653ecb5,StartingBlock,131.102051,5698.10986,,,,1,0,0,5,1,0,0,-32.6379318,1297.25281,12.7345486,0.00110797561,0.999913514,-0.00822527055,-0.0102031883
1312,0,23658da8-233b-4b62-9d1d-336fb653ecb5,StartingBlock,131.202148,5698.20996,,,,1,0,0,5,1,0,0,-33.8045921,1291.07117,-36.377739,0.00111813331,0.999915361,-0.00825559255,-0.00999917835
1313,0,23658da8-233b-4b62-9d1d-336fb653ecb5,StartingBlock,131.302246,5698.31006,,,,1,0,0,5,1,0,0,-34.9866333,1283.91296,-85.4873657,0.00109139713,0.999917269,-0.00826628879,-0.00979726762
1314,0,23658da8-233b-4b62-9d1d-336fb653ecb5,StartingBlock,131.401855,5698.40967,,,,1,0,0,5,1,0,0,-36.1840401,1275.7782,-134.593765,0.00109277491,0.999919176,-0.00826989114,-0.0095947776
1315,0,23658da8-233b-4b62-9d1d-336fb653ecb5,StartingBlock,131.501953,5698.50977,,,,1,0,0,5,1,0,0,-37.3967972,1266.66687,-183.69632,0.00108865264,0.999921143,-0.00826603174,-0.00940182619
1316,0,23658da8-233b-4b62-9d1d-336fb653ecb5,StartingBlock,131.602051,5698.60986,,,,1,0,0,5,1,0,0,-38.6248856,1256.57898,-232.794357,0.00108975312,0.999922872,-0.00827397872,-0.00920584518
1317,0,23658da8-233b-4b62-9d1d-336fb653ecb5,StartingBlock,131.702148,5698.70996,,,,1,0,0,5,1,0,0,-39.8682899,1245.51453,-281.887238,0.00107840635,0.999925137,-0.00820820034,-0.00901252124
1318,0,23658da8-233b-4b62-9d1d-336fb653ecb5,StartingBlock,131.802246,5698.81006,,,,1,0,0,5,1,0,0,-41.1269531,1233.47351,-330.974426,0.00106867717,0.999927282,-0.00816063955,-0.00882401504
1319,0,23658da8-233b-4b62-9d1d-336fb653ecb5,StartingBlock,131.901855,5698.90967,,,,1,0,0,5,1,0,0,-42.4007721,1220.45593,-380.055145,0.00107936794,0.999928951,-0.00813770108,-0.0086506838
1320,0,23658da8-233b-4b62-9d1d-336fb653ecb5,StartingBlock,132.001953,5699.00977,,,,1,0,0,5,1,0,0,-43.6896553,1206.46179,-429.128723,0.00108785741,0.99993068,-0.00813850109,-0.00844348222
1321,0,23658da8-233b-4b62-9d1d-336fb653ecb5,StartingBlock,132.102051,5699.10986,,,,1,0,0,5,1,0,0,-44.9935837,1191.49109,-478.19458,0.00109424954,0.99993217,-0.00815378688,-0.00824337825
1322,0,23658da8-233b-4b62-9d1d-336fb653ecb5,StartingBlock,132.202148,5699.20996,,,,1,0,0,5,1,0,0,-46.312561,1175.54382,-527.251953,0.0010724141,0.999933839,-0.00815219153,-0.00805080961
1323,0,23658da8-233b-4b62-9d1d-336fb653ecb5,StartingBlock,132.302246,5699.31006,,,,1,0,0,5,1,0,0,-47.6465607,1158.62,-576.300293,0.00107360166,0.999935389,-0.0081609292,-0.00784708373
